State,Department,Website,District,Block
Telangana,"Animal Husbadry & Veterinary Department(DVH), Nalgonda",RTI_telangana,Nalgonda,Nalgonda
Telangana,"Animal Husbadry & Veterinary Department(ISDP),Nalgonda",RTI_telangana,Nalgonda,Nalgonda
Telangana,"Animal Husbadry & Veterinary Department(PVC), Chendurthi",RTI_telangana,Chendurthi,Chendurthi
Telangana,"Animal Husbadry & Veterinary Department(PVC), Hanmajipet",RTI_telangana,Hanmajipet,Hanmajipet
Telangana,"Animal Husbadry & Veterinary Department(PVC), Mustabad",RTI_telangana,Mustabad,Mustabad
Telangana,"Animal Husbadry & Veterinary Department(PVC), Vemulawada (U",RTI_telangana,Vemulawada (U,Vemulawada (U
Telangana,Tahsildar Veenavanka,RTI_telangana,Karimnagar,Veenavanka
Telangana,"Animal Husbadry & Veterinary Department(ADDL), Nalgonda",RTI_telangana,Nalgonda,NA
Telangana,Animal Husbadry & Veterinary Department(AVH) Kollapoor,RTI_telangana,Kollapoor,NA
Telangana,"Animal Husbadry & Veterinary Department(DV&AHO), Nagarkurnool",RTI_telangana,Nagarkurnool,NA
Telangana,"Animal Husbadry & Veterinary Department(PVC) , Thangallapalli",RTI_telangana,Thangallapalli,NA
Telangana,"Animal Husbadry & Veterinary Department(PVC), Amrabad",RTI_telangana,Amrabad,NA
Telangana,"Animal Husbadry & Veterinary Department(PVC), Boinpalli",RTI_telangana,Boinpalli,NA
Telangana,"Animal Husbadry & Veterinary Department(PVC), Cheerlavancha",RTI_telangana,Cheerlavancha,NA
Telangana,"Animal Husbadry & Veterinary Department(PVC), Ellanthakunta",RTI_telangana,Ellanthakunta,NA
Telangana,"Animal Husbadry & Veterinary Department(PVC), Galipalli",RTI_telangana,Galipalli,NA
Telangana,"Animal Husbadry & Veterinary Department(PVC), Gambhiraopet",RTI_telangana,Gambhiraopet,NA
Telangana,"Animal Husbadry & Veterinary Department(PVC), Gollapalli",RTI_telangana,Gollapalli,NA
Telangana,"Animal Husbadry & Veterinary Department(PVC), Konaraopet",RTI_telangana,Konaraopet,NA
Telangana,"Animal Husbadry & Veterinary Department(PVC), Lingal",RTI_telangana,Lingal,NA
Telangana,"Animal Husbadry & Veterinary Department(PVC), Manala",RTI_telangana,Manala,NA
Telangana,"Animal Husbadry & Veterinary Department(PVC), Nizamabad",RTI_telangana,Nizamabad,NA
Telangana,"Animal Husbadry & Veterinary Department(PVC), Rudhrangi",RTI_telangana,Rudhrangi,NA
Telangana,"Animal Husbadry & Veterinary Department(PVC), Uppununthala",RTI_telangana,Uppununthala,NA
Telangana,"Animal Husbadry & Veterinary Department(PVC), Vilasagar",RTI_telangana,Vilasagar,NA
Telangana,"Animal Husbadry & Veterinary Department(PVC), Yellareddypet",RTI_telangana,Yellareddypet,NA
Telangana,Animal Husbandry & Veterinary Department(DVAHO) Mahabubnagar,RTI_telangana,Mahabubnagar,NA
Telangana,Animal Husbandry & Veterinary Department(DVAHO)) Janagaon,RTI_telangana,) Janagaon,NA
Telangana,"Animal Husbandry&Veterinary Department,Alwal",RTI_telangana,Alwal,NA
Telangana,"Animal Husbandry&Veterinary Department,Balanagar",RTI_telangana,Balanagar,NA
Telangana,"Animal Husbandry&Veterinary Department,Dabilpur",RTI_telangana,Dabilpur,NA
Telangana,"Animal Husbandry&Veterinary Department,Devara Yamjal",RTI_telangana,Devara Yamjal,NA
Telangana,"Animal Husbandry&Veterinary Department,Dundigal",RTI_telangana,Dundigal,NA
Telangana,"Animal Husbandry&Veterinary Department,Ghatkesar",RTI_telangana,Ghatkesar,NA
Telangana,"Animal Husbandry&Veterinary Department,Keesara",RTI_telangana,Keesara,NA
Telangana,"Animal Husbandry&Veterinary Department,Kukatpally",RTI_telangana,Kukatpally,NA
Telangana,"Animal Husbandry&Veterinary Department,Malkajgiri",RTI_telangana,Malkajgiri,NA
Telangana,"Animal Husbandry&Veterinary Department,Medchal",RTI_telangana,Medchal,NA
Telangana,"Animal Husbandry&Veterinary Department,Nagaram",RTI_telangana,Nagaram,NA
Telangana,"Animal Husbandry&Veterinary Department,Pocharam",RTI_telangana,Pocharam,NA
Telangana,"Animal Husbandry&Veterinary Department,Pudur",RTI_telangana,Pudur,NA
Telangana,"Animal Husbandry&Veterinary Department,Quthbullapur",RTI_telangana,Quthbullapur,NA
Telangana,"Animal Husbandry&Veterinary Department,Shamirpet",RTI_telangana,Shamirpet,NA
Telangana,"Animal Husbandry&Veterinary Department,Uddemarry",RTI_telangana,Uddemarry,NA
Telangana,"Animal Husbandry&Veterinary Department,Uppal",RTI_telangana,Uppal,NA
Telangana,"Animal Husbandry&Veterinary Department,Uppal,M.C. Pally",RTI_telangana,M.C. Pally,NA
Telangana,"BC Welfare Department,Mulugu",RTI_telangana,Mulugu,NA
Telangana,Collectorate Mancherial,RTI_telangana,Mancherial,NA
Telangana,"Cooperative Department,Jagtial",RTI_telangana,Jagtial,NA
Telangana,"Drugs Control Administration, Siddipet",RTI_telangana,Siddipet,NA
Telangana,"Educational Department,Narayanpet",RTI_telangana,Narayanpet,NA
Telangana,"Ground Water Department, Suryapet",RTI_telangana,Suryapet,NA
Telangana,"Ground Water Department, Vikarabad",RTI_telangana,Vikarabad,NA
Telangana,"Ground Water Department, Yadadri Bhuvanagiri",RTI_telangana,Yadadri Bhuvanagiri,NA
Telangana,"Ground Water Department, Adilabad",RTI_telangana,Adilabad,NA
Telangana,"Ground Water Department, Hanamkonda",RTI_telangana,Hanamkonda,NA
Telangana,"Ground Water Department, Hyderabad (Nampally)",RTI_telangana,Hyderabad,Nampally
Telangana,"Ground Water Department, Jagitial District",RTI_telangana,Jagtial,NA
Telangana,"Ground Water Department, Kamareddy District",RTI_telangana,Kamareddy,NA
Telangana,"Ground Water Department, Karimnagar",RTI_telangana,Karimnagar,NA
Telangana,"Ground Water Department, Komaram Bheem Asifabad",RTI_telangana,Komaram Bheem Asifabad,NA
Telangana,"Ground Water Department, Mancherial",RTI_telangana,Mancherial,NA
Telangana,"Ground Water Department, Medak District",RTI_telangana,Medak,NA
Telangana,"Ground Water Department, Nagarkurnool District",RTI_telangana,Nagarkurnool,NA
Telangana,"Ground Water Department, Nizamabad District",RTI_telangana,Nizamabad,NA
Telangana,"Ground Water Department, Peddapalli District",RTI_telangana,Peddapalli,NA
Telangana,"Ground Water Department, Rajanna Sircilla District",RTI_telangana,Rajanna Sircilla,NA
Telangana,"Ground Water Department, Siddipet District",RTI_telangana,Siddipet,NA
Telangana,"Ground Water Department, Wanaparthy",RTI_telangana,Wanaparthy,NA
Telangana,"Ground Water Department, Warangal Rural District",RTI_telangana,Warangal,NA
Telangana,Health Medical & Family Welfare Department(DM&HO) Narsampet,RTI_telangana,Narsampet,NA
Telangana,Health Medical & Family Welfare Department(DM&HO) Wardhannapet,RTI_telangana,Wardhannapet,NA
Telangana,Health Medical & Family Welfare Department(PHC) Chennaraopet,RTI_telangana,Chennaraopet,NA
Telangana,Health Medical & Family Welfare Department(PHC) Medapally,RTI_telangana,Medapally,NA
Telangana,Health Medical & Family Welfare Department(PHC) Nekkonda,RTI_telangana,Nekkonda,NA
Telangana,Health Medical & Family Welfare Department(PHC) Paidipally,RTI_telangana,Paidipally,NA
Telangana,Health Medical & Family Welfare Department(PHC) Parvathagiri,RTI_telangana,Parvathagiri,NA
Telangana,"Health Medical & Family Welfare Department(PHC), Banojipet",RTI_telangana,Banojipet,NA
Telangana,"Health Medical & Family Welfare Department(PHC), Geesugonda",RTI_telangana,Geesugonda,NA
Telangana,"Health Medical & Family Welfare Department(PHC), Nallabelly",RTI_telangana,Nallabelly,NA
Telangana,"Health Medical & Family Welfare Department(PHC), Sangem",RTI_telangana,Sangem,NA
Telangana,"Health Medical & Family Welfare Department(PHC),Alankanipet",RTI_telangana,Alankanipet,NA
Telangana,Health Medical & Family Welfare Department(PHC)Duggondi,RTI_telangana,Duggondi,NA
Telangana,Health Medical & Family Welfare Department(PHC)Keshavapur,RTI_telangana,Keshavapur,NA
Telangana,Health Medical & Family Welfare Department(PHC)Khanapur,RTI_telangana,Khanapur,NA
Telangana,Health Medical & Family Welfare Department(PHC)Raiparthy,RTI_telangana,Raiparthy,NA
Telangana,"Health Medical & Family Welfare (HM&FW),Koti ,Hyderabad",RTI_telangana,Hyderabad,NA
Telangana,"Health,Medical and Family welfare Department,Palwancha",RTI_telangana,Palwancha,NA
Telangana,"Health,Medical&Family welfare Department, Kamareddy",RTI_telangana,Kamareddy,NA
Telangana,"Home Department(Addl DGP, CID),TG,Hyderabad",RTI_telangana,Hyderabad,NA
Telangana,"Home Department(Anti-Narcotics Bureau),Hyderabd",RTI_telangana,Hyderabd,NA
Telangana,"Industries &Commerce Department,Kazipet",RTI_telangana,Kazipet,NA
Telangana,"Industries&Commerce Department, Kamareddy",RTI_telangana,Kamareddy,NA
Telangana,"Industries&Commerce Department,Jagtial",RTI_telangana,Jagtial,NA
Telangana,"Industries&Commerce Department,Medak",RTI_telangana,Medak,NA
Telangana,Information Technology Electronics and Communications Department,RTI_telangana,NA,NA
Telangana,Information Technology Electronics and Communications Department (IT),RTI_telangana,NA,NA
Telangana,"Irrigation & CAD (IW&PW) Department, Division 4, Jangaon",RTI_telangana,Jangaon,Jangaon
Telangana,"Irrigation & CAD(IW&PW) Department, Division No.3, K.C.Colony",RTI_telangana,Warangal,K.C.Colony
Telangana,"Irrigation & CAD(IW&PW) Department, Division 5, Jangaon",RTI_telangana,Jangaon,NA
Telangana,"Irrigation & CAD(IW&PW) Department, Division 6, Palakurthy",RTI_telangana,Palakurthy,NA
Telangana,"Irrigation & CAD(IW&PW) Department, Division No.1, Parkal",RTI_telangana,Parkal,NA
Telangana,"Irrigation & CAD(IW&PW) Department, Division No.2, Nakkalagutta",RTI_telangana,Nakkalagutta,NA
Telangana,"Irrigation & CAD(IW&PW) Department, Division No.7, R.S.Ghanpur",RTI_telangana,R.S.Ghanpur,NA
Telangana,"Irrigation & CAD(IW&PW) Department, Jangaon",RTI_telangana,Jangaon,NA
Telangana,"Irrigation & CAD(IW&PW) Department, Irrigation Circle,Hanumakonda",RTI_telangana,Hanamkonda,NA
Telangana,Media Academy of Telangana State,RTI_telangana,NA,NA
Telangana,"Mines & Geology Department, Jayashankar Bhupalapally",RTI_telangana,Jayashankar Bhupalapally,Jayashankar Bhupalapally
Telangana,"Minorities Welfare Department, Warangal",RTI_telangana,Warangal,NA
Telangana,"Panchayat Raj&Rural Development, Jagitial",RTI_telangana,Jagtial,Jayashankar Bhupalapally
Telangana,"Planning Department,Narayanpet",RTI_telangana,Narayanpet,NA
Telangana,"Revenue Department,,Narayanpet",RTI_telangana,Narayanpet,Jayashankar Bhupalapally
Telangana,"Revenue Dept,(Pentlavelly)Nagarkurnool",RTI_telangana,Nagarkurnool,NA
Telangana,"S.C. Development Department,Kothagudem",RTI_telangana,Bhadradri Kothagudem,Jayashankar Bhupalapally
Telangana,"Scheduled Castes Service (Coordn)Development Department,Kotagudem",RTI_telangana,Kotagudem,NA
Telangana,"Tahsildar, Danthalapalli",RTI_telangana,Danthalapalli,Jayashankar Bhupalapally
Telangana,Thasildar VSaidapoor,RTI_telangana,Karimnagar,Saidapur
Telangana,"(R&B) NH Sub Division,Khammam",RTI_telangana,Khammam,Khammam
Telangana,"(R&B) NH Sub Division,Kothagudem",RTI_telangana,Bhadradri Kothagudem,Kothagudem
Telangana,"(R&B) NH Sub Division,Suryapet",RTI_telangana,Suryapet,Suryapet
Telangana,Animal Husbadry & Veterinary Department((DV&AHO). Vikarabad,RTI_telangana,Vikarabad,. Vikarabad
Telangana,"Animal Husbadry & Veterinary Departmentr,Warangal",RTI_telangana,Warangal,Warangal
Telangana,Animal Husbandry & Veterinary Department(DVAHO).Mulugu,RTI_telangana,Mulugu,.Mulugu
Telangana,"0/o Tahsildar, Chityal Mandal Jayashankar Bhupalpally District",RTI_telangana,Jayashankar Bhupalapally,Chityal Mandal Jayashankar Bhupalpally District
Telangana,"Adult Education, lakdikapul Hyderabad",RTI_telangana,Hyderabad,lakdikapul Hyderabad
Telangana,"Agricultural & Co-Opration Department,Nizamabad",RTI_telangana,Nizamabad,Nizamabad
Telangana,"Agricultural &Cooperation Department(Agricultural Marketing),jangaon",RTI_telangana,Jangaon,jangaon
Telangana,"Agricultural &Cooperation Department(MarkFed Office), Jangaon",RTI_telangana,Jangaon,Jangaon
Telangana,Agriculture & Cooperation Department J Gadwal,RTI_telangana,NA,NA
Telangana,"Agriculture & Cooperation Department, Ranga Reddy",RTI_telangana,Ranga Reddy,NA
Telangana,"Agriculture & Cooperation Department, Alampur",RTI_telangana,Alampur,NA
Telangana,"Agriculture & Cooperation Department, Gadwal",RTI_telangana,Gadwal,NA
Telangana,"Agriculture & Cooperation Department,Hyderabad",RTI_telangana,Hyderabad,NA
Telangana,"Agriculture & Co-operation Department,Hyderabad",RTI_telangana,Hyderabad,NA
Telangana,"Agriculture &Cooperation Department,Kothagudem",RTI_telangana,Bhadradri Kothagudem,Kothagudem
Telangana,"Agriculture &Cooperation Department,Laxmidevipally",RTI_telangana,Bhadradri Kothagudem,Laxmidevipally
Telangana,"Agriculture &Cooperation Department,Medchal",RTI_telangana,Medchal-Malkajgiri,Medchal
Telangana,Agriculture (SECT),RTI_telangana,NA,NA
Telangana,Agriculture and cooperation Department(Horticulture and Sericulture),RTI_telangana,NA,NA
Telangana,"Agriculture and Co-operation Department, Hyderabad",RTI_telangana,Hyderabad,NA
Telangana,"Agriculture and co-operation department,Mahabubabad",RTI_telangana,Mahabubabad,NA
Telangana,"Agriculture& Cooperation Department, Ghanpur (Stn)",RTI_telangana,Ghanpur (Stn),NA
Telangana,"Agriculture& Cooperation Department, Bachannapet",RTI_telangana,Bachannapet,NA
Telangana,"Agriculture& Cooperation Department, Devaruppula",RTI_telangana,Devaruppula,NA
Telangana,"Agriculture& Cooperation Department, Jangaon",RTI_telangana,Jangaon,NA
Telangana,"Agriculture& Cooperation Department, Kodakandla",RTI_telangana,Kodakandla,NA
Telangana,"Agriculture& Cooperation Department, Lingala Ghanpur",RTI_telangana,Lingala Ghanpur,NA
Telangana,"Agriculture& Cooperation Department, Palakurthy",RTI_telangana,Palakurthy,NA
Telangana,"Agriculture& Cooperation Department, Raghunathpally",RTI_telangana,Raghunathpally,NA
Telangana,"Agriculture& Cooperation Department, Tharigoppula",RTI_telangana,Tharigoppula,NA
Telangana,"Agriculture& Cooperation Department, Wadlakonda Road",RTI_telangana,Wadlakonda Road,NA
Telangana,"Agriculture& Cooperation Department, Wadlakonda Road,Jangaon",RTI_telangana,Jangaon,NA
Telangana,"Agriculture& Cooperation Department, Zaffergadh",RTI_telangana,Zaffergadh,NA
Telangana,"Agriculture& Cooperation Department,Chilpur",RTI_telangana,Chilpur,NA
Telangana,"Agriculture& Cooperation Department,Ghanpur (Stn)",RTI_telangana,Ghanpur (Stn),NA
Telangana,"Agriculture& Cooperation Department,Narmetta",RTI_telangana,Narmetta,NA
Telangana,"Agriculture&Cooperatiion Department,Asifabad",RTI_telangana,Asifabad,NA
Telangana,Agriculture&Cooperation ( AGRIL.MARKETING DEPARTMENT ) BHONGIR,RTI_telangana,BHONGIR,NA
Telangana,"Agriculture&Cooperation (Horticulture )Department,Medak",RTI_telangana,Medak,NA
Telangana,"Agriculture&Cooperation Department( Markiting),Narayanpet",RTI_telangana,Narayanpet,NA
Telangana,"Agriculture&Cooperation Department(Agricultural Marketing ),Khammam",RTI_telangana,Khammam,NA
Telangana,Agriculture&Cooperation Department(Markfed)Narayanpet,RTI_telangana,Narayanpet,NA
Telangana,"Agriculture&Cooperation Department, ( R) Kodangal",RTI_telangana,( R) Kodangal,NA
Telangana,"Agriculture&Cooperation Department, ( R) Tandur",RTI_telangana,( R) Tandur,NA
Telangana,"Agriculture&Cooperation Department, ( R) Vikarabad",RTI_telangana,Vikarabad,NA
Telangana,"Agriculture&Cooperation Department, Kamareddy",RTI_telangana,Kamareddy,NA
Telangana,"Agriculture&Cooperation Department, Mahabubnagar",RTI_telangana,Mahabubnagar,NA
Telangana,"Agriculture&Cooperation department, Makthal",RTI_telangana,Makthal,NA
Telangana,"Agriculture&Cooperation Department, Mancherial",RTI_telangana,Mancherial,NA
Telangana,"Agriculture&Cooperation department, Narayanpet",RTI_telangana,Narayanpet,NA
Telangana,"Agriculture&Cooperation Department, Warangal",RTI_telangana,Warangal,NA
Telangana,"Agriculture&Cooperation Department, Yadadri Bhuvanagir",RTI_telangana,Yadadri Bhuvanagir,NA
Telangana,"Agriculture&Cooperation Department,Adilabad",RTI_telangana,Adilabad,NA
Telangana,"Agriculture&Cooperation Department,Kamareddy",RTI_telangana,Kamareddy,NA
Telangana,"Agriculture&Cooperation department,Kosgi",RTI_telangana,Kosgi,NA
Telangana,"Agriculture&Cooperation Department,Mahabubnagar",RTI_telangana,Mahabubnagar,NA
Telangana,"Agriculture&Cooperation Department,Medak",RTI_telangana,Medak,NA
Telangana,"Agriculture&Cooperation Department,Mulugu",RTI_telangana,Mulugu,NA
Telangana,"Agriculture&Cooperation Department,Nagarkurnool",RTI_telangana,Nagarkurnool,NA
Telangana,"Agriculture&Cooperation Department,Nizamabad",RTI_telangana,Nizamabad,NA
Telangana,"Agriculture&Cooperation Department,Vikarabad",RTI_telangana,Vikarabad,NA
Telangana,Agriculture&Co-operationDept(ProfessorJayashankarTGAgroUniversity),RTI_telangana,NA,NA
Telangana,"AGRIL. MARKET COMMITTEE, MOTHKUR",RTI_telangana,MOTHKUR,NA
Telangana,"AGRIL.MARKET COMMITTEE VALIGONDA HQ, RAMANNAPET",RTI_telangana,RAMANNAPET,NA
Telangana,"AGRIL.MARKET COMMITTEE, ALAIR,Yadadri",RTI_telangana,Yadadri,NA
Telangana,"AGRIL.MARKET COMMITTEE,CHOTUPPAL",RTI_telangana,CHOTUPPAL,NA
Telangana,"Animal Huasbandry&Fisheries Department,Kothagudem",RTI_telangana,Bhadradri Kothagudem,NA
Telangana,Animal Husbadry & Veterinary Department,RTI_telangana,NA,NA
Telangana,"Animal Husbadry & Veterinary Department((AVH), Peddapally",RTI_telangana,Peddapally,NA
Telangana,Animal Husbadry & Veterinary Department((DV&AHO) Kothagudem,RTI_telangana,Bhadradri Kothagudem,NA
Telangana,Animal Husbadry & Veterinary Department((DV&AHO) Medak,RTI_telangana,Medak,NA
Telangana,Animal Husbadry & Veterinary Department((DV&AHO) Wanaparthy,RTI_telangana,Wanaparthy,NA
Telangana,"Animal Husbadry & Veterinary Department((DV&AHO), Rajanna Sircilla",RTI_telangana,Rajanna Sircilla,NA
Telangana,"Animal Husbadry & Veterinary Department((DV&AHO), Hanumakonda",RTI_telangana,Hanamkonda,NA
Telangana,"Animal Husbadry & Veterinary Department((DV&AHO),KAMAREDDY",RTI_telangana,Kamareddy,NA
Telangana,"Animal Husbadry & Veterinary Department((DV&AHO),Khammam",RTI_telangana,Khammam,NA
Telangana,"Animal Husbadry & Veterinary Department((DV&AHO),Nirmal",RTI_telangana,Nirmal,NA
Telangana,"Animal Husbadry & Veterinary Department((DV&AHO),Nizamabad",RTI_telangana,Nizamabad,NA
Telangana,Animal Husbadry & Veterinary Department(A.V.H). Kodangl,RTI_telangana,. Kodangl,NA
Telangana,Animal Husbadry & Veterinary Department(A.V.H). Marpally,RTI_telangana,. Marpally,NA
Telangana,Animal Husbadry & Veterinary Department(A.V.H). Parigi,RTI_telangana,. Parigi,NA
Telangana,Animal Husbadry & Veterinary Department(A.V.H). Vikarabad,RTI_telangana,Vikarabad,NA
Telangana,Animal Husbadry & Veterinary Department(A.V.H).Thandur,RTI_telangana,.Thandur,NA
Telangana,Animal Husbadry & Veterinary Department(ADDL) Adilabad,RTI_telangana,Adilabad,NA
Telangana,Animal Husbadry & Veterinary Department(ADDL) Mahabubnagar,RTI_telangana,Mahabubnagar,NA
Telangana,Animal Husbadry & Veterinary Department(ADDL) Sangareddy,RTI_telangana,Sangareddy,NA
Telangana,"Animal Husbadry & Veterinary Department(ADDL), Hanumakonda",RTI_telangana,Hanamkonda,NA
Telangana,"Animal Husbadry & Veterinary Department(ADDL), Karimnagar",RTI_telangana,Karimnagar,NA
Telangana,"Animal Husbadry & Veterinary Department(ADDL),Nizamabad",RTI_telangana,Nizamabad,NA
Telangana,"Animal Husbadry & Veterinary Department(AH, ISDP), Hanumakonda",RTI_telangana,Hanamkonda,NA
Telangana,Animal Husbadry & Veterinary Department(AVH) Achampet,RTI_telangana,Achampet,NA
Telangana,Animal Husbadry & Veterinary Department(AVH) Alampur,RTI_telangana,Alampur,NA
Telangana,Animal Husbadry & Veterinary Department(AVH) Armoor,RTI_telangana,Armoor,NA
Telangana,Animal Husbadry & Veterinary Department(AVH) Aswaraopeta,RTI_telangana,Aswaraopeta,NA
Telangana,Animal Husbadry & Veterinary Department(AVH) Atmakur,RTI_telangana,Atmakur,NA
Telangana,Animal Husbadry & Veterinary Department(AVH) Badepally,RTI_telangana,Badepally,NA
Telangana,Animal Husbadry & Veterinary Department(AVH) Bhadrachalam,RTI_telangana,Bhadrachalam,NA
Telangana,Animal Husbadry & Veterinary Department(AVH) Boath,RTI_telangana,Boath,NA
Telangana,Animal Husbadry & Veterinary Department(AVH) Burgampahad,RTI_telangana,Burgampahad,NA
Telangana,Animal Husbadry & Veterinary Department(AVH) Cherial,RTI_telangana,Cherial,NA
Telangana,Animal Husbadry & Veterinary Department(AVH) Chevella,RTI_telangana,Chevella,NA
Telangana,Animal Husbadry & Veterinary Department(AVH) Chityal,RTI_telangana,Chityal,NA
Telangana,Animal Husbadry & Veterinary Department(AVH) Dubbak,RTI_telangana,Dubbak,NA
Telangana,Animal Husbadry & Veterinary Department(AVH) Gadwal,RTI_telangana,Gadwal,NA
Telangana,Animal Husbadry & Veterinary Department(AVH) Gajwel,RTI_telangana,Gajwel,NA
Telangana,Animal Husbadry & Veterinary Department(AVH) Gudur,RTI_telangana,Gudur,NA
Telangana,Animal Husbadry & Veterinary Department(AVH) Husnabad,RTI_telangana,Husnabad,NA
Telangana,Animal Husbadry & Veterinary Department(AVH) Ibrahimpatnam,RTI_telangana,Ibrahimpatnam,NA
Telangana,Animal Husbadry & Veterinary Department(AVH) Jagtial,RTI_telangana,Jagtial,NA
Telangana,Animal Husbadry & Veterinary Department(AVH) Jogipet,RTI_telangana,Jogipet,NA
Telangana,Animal Husbadry & Veterinary Department(AVH) Kalwakurthy,RTI_telangana,Kalwakurthy,NA
Telangana,Animal Husbadry & Veterinary Department(AVH) Khanapur,RTI_telangana,Khanapur,NA
Telangana,Animal Husbadry & Veterinary Department(AVH) KOTHAGUDEM,RTI_telangana,Bhadradri Kothagudem,NA
Telangana,Animal Husbadry & Veterinary Department(AVH) Maheshwaram,RTI_telangana,Maheshwaram,NA
Telangana,Animal Husbadry & Veterinary Department(AVH) Makthal,RTI_telangana,Makthal,NA
Telangana,Animal Husbadry & Veterinary Department(AVH) Medak,RTI_telangana,Medak,NA
Telangana,Animal Husbadry & Veterinary Department(AVH) Metpelly,RTI_telangana,Metpelly,NA
Telangana,Animal Husbadry & Veterinary Department(AVH) Mulkanoor,RTI_telangana,Mulkanoor,NA
Telangana,Animal Husbadry & Veterinary Department(AVH) Nagarkurnool,RTI_telangana,Nagarkurnool,NA
Telangana,Animal Husbadry & Veterinary Department(AVH) Narayankhed,RTI_telangana,Narayankhed,NA
Telangana,Animal Husbadry & Veterinary Department(AVH) Narsapur,RTI_telangana,Narsapur,NA
Telangana,Animal Husbadry & Veterinary Department(AVH) Nirmal,RTI_telangana,Nirmal,NA
Telangana,Animal Husbadry & Veterinary Department(AVH) Paloncha,RTI_telangana,Paloncha,NA
Telangana,Animal Husbadry & Veterinary Department(AVH) Patancheru,RTI_telangana,Patancheru,NA
Telangana,Animal Husbadry & Veterinary Department(AVH) Sadashivpet,RTI_telangana,Sadashivpet,NA
Telangana,Animal Husbadry & Veterinary Department(AVH) Shadnagar,RTI_telangana,Shadnagar,NA
Telangana,Animal Husbadry & Veterinary Department(AVH) Siddipet,RTI_telangana,Siddipet,NA
Telangana,Animal Husbadry & Veterinary Department(AVH) Sircilla,RTI_telangana,Sircilla,NA
Telangana,Animal Husbadry & Veterinary Department(AVH) Thungathurthy,RTI_telangana,Thungathurthy,NA
Telangana,Animal Husbadry & Veterinary Department(AVH) Utnoor,RTI_telangana,Utnoor,NA
Telangana,Animal Husbadry & Veterinary Department(AVH) Varni,RTI_telangana,Varni,NA
Telangana,Animal Husbadry & Veterinary Department(AVH) Wanaparthy,RTI_telangana,Wanaparthy,NA
Telangana,Animal Husbadry & Veterinary Department(AVH) YELLANDU,RTI_telangana,YELLANDU,NA
Telangana,Animal Husbadry & Veterinary Department(AVH) Zaheerabad,RTI_telangana,Zaheerabad,NA
Telangana,"Animal Husbadry & Veterinary Department(AVH), Bodhan",RTI_telangana,Bodhan,NA
Telangana,"Animal Husbadry & Veterinary Department(AVH), Chandur",RTI_telangana,Chandur,NA
Telangana,"Animal Husbadry & Veterinary Department(AVH), Chennur",RTI_telangana,Chennur,NA
Telangana,"Animal Husbadry & Veterinary Department(AVH), Devarakonda",RTI_telangana,Devarakonda,NA
Telangana,"Animal Husbadry & Veterinary Department(AVH), Godavarikhani",RTI_telangana,Godavarikhani,NA
Telangana,"Animal Husbadry & Veterinary Department(AVH), Huzurabad",RTI_telangana,Huzurabad,NA
Telangana,"Animal Husbadry & Veterinary Department(AVH), Huzurnagar",RTI_telangana,Huzurnagar,NA
Telangana,"Animal Husbadry & Veterinary Department(AVH), Kodad",RTI_telangana,Kodad,NA
Telangana,"Animal Husbadry & Veterinary Department(AVH), Luxettipet",RTI_telangana,Luxettipet,NA
Telangana,"Animal Husbadry & Veterinary Department(AVH), Manthani",RTI_telangana,Manthani,NA
Telangana,"Animal Husbadry & Veterinary Department(AVH), Miryalguda",RTI_telangana,Miryalguda,NA
Telangana,"Animal Husbadry & Veterinary Department(AVH), Mudhole",RTI_telangana,Mudhole,NA
Telangana,"Animal Husbadry & Veterinary Department(AVH), Nakreka",RTI_telangana,Nakreka,NA
Telangana,"Animal Husbadry & Veterinary Department(AVH), Nereducherla",RTI_telangana,Nereducherla,NA
Telangana,"Animal Husbadry & Veterinary Department(AVH), Nidmanoor",RTI_telangana,Nidmanoor,NA
Telangana,"Animal Husbadry & Veterinary Department(AVH), Parkal",RTI_telangana,Parkal,NA
Telangana,"Animal Husbadry & Veterinary Department(AVH), Pathergatti",RTI_telangana,Pathergatti,NA
Telangana,"Animal Husbadry & Veterinary Department(AVH),Bheemgal",RTI_telangana,Bheemgal,NA
Telangana,"Animal Husbadry & Veterinary Department(AVH),Madhira",RTI_telangana,Madhira,NA
Telangana,"Animal Husbadry & Veterinary Department(AVH),MADNOOR",RTI_telangana,MADNOOR,NA
Telangana,"Animal Husbadry & Veterinary Department(AVH),N.K.Palli",RTI_telangana,N.K.Palli,NA
Telangana,"Animal Husbadry & Veterinary Department(AVH),Suryapet",RTI_telangana,Suryapet,NA
Telangana,Animal Husbadry & Veterinary Department(AVH). Ghanpur(Stn,RTI_telangana,. Ghanpur(Stn,NA
Telangana,Animal Husbadry & Veterinary Department(AVH). Mahabubabad,RTI_telangana,Mahabubabad,NA
Telangana,Animal Husbadry & Veterinary Department(AVH). Maripeda,RTI_telangana,. Maripeda,NA
Telangana,Animal Husbadry & Veterinary Department(AVH).BANSWADA,RTI_telangana,.BANSWADA,NA
Telangana,Animal Husbadry & Veterinary Department(AVH).BICHKUNDA,RTI_telangana,.BICHKUNDA,NA
Telangana,Animal Husbadry & Veterinary Department(AVH).DOMAKONDA,RTI_telangana,.DOMAKONDA,NA
Telangana,Animal Husbadry & Veterinary Department(AVH).Eturunagaram,RTI_telangana,.Eturunagaram,NA
Telangana,Animal Husbadry & Veterinary Department(AVH).Jangaon,RTI_telangana,Jangaon,NA
Telangana,Animal Husbadry & Veterinary Department(AVH).KAMAREDDY,RTI_telangana,Kamareddy,NA
Telangana,Animal Husbadry & Veterinary Department(AVH).Kodakandla,RTI_telangana,.Kodakandla,NA
Telangana,Animal Husbadry & Veterinary Department(AVH).Muluggu,RTI_telangana,.Muluggu,NA
Telangana,Animal Husbadry & Veterinary Department(AVH).Narsampet,RTI_telangana,.Narsampet,NA
Telangana,Animal Husbadry & Veterinary Department(AVH).Sathupalli,RTI_telangana,.Sathupalli,NA
Telangana,Animal Husbadry & Veterinary Department(AVH).Thimmampet,RTI_telangana,.Thimmampet,NA
Telangana,Animal Husbadry & Veterinary Department(AVH).Venkatapuram,RTI_telangana,.Venkatapuram,NA
Telangana,Animal Husbadry & Veterinary Department(AVH).Wardhannapet,RTI_telangana,.Wardhannapet,NA
Telangana,Animal Husbadry & Veterinary Department(AVH).YELLAREDDY,RTI_telangana,.YELLAREDDY,NA
Telangana,Animal Husbadry & Veterinary Department(AVH)Asifabad,RTI_telangana,Asifabad,NA
Telangana,Animal Husbadry & Veterinary Department(AVH)Wankidi,RTI_telangana,Wankidi,NA
Telangana,Animal Husbadry & Veterinary Department(DCBF) Godgarpally,RTI_telangana,Godgarpally,NA
Telangana,Animal Husbadry & Veterinary Department(DV&AHO) Mahabubabad,RTI_telangana,Mahabubabad,NA
Telangana,"Animal Husbadry & Veterinary Department(DV&AHO), Peddapally",RTI_telangana,Peddapally,NA
Telangana,Animal Husbadry & Veterinary Department(DVH) Adilabad,RTI_telangana,Adilabad,NA
Telangana,Animal Husbadry & Veterinary Department(DVH) Mahabubnagar,RTI_telangana,Mahabubnagar,NA
Telangana,Animal Husbadry & Veterinary Department(DVH) Sangareddy,RTI_telangana,Sangareddy,NA
Telangana,"Animal Husbadry & Veterinary Department(DVH), Karimnagar",RTI_telangana,Karimnagar,NA
Telangana,"Animal Husbadry & Veterinary Department(DVH), Nizamabad",RTI_telangana,Nizamabad,NA
Telangana,"Animal Husbadry & Veterinary Department(DVH),Khammam",RTI_telangana,Khammam,NA
Telangana,Animal Husbadry & Veterinary Department(ISDP) Mahabubnagar,RTI_telangana,Mahabubnagar,NA
Telangana,Animal Husbadry & Veterinary Department(ISDP) Sangareddy,RTI_telangana,Sangareddy,NA
Telangana,"Animal Husbadry & Veterinary Department(PVC) ,choppadandi",RTI_telangana,choppadandi,NA
Telangana,Animal Husbadry & Veterinary Department(PVC) Abdullapurmet,RTI_telangana,Abdullapurmet,NA
Telangana,Animal Husbadry & Veterinary Department(PVC) Addakal,RTI_telangana,Addakal,NA
Telangana,Animal Husbadry & Veterinary Department(PVC) AIZA,RTI_telangana,AIZA,NA
Telangana,Animal Husbadry & Veterinary Department(PVC) Akunoor,RTI_telangana,Akunoor,NA
Telangana,Animal Husbadry & Veterinary Department(PVC) Akupamula,RTI_telangana,Akupamula,NA
Telangana,Animal Husbadry & Veterinary Department(PVC) Alladurg,RTI_telangana,Alladurg,NA
Telangana,Animal Husbadry & Veterinary Department(PVC) Allipur,RTI_telangana,Allipur,NA
Telangana,Animal Husbadry & Veterinary Department(PVC) Aloor,RTI_telangana,Aloor,NA
Telangana,Animal Husbadry & Veterinary Department(PVC) ALOOR,RTI_telangana,ALOOR,NA
Telangana,Animal Husbadry & Veterinary Department(PVC) Amangal,RTI_telangana,Amangal,NA
Telangana,Animal Husbadry & Veterinary Department(PVC) Amarchintha,RTI_telangana,Amarchintha,NA
Telangana,Animal Husbadry & Veterinary Department(PVC) Ambaripet,RTI_telangana,Ambaripet,NA
Telangana,Animal Husbadry & Veterinary Department(PVC) Amdapur,RTI_telangana,Amdapur,NA
Telangana,Animal Husbadry & Veterinary Department(PVC) Anajipur,RTI_telangana,Anajipur,NA
Telangana,Animal Husbadry & Veterinary Department(PVC) ANANTHAPURAM,RTI_telangana,ANANTHAPURAM,NA
Telangana,Animal Husbadry & Veterinary Department(PVC) Ankilla,RTI_telangana,Ankilla,NA
Telangana,Animal Husbadry & Veterinary Department(PVC) Apparala,RTI_telangana,Apparala,NA
Telangana,Animal Husbadry & Veterinary Department(PVC) Argul,RTI_telangana,Argul,NA
Telangana,Animal Husbadry & Veterinary Department(PVC) Arnakonda,RTI_telangana,Arnakonda,NA
Telangana,Animal Husbadry & Veterinary Department(PVC) Arutla,RTI_telangana,Arutla,NA
Telangana,Animal Husbadry & Veterinary Department(PVC) Aswapuram,RTI_telangana,Aswapuram,NA
Telangana,Animal Husbadry & Veterinary Department(PVC) Athmakur,RTI_telangana,Athmakur,NA
Telangana,Animal Husbadry & Veterinary Department(PVC) ATHMAKUR (S,RTI_telangana,ATHMAKUR (S,NA
Telangana,Animal Husbadry & Veterinary Department(PVC) Atmakur,RTI_telangana,Atmakur,NA
Telangana,Animal Husbadry & Veterinary Department(PVC) Azamnagar,RTI_telangana,Azamnagar,NA
Telangana,Animal Husbadry & Veterinary Department(PVC) B.D.Pally,RTI_telangana,B.D.Pally,NA
Telangana,Animal Husbadry & Veterinary Department(PVC) Bairanpally,RTI_telangana,Bairanpally,NA
Telangana,Animal Husbadry & Veterinary Department(PVC) Balanagar,RTI_telangana,Balanagar,NA
Telangana,Animal Husbadry & Veterinary Department(PVC) Balapala,RTI_telangana,Balapala,NA
Telangana,Animal Husbadry & Veterinary Department(PVC) Balemla,RTI_telangana,Balemla,NA
Telangana,Animal Husbadry & Veterinary Department(PVC) Balsurkonda,RTI_telangana,Balsurkonda,NA
Telangana,Animal Husbadry & Veterinary Department(PVC) Bandameedipally,RTI_telangana,Bandameedipally,NA
Telangana,Animal Husbadry & Veterinary Department(PVC) Bantaram,RTI_telangana,Bantaram,NA
Telangana,Animal Husbadry & Veterinary Department(PVC) Basar,RTI_telangana,Basar,NA
Telangana,Animal Husbadry & Veterinary Department(PVC) Bayyaram,RTI_telangana,Bayyaram,NA
Telangana,Animal Husbadry & Veterinary Department(PVC) Bazarhathnoor,RTI_telangana,Bazarhathnoor,NA
Telangana,Animal Husbadry & Veterinary Department(PVC) Beernandi,RTI_telangana,Beernandi,NA
Telangana,Animal Husbadry & Veterinary Department(PVC) Bejjanki,RTI_telangana,Bejjanki,NA
Telangana,Animal Husbadry & Veterinary Department(PVC) Bejjur,RTI_telangana,Bejjur,NA
Telangana,Animal Husbadry & Veterinary Department(PVC) Bela,RTI_telangana,Bela,NA
Telangana,Animal Husbadry & Veterinary Department(PVC) Bellampally,RTI_telangana,Bellampally,NA
Telangana,Animal Husbadry & Veterinary Department(PVC) Bhainsa,RTI_telangana,Bhainsa,NA
Telangana,Animal Husbadry & Veterinary Department(PVC) Bhanoor,RTI_telangana,Bhanoor,NA
Telangana,Animal Husbadry & Veterinary Department(PVC) Bhoompally,RTI_telangana,Bhoompally,NA
Telangana,Animal Husbadry & Veterinary Department(PVC) Bhoothpur,RTI_telangana,Bhoothpur,NA
Telangana,Animal Husbadry & Veterinary Department(PVC) Bhosi,RTI_telangana,Bhosi,NA
Telangana,Animal Husbadry & Veterinary Department(PVC) Bhupalpally,RTI_telangana,Jayashankar Bhupalapally,NA
Telangana,Animal Husbadry & Veterinary Department(PVC) Bodu,RTI_telangana,Bodu,NA
Telangana,Animal Husbadry & Veterinary Department(PVC) Bommaraspet,RTI_telangana,Bommaraspet,NA
Telangana,Animal Husbadry & Veterinary Department(PVC) Borancha,RTI_telangana,Borancha,NA
Telangana,Animal Husbadry & Veterinary Department(PVC) Bowenpally,RTI_telangana,Bowenpally,NA
Telangana,Animal Husbadry & Veterinary Department(PVC) Buneedu,RTI_telangana,Buneedu,NA
Telangana,Animal Husbadry & Veterinary Department(PVC) CC Kunta,RTI_telangana,CC Kunta,NA
Telangana,Animal Husbadry & Veterinary Department(PVC) Chalki,RTI_telangana,Chalki,NA
Telangana,Animal Husbadry & Veterinary Department(PVC) Challagarige,RTI_telangana,Challagarige,NA
Telangana,Animal Husbadry & Veterinary Department(PVC) Challasamudram,RTI_telangana,Challasamudram,NA
Telangana,Animal Husbadry & Veterinary Department(PVC) Chandrugonda,RTI_telangana,Chandrugonda,NA
Telangana,Animal Husbadry & Veterinary Department(PVC) Chegunta,RTI_telangana,Chegunta,NA
Telangana,Animal Husbadry & Veterinary Department(PVC) Chelpur,RTI_telangana,Chelpur,NA
Telangana,Animal Husbadry & Veterinary Department(PVC) Chengole,RTI_telangana,Chengole,NA
Telangana,Animal Husbadry & Veterinary Department(PVC) Chepyal,RTI_telangana,Chepyal,NA
Telangana,Animal Husbadry & Veterinary Department(PVC) Chilkur,RTI_telangana,Chilkur,NA
Telangana,Animal Husbadry & Veterinary Department(PVC) Chinagunta Pally,RTI_telangana,Chinagunta Pally,NA
Telangana,Animal Husbadry & Veterinary Department(PVC) ChincholiM,RTI_telangana,ChincholiM,NA
Telangana,Animal Husbadry & Veterinary Department(PVC) Chinna Kodur,RTI_telangana,Chinna Kodur,NA
Telangana,Animal Husbadry & Veterinary Department(PVC) Chinnaporla,RTI_telangana,Chinnaporla,NA
Telangana,Animal Husbadry & Veterinary Department(PVC) Chintamadaka,RTI_telangana,Chintamadaka,NA
Telangana,Animal Husbadry & Veterinary Department(PVC) Chiragpally,RTI_telangana,Chiragpally,NA
Telangana,Animal Husbadry & Veterinary Department(PVC) CHIRRAKUNTA,RTI_telangana,CHIRRAKUNTA,NA
Telangana,Animal Husbadry & Veterinary Department(PVC) Chitkul,RTI_telangana,Chitkul,NA
Telangana,Animal Husbadry & Veterinary Department(PVC) Chittapur,RTI_telangana,Chittapur,NA
Telangana,Animal Husbadry & Veterinary Department(PVC) Chityal,RTI_telangana,Chityal,NA
Telangana,Animal Husbadry & Veterinary Department(PVC) Choutapally,RTI_telangana,Choutapally,NA
Telangana,Animal Husbadry & Veterinary Department(PVC) Choutkur,RTI_telangana,Choutkur,NA
Telangana,Animal Husbadry & Veterinary Department(PVC) Chowdariguda,RTI_telangana,Chowdariguda,NA
Telangana,Animal Husbadry & Veterinary Department(PVC) Chowlamaddi,RTI_telangana,Chowlamaddi,NA
Telangana,Animal Husbadry & Veterinary Department(PVC) Dabba,RTI_telangana,Dabba,NA
Telangana,Animal Husbadry & Veterinary Department(PVC) Dahegaon,RTI_telangana,Dahegaon,NA
Telangana,Animal Husbadry & Veterinary Department(PVC) Damargidda,RTI_telangana,Damargidda,NA
Telangana,Animal Husbadry & Veterinary Department(PVC) Dammapeta,RTI_telangana,Dammapeta,NA
Telangana,Animal Husbadry & Veterinary Department(PVC) Devarkadra,RTI_telangana,Devarkadra,NA
Telangana,Animal Husbadry & Veterinary Department(PVC) Devnoor,RTI_telangana,Devnoor,NA
Telangana,Animal Husbadry & Veterinary Department(PVC) Dhanwada,RTI_telangana,Dhanwada,NA
Telangana,Animal Husbadry & Veterinary Department(PVC) Dharmapuri,RTI_telangana,Dharmapuri,NA
Telangana,Animal Husbadry & Veterinary Department(PVC) DHARMAVARAM,RTI_telangana,DHARMAVARAM,NA
Telangana,Animal Husbadry & Veterinary Department(PVC) DHAROOR,RTI_telangana,DHAROOR,NA
Telangana,Animal Husbadry & Veterinary Department(PVC) Dharoor,RTI_telangana,Dharoor,NA
Telangana,Animal Husbadry & Veterinary Department(PVC) Digwal,RTI_telangana,Digwal,NA
Telangana,Animal Husbadry & Veterinary Department(PVC) Dilawarpur,RTI_telangana,Dilawarpur,NA
Telangana,Animal Husbadry & Veterinary Department(PVC) Doma,RTI_telangana,Doma,NA
Telangana,Animal Husbadry & Veterinary Department(PVC) Dondapahad,RTI_telangana,Dondapahad,NA
Telangana,Animal Husbadry & Veterinary Department(PVC) Doswada,RTI_telangana,Doswada,NA
Telangana,Animal Husbadry & Veterinary Department(PVC) Doultabad,RTI_telangana,Doultabad,NA
Telangana,Animal Husbadry & Veterinary Department(PVC) Doulthabad,RTI_telangana,Doulthabad,NA
Telangana,Animal Husbadry & Veterinary Department(PVC) DT Pally,RTI_telangana,DT Pally,NA
Telangana,Animal Husbadry & Veterinary Department(PVC) Dubbacharla,RTI_telangana,Dubbacharla,NA
Telangana,Animal Husbadry & Veterinary Department(PVC) Duddeda,RTI_telangana,Duddeda,NA
Telangana,Animal Husbadry & Veterinary Department(PVC) Dummugudem,RTI_telangana,Dummugudem,NA
Telangana,Animal Husbadry & Veterinary Department(PVC) Echoda,RTI_telangana,Echoda,NA
Telangana,Animal Husbadry & Veterinary Department(PVC) Edbid,RTI_telangana,Edbid,NA
Telangana,Animal Husbadry & Veterinary Department(PVC) Edula,RTI_telangana,Edula,NA
Telangana,Animal Husbadry & Veterinary Department(PVC) Elegaon,RTI_telangana,Elegaon,NA
Telangana,Animal Husbadry & Veterinary Department(PVC) Eliminedu,RTI_telangana,Eliminedu,NA
Telangana,Animal Husbadry & Veterinary Department(PVC) Elkathurthy,RTI_telangana,Elkathurthy,NA
Telangana,Animal Husbadry & Veterinary Department(PVC) Ensanpally,RTI_telangana,Ensanpally,NA
Telangana,Animal Husbadry & Veterinary Department(PVC) Gajulapet,RTI_telangana,Gajulapet,NA
Telangana,Animal Husbadry & Veterinary Department(PVC) Gandeed,RTI_telangana,Gandeed,NA
Telangana,Animal Husbadry & Veterinary Department(PVC) Gangadhara,RTI_telangana,Gangadhara,NA
Telangana,Animal Husbadry & Veterinary Department(PVC) Garidepally,RTI_telangana,Garidepally,NA
Telangana,Animal Husbadry & Veterinary Department(PVC) Garshakurthy,RTI_telangana,Garshakurthy,NA
Telangana,Animal Husbadry & Veterinary Department(PVC) Gattulppala Pally,RTI_telangana,Gattulppala Pally,NA
Telangana,Animal Husbadry & Veterinary Department(PVC) Ghanpur,RTI_telangana,Ghanpur,NA
Telangana,Animal Husbadry & Veterinary Department(PVC) GHATTU,RTI_telangana,GHATTU,NA
Telangana,Animal Husbadry & Veterinary Department(PVC) Gimma,RTI_telangana,Gimma,NA
Telangana,Animal Husbadry & Veterinary Department(PVC) GINNEDHARI,RTI_telangana,GINNEDHARI,NA
Telangana,Animal Husbadry & Veterinary Department(PVC) Godhur,RTI_telangana,Godhur,NA
Telangana,Animal Husbadry & Veterinary Department(PVC) Gokafaslwada,RTI_telangana,Gokafaslwada,NA
Telangana,Animal Husbadry & Veterinary Department(PVC) Gollapally,RTI_telangana,Gollapally,NA
Telangana,Animal Husbadry & Veterinary Department(PVC) Gomaram,RTI_telangana,Gomaram,NA
Telangana,Animal Husbadry & Veterinary Department(PVC) Gongloor,RTI_telangana,Gongloor,NA
Telangana,Animal Husbadry & Veterinary Department(PVC) Gopalpet,RTI_telangana,Gopalpet,NA
Telangana,Animal Husbadry & Veterinary Department(PVC) Gopalpur,RTI_telangana,Gopalpur,NA
Telangana,Animal Husbadry & Veterinary Department(PVC) Gorentla,RTI_telangana,Gorentla,NA
Telangana,Animal Husbadry & Veterinary Department(PVC) Gottigakurd,RTI_telangana,Gottigakurd,NA
Telangana,Animal Husbadry & Veterinary Department(PVC) Gudihathnoor,RTI_telangana,Gudihathnoor,NA
Telangana,Animal Husbadry & Veterinary Department(PVC) Gummadidala,RTI_telangana,Gummadidala,NA
Telangana,Animal Husbadry & Veterinary Department(PVC) Gundala,RTI_telangana,Gundala,NA
Telangana,Animal Husbadry & Veterinary Department(PVC) Gundampally,RTI_telangana,Gundampally,NA
Telangana,Animal Husbadry & Veterinary Department(PVC) Hathnoora,RTI_telangana,Hathnoora,NA
Telangana,Animal Husbadry & Veterinary Department(PVC) Haveli Ganpur,RTI_telangana,Haveli Ganpur,NA
Telangana,Animal Husbadry & Veterinary Department(PVC) Hayathnagar,RTI_telangana,Hayathnagar,NA
Telangana,Animal Husbadry & Veterinary Department(PVC) Hindhupur,RTI_telangana,Hindhupur,NA
Telangana,Animal Husbadry & Veterinary Department(PVC) Hunwada,RTI_telangana,Hunwada,NA
Telangana,Animal Husbadry & Veterinary Department(PVC) Husnabad,RTI_telangana,Husnabad,NA
Telangana,Animal Husbadry & Veterinary Department(PVC) Hyderguda,RTI_telangana,Hyderguda,NA
Telangana,Animal Husbadry & Veterinary Department(PVC) Ibrahimpatnam,RTI_telangana,Ibrahimpatnam,NA
Telangana,Animal Husbadry & Veterinary Department(PVC) Indervelly,RTI_telangana,Indervelly,NA
Telangana,Animal Husbadry & Veterinary Department(PVC) Indhani,RTI_telangana,Indhani,NA
Telangana,Animal Husbadry & Veterinary Department(PVC) Indurthi,RTI_telangana,Indurthi,NA
Telangana,Animal Husbadry & Veterinary Department(PVC) Irvin,RTI_telangana,Irvin,NA
Telangana,Animal Husbadry & Veterinary Department(PVC) Ismailkhanpet,RTI_telangana,Ismailkhanpet,NA
Telangana,Animal Husbadry & Veterinary Department(PVC) ITIKYALA,RTI_telangana,ITIKYALA,NA
Telangana,Animal Husbadry & Veterinary Department(PVC) Itkepally,RTI_telangana,Itkepally,NA
Telangana,Animal Husbadry & Veterinary Department(PVC) ITYAL,RTI_telangana,ITYAL,NA
Telangana,Animal Husbadry & Veterinary Department(PVC) Jagdevpur,RTI_telangana,Jagdevpur,NA
Telangana,Animal Husbadry & Veterinary Department(PVC) Jainath,RTI_telangana,Jainath,NA
Telangana,Animal Husbadry & Veterinary Department(PVC) Jaklair,RTI_telangana,Jaklair,NA
Telangana,Animal Husbadry & Veterinary Department(PVC) JALLAPUR,RTI_telangana,JALLAPUR,NA
Telangana,Animal Husbadry & Veterinary Department(PVC) Jankapur,RTI_telangana,Jankapur,NA
Telangana,Animal Husbadry & Veterinary Department(PVC) Jannaram,RTI_telangana,Jannaram,NA
Telangana,Animal Husbadry & Veterinary Department(PVC) Janpahad,RTI_telangana,Janpahad,NA
Telangana,Animal Husbadry & Veterinary Department(PVC) Jeerlapally,RTI_telangana,Jeerlapally,NA
Telangana,Animal Husbadry & Veterinary Department(PVC) Jherasangam,RTI_telangana,Jherasangam,NA
Telangana,Animal Husbadry & Veterinary Department(PVC) Jinnaram,RTI_telangana,Jinnaram,NA
Telangana,Animal Husbadry & Veterinary Department(PVC) julurupadu,RTI_telangana,julurupadu,NA
Telangana,Animal Husbadry & Veterinary Department(PVC) Kadthal,RTI_telangana,Kadthal,NA
Telangana,Animal Husbadry & Veterinary Department(PVC) Kagazmadnur,RTI_telangana,Kagazmadnur,NA
Telangana,Animal Husbadry & Veterinary Department(PVC) KAGHAZNAGAR,RTI_telangana,KAGHAZNAGAR,NA
Telangana,Animal Husbadry & Veterinary Department(PVC) KAKARLA,RTI_telangana,KAKARLA,NA
Telangana,Animal Husbadry & Veterinary Department(PVC) Kaleshwaram,RTI_telangana,Kaleshwaram,NA
Telangana,Animal Husbadry & Veterinary Department(PVC) Kalhair,RTI_telangana,Kalhair,NA
Telangana,Animal Husbadry & Veterinary Department(PVC) Kalkoda,RTI_telangana,Kalkoda,NA
Telangana,Animal Husbadry & Veterinary Department(PVC) Kalleda,RTI_telangana,Kalleda,NA
Telangana,Animal Husbadry & Veterinary Department(PVC) Kallur,RTI_telangana,Kallur,NA
Telangana,Animal Husbadry & Veterinary Department(PVC) KALMALCHERUVU,RTI_telangana,KALMALCHERUVU,NA
Telangana,Animal Husbadry & Veterinary Department(PVC) Kalwarala,RTI_telangana,Kalwarala,NA
Telangana,Animal Husbadry & Veterinary Department(PVC) Kamalapur,RTI_telangana,Kamalapur,NA
Telangana,Animal Husbadry & Veterinary Department(PVC) Kandoor,RTI_telangana,Kandoor,NA
Telangana,Animal Husbadry & Veterinary Department(PVC) Kandukur,RTI_telangana,Kandukur,NA
Telangana,Animal Husbadry & Veterinary Department(PVC) Kangti,RTI_telangana,Kangti,NA
Telangana,Animal Husbadry & Veterinary Department(PVC) Kankal,RTI_telangana,Kankal,NA
Telangana,Animal Husbadry & Veterinary Department(PVC) Kankamamidi,RTI_telangana,Kankamamidi,NA
Telangana,Animal Husbadry & Veterinary Department(PVC) Kankapur,RTI_telangana,Kankapur,NA
Telangana,Animal Husbadry & Veterinary Department(PVC) Kapugallu,RTI_telangana,Kapugallu,NA
Telangana,Animal Husbadry & Veterinary Department(PVC) Karakagudem,RTI_telangana,Karakagudem,NA
Telangana,Animal Husbadry & Veterinary Department(PVC) Karanji T,RTI_telangana,Karanji T,NA
Telangana,Animal Husbadry & Veterinary Department(PVC) Karasgutti,RTI_telangana,Karasgutti,NA
Telangana,Animal Husbadry & Veterinary Department(PVC) Karni,RTI_telangana,Karni,NA
Telangana,Animal Husbadry & Veterinary Department(PVC) Kataram,RTI_telangana,Kataram,NA
Telangana,Animal Husbadry & Veterinary Department(PVC) Kathalapur,RTI_telangana,Kathalapur,NA
Telangana,Animal Husbadry & Veterinary Department(PVC) Kattakommugudem,RTI_telangana,Kattakommugudem,NA
Telangana,Animal Husbadry & Veterinary Department(PVC) Kawarampet,RTI_telangana,Kawarampet,NA
Telangana,Animal Husbadry & Veterinary Department(PVC) Kerameri,RTI_telangana,Kerameri,NA
Telangana,Animal Husbadry & Veterinary Department(PVC) Keshampet,RTI_telangana,Keshampet,NA
Telangana,Animal Husbadry & Veterinary Department(PVC) KESHAVAPATNAM,RTI_telangana,KESHAVAPATNAM,NA
Telangana,Animal Husbadry & Veterinary Department(PVC) Keshavapur,RTI_telangana,Keshavapur,NA
Telangana,Animal Husbadry & Veterinary Department(PVC) Khillaghanapur,RTI_telangana,Khillaghanapur,NA
Telangana,Animal Husbadry & Veterinary Department(PVC) Kishanagar,RTI_telangana,Kishanagar,NA
Telangana,Animal Husbadry & Veterinary Department(PVC) Kistapur,RTI_telangana,Kistapur,NA
Telangana,Animal Husbadry & Veterinary Department(PVC) Kistareddypet,RTI_telangana,Kistareddypet,NA
Telangana,Animal Husbadry & Veterinary Department(PVC) Kodapak,RTI_telangana,Kodapak,NA
Telangana,Animal Husbadry & Veterinary Department(PVC) Kodgal,RTI_telangana,Kodgal,NA
Telangana,Animal Husbadry & Veterinary Department(PVC) Kodimial,RTI_telangana,Kodimial,NA
Telangana,Animal Husbadry & Veterinary Department(PVC) Koheda,RTI_telangana,Koheda,NA
Telangana,Animal Husbadry & Veterinary Department(PVC) Koheer,RTI_telangana,Koheer,NA
Telangana,Animal Husbadry & Veterinary Department(PVC) Koilkonda,RTI_telangana,Koilkonda,NA
Telangana,Animal Husbadry & Veterinary Department(PVC) Kollur,RTI_telangana,Kollur,NA
Telangana,Animal Husbadry & Veterinary Department(PVC) Kollure,RTI_telangana,Kollure,NA
Telangana,Animal Husbadry & Veterinary Department(PVC) Komararam,RTI_telangana,Komararam,NA
Telangana,Animal Husbadry & Veterinary Department(PVC) Kondapak,RTI_telangana,Kondapak,NA
Telangana,Animal Husbadry & Veterinary Department(PVC) Kondapur,RTI_telangana,Kondapur,NA
Telangana,Animal Husbadry & Veterinary Department(PVC) Kondurg,RTI_telangana,Kondurg,NA
Telangana,Animal Husbadry & Veterinary Department(PVC) Kongarakalan,RTI_telangana,Kongarakalan,NA
Telangana,Animal Husbadry & Veterinary Department(PVC) Koritikal,RTI_telangana,Koritikal,NA
Telangana,Animal Husbadry & Veterinary Department(PVC) Korutla,RTI_telangana,Korutla,NA
Telangana,Animal Husbadry & Veterinary Department(PVC) Kosgi,RTI_telangana,Kosgi,NA
Telangana,Animal Husbadry & Veterinary Department(PVC) KOTAPAHAD,RTI_telangana,KOTAPAHAD,NA
Telangana,Animal Husbadry & Veterinary Department(PVC) Kothagadi,RTI_telangana,Kothagadi,NA
Telangana,Animal Husbadry & Veterinary Department(PVC) Kothaguda,RTI_telangana,Kothaguda,NA
Telangana,Animal Husbadry & Veterinary Department(PVC) Kothakota,RTI_telangana,Kothakota,NA
Telangana,Animal Husbadry & Veterinary Department(PVC) Kothamolgara,RTI_telangana,Kothamolgara,NA
Telangana,Animal Husbadry & Veterinary Department(PVC) Kothapet,RTI_telangana,Kothapet,NA
Telangana,Animal Husbadry & Veterinary Department(PVC) Kothur,RTI_telangana,Kothur,NA
Telangana,Animal Husbadry & Veterinary Department(PVC) Kouthala,RTI_telangana,Kouthala,NA
Telangana,Animal Husbadry & Veterinary Department(PVC) Kowdipally,RTI_telangana,Kowdipally,NA
Telangana,Animal Husbadry & Veterinary Department(PVC) Kubeer,RTI_telangana,Kubeer,NA
Telangana,Animal Husbadry & Veterinary Department(PVC) KUDAKUDA,RTI_telangana,KUDAKUDA,NA
Telangana,Animal Husbadry & Veterinary Department(PVC) Kulcharam,RTI_telangana,Kulcharam,NA
Telangana,Animal Husbadry & Veterinary Department(PVC) Kulkacherla,RTI_telangana,Kulkacherla,NA
Telangana,Animal Husbadry & Veterinary Department(PVC) Kuntala,RTI_telangana,Kuntala,NA
Telangana,Animal Husbadry & Veterinary Department(PVC) Kyathoor,RTI_telangana,Kyathoor,NA
Telangana,Animal Husbadry & Veterinary Department(PVC) Langer House,RTI_telangana,Langer House,NA
Telangana,Animal Husbadry & Veterinary Department(PVC) Laxmanchanda,RTI_telangana,Laxmanchanda,NA
Telangana,Animal Husbadry & Veterinary Department(PVC) Lemoor,RTI_telangana,Lemoor,NA
Telangana,Animal Husbadry & Veterinary Department(PVC) Lingagiri,RTI_telangana,Lingagiri,NA
Telangana,Animal Husbadry & Veterinary Department(PVC) Lokeshwaram,RTI_telangana,Lokeshwaram,NA
Telangana,Animal Husbadry & Veterinary Department(PVC) Machavaram,RTI_telangana,Machavaram,NA
Telangana,Animal Husbadry & Veterinary Department(PVC) Maddur,RTI_telangana,Maddur,NA
Telangana,Animal Husbadry & Veterinary Department(PVC) Madhapur,RTI_telangana,Madhapur,NA
Telangana,Animal Husbadry & Veterinary Department(PVC) Madoor,RTI_telangana,Madoor,NA
Telangana,Animal Husbadry & Veterinary Department(PVC) Maganoor,RTI_telangana,Maganoor,NA
Telangana,Animal Husbadry & Veterinary Department(PVC) Mahabubnagar,RTI_telangana,Mahabubnagar,NA
Telangana,Animal Husbadry & Veterinary Department(PVC) Mahadevpur,RTI_telangana,Mahadevpur,NA
Telangana,Animal Husbadry & Veterinary Department(PVC) Mahammadabad,RTI_telangana,Mahammadabad,NA
Telangana,Animal Husbadry & Veterinary Department(PVC) Mahamutharam,RTI_telangana,Mahamutharam,NA
Telangana,Animal Husbadry & Veterinary Department(PVC) Maharajpet,RTI_telangana,Maharajpet,NA
Telangana,Animal Husbadry & Veterinary Department(PVC) Malakpet,RTI_telangana,Malakpet,NA
Telangana,Animal Husbadry & Veterinary Department(PVC) MALDAKAL,RTI_telangana,MALDAKAL,NA
Telangana,Animal Husbadry & Veterinary Department(PVC) Malial,RTI_telangana,Malial,NA
Telangana,Animal Husbadry & Veterinary Department(PVC) Malkapur,RTI_telangana,Malkapur,NA
Telangana,Animal Husbadry & Veterinary Department(PVC) Mallampally,RTI_telangana,Mallampally,NA
Telangana,Animal Husbadry & Veterinary Department(PVC) Mallapur,RTI_telangana,Mallapur,NA
Telangana,Animal Husbadry & Veterinary Department(PVC) Mamidalapalli,RTI_telangana,Mamidalapalli,NA
Telangana,Animal Husbadry & Veterinary Department(PVC) manakondur,RTI_telangana,manakondur,NA
Telangana,Animal Husbadry & Veterinary Department(PVC) Manchal,RTI_telangana,Manchal,NA
Telangana,Animal Husbadry & Veterinary Department(PVC) MANDODDI,RTI_telangana,MANDODDI,NA
Telangana,Animal Husbadry & Veterinary Department(PVC) Manikyapur,RTI_telangana,Manikyapur,NA
Telangana,Animal Husbadry & Veterinary Department(PVC) Manjulapur,RTI_telangana,Manjulapur,NA
Telangana,Animal Husbadry & Veterinary Department(PVC) Mannegudem,RTI_telangana,Mannegudem,NA
Telangana,Animal Husbadry & Veterinary Department(PVC) Manoor,RTI_telangana,Manoor,NA
Telangana,Animal Husbadry & Veterinary Department(PVC) MANOPADU,RTI_telangana,MANOPADU,NA
Telangana,Animal Husbadry & Veterinary Department(PVC) Manuguru,RTI_telangana,Manuguru,NA
Telangana,Animal Husbadry & Veterinary Department(PVC) MARAMUNAGALA,RTI_telangana,MARAMUNAGALA,NA
Telangana,Animal Husbadry & Veterinary Department(PVC) Maredupally,RTI_telangana,Maredupally,NA
Telangana,Animal Husbadry & Veterinary Department(PVC) Markook,RTI_telangana,Markook,NA
Telangana,Animal Husbadry & Veterinary Department(PVC) Marrimusthiyala,RTI_telangana,Marrimusthiyala,NA
Telangana,Animal Husbadry & Veterinary Department(PVC) Masaipet,RTI_telangana,Masaipet,NA
Telangana,Animal Husbadry & Veterinary Department(PVC) Mattampally,RTI_telangana,Mattampally,NA
Telangana,Animal Husbadry & Veterinary Department(PVC) Mediipally,RTI_telangana,Mediipally,NA
Telangana,Animal Husbadry & Veterinary Department(PVC) Medipalli,RTI_telangana,Medipalli,NA
Telangana,Animal Husbadry & Veterinary Department(PVC) Medipelly,RTI_telangana,Medipelly,NA
Telangana,Animal Husbadry & Veterinary Department(PVC) Mekaguda,RTI_telangana,Mekaguda,NA
Telangana,Animal Husbadry & Veterinary Department(PVC) Mellachervu,RTI_telangana,Mellachervu,NA
Telangana,Animal Husbadry & Veterinary Department(PVC) Midjil,RTI_telangana,Midjil,NA
Telangana,Animal Husbadry & Veterinary Department(PVC) Mirdoddi,RTI_telangana,Mirdoddi,NA
Telangana,Animal Husbadry & Veterinary Department(PVC) Mirzapur,RTI_telangana,Mirzapur,NA
Telangana,Animal Husbadry & Veterinary Department(PVC) Mogalgidda,RTI_telangana,Mogalgidda,NA
Telangana,Animal Husbadry & Veterinary Department(PVC) Mogdampally,RTI_telangana,Mogdampally,NA
Telangana,Animal Husbadry & Veterinary Department(PVC) Mogullapally,RTI_telangana,Mogullapally,NA
Telangana,Animal Husbadry & Veterinary Department(PVC) Moinabad,RTI_telangana,Moinabad,NA
Telangana,Animal Husbadry & Veterinary Department(PVC) Molangur,RTI_telangana,Molangur,NA
Telangana,Animal Husbadry & Veterinary Department(PVC) Mominpet,RTI_telangana,Mominpet,NA
Telangana,Animal Husbadry & Veterinary Department(PVC) Moosapet,RTI_telangana,Moosapet,NA
Telangana,Animal Husbadry & Veterinary Department(PVC) Morangapally,RTI_telangana,Morangapally,NA
Telangana,Animal Husbadry & Veterinary Department(PVC) Morapally,RTI_telangana,Morapally,NA
Telangana,Animal Husbadry & Veterinary Department(PVC) Motlapally,RTI_telangana,Motlapally,NA
Telangana,Animal Husbadry & Veterinary Department(PVC) MP BANJAR,RTI_telangana,MP BANJAR,NA
Telangana,Animal Husbadry & Veterinary Department(PVC) Mudgul Chittampally,RTI_telangana,Mudgul Chittampally,NA
Telangana,Animal Husbadry & Veterinary Department(PVC) Mujahidppur,RTI_telangana,Mujahidppur,NA
Telangana,Animal Husbadry & Veterinary Department(PVC) Mulkalapally,RTI_telangana,Mulkalapally,NA
Telangana,Animal Husbadry & Veterinary Department(PVC) MULKALPALLY,RTI_telangana,MULKALPALLY,NA
Telangana,Animal Husbadry & Veterinary Department(PVC) Mulugu,RTI_telangana,Mulugu,NA
Telangana,Animal Husbadry & Veterinary Department(PVC) Munagala,RTI_telangana,Munagala,NA
Telangana,Animal Husbadry & Veterinary Department(PVC) Munigadapa,RTI_telangana,Munigadapa,NA
Telangana,Animal Husbadry & Veterinary Department(PVC) Munipally,RTI_telangana,Munipally,NA
Telangana,Animal Husbadry & Veterinary Department(PVC) Muslapur,RTI_telangana,Muslapur,NA
Telangana,Animal Husbadry & Veterinary Department(PVC) Muthyampet,RTI_telangana,Muthyampet,NA
Telangana,Animal Husbadry & Veterinary Department(PVC) Mutnoor,RTI_telangana,Mutnoor,NA
Telangana,Animal Husbadry & Veterinary Department(PVC) Nadigudem,RTI_telangana,Nadigudem,NA
Telangana,Animal Husbadry & Veterinary Department(PVC) Nadlapur,RTI_telangana,Nadlapur,NA
Telangana,Animal Husbadry & Veterinary Department(PVC) Nagaligidda,RTI_telangana,Nagaligidda,NA
Telangana,Animal Husbadry & Veterinary Department(PVC) Nagapur,RTI_telangana,Nagapur,NA
Telangana,Animal Husbadry & Veterinary Department(PVC) Nagaram,RTI_telangana,Nagaram,NA
Telangana,Animal Husbadry & Veterinary Department(PVC) Nagupalli,RTI_telangana,Nagupalli,NA
Telangana,Animal Husbadry & Veterinary Department(PVC) nambala,RTI_telangana,nambala,NA
Telangana,Animal Husbadry & Veterinary Department(PVC) Nanakramguda,RTI_telangana,Nanakramguda,NA
Telangana,Animal Husbadry & Veterinary Department(PVC) Nandigaon,RTI_telangana,Nandigaon,NA
Telangana,Animal Husbadry & Veterinary Department(PVC) Nandikandi,RTI_telangana,Nandikandi,NA
Telangana,Animal Husbadry & Veterinary Department(PVC) Nanganoor,RTI_telangana,Nanganoor,NA
Telangana,Animal Husbadry & Veterinary Department(PVC) Narayanapuram,RTI_telangana,Narayanapuram,NA
Telangana,Animal Husbadry & Veterinary Department(PVC) Narayanpet,RTI_telangana,Narayanpet,NA
Telangana,Animal Husbadry & Veterinary Department(PVC) Narnoor,RTI_telangana,Narnoor,NA
Telangana,Animal Husbadry & Veterinary Department(PVC) Narsapur G,RTI_telangana,Narsapur G,NA
Telangana,Animal Husbadry & Veterinary Department(PVC) Narsimhulapeta,RTI_telangana,Narsimhulapeta,NA
Telangana,Animal Husbadry & Veterinary Department(PVC) Narsinghi,RTI_telangana,Narsinghi,NA
Telangana,Animal Husbadry & Veterinary Department(PVC) Narsingi,RTI_telangana,Narsingi,NA
Telangana,Animal Husbadry & Veterinary Department(PVC) Narwa,RTI_telangana,Narwa,NA
Telangana,Animal Husbadry & Veterinary Department(PVC) Nawabpet,RTI_telangana,Nawabpet,NA
Telangana,Animal Husbadry & Veterinary Department(PVC) Neradigonda,RTI_telangana,Neradigonda,NA
Telangana,Animal Husbadry & Veterinary Department(PVC) Nizampet,RTI_telangana,Nizampet,NA
Telangana,Animal Husbadry & Veterinary Department(PVC) Nizampur,RTI_telangana,Nizampur,NA
Telangana,Animal Husbadry & Veterinary Department(PVC) NUTHANKAL,RTI_telangana,NUTHANKAL,NA
Telangana,Animal Husbadry & Veterinary Department(PVC) Nyalkal,RTI_telangana,Nyalkal,NA
Telangana,Animal Husbadry & Veterinary Department(PVC) Odipilavancha,RTI_telangana,Odipilavancha,NA
Telangana,Animal Husbadry & Veterinary Department(PVC) P Dharmaram,RTI_telangana,P Dharmaram,NA
Telangana,Animal Husbadry & Veterinary Department(PVC) pachunur,RTI_telangana,pachunur,NA
Telangana,Animal Husbadry & Veterinary Department(PVC) Pahadisharif,RTI_telangana,Pahadisharif,NA
Telangana,Animal Husbadry & Veterinary Department(PVC) Palamakula,RTI_telangana,Palamakula,NA
Telangana,Animal Husbadry & Veterinary Department(PVC) Palgutta,RTI_telangana,Palgutta,NA
Telangana,Animal Husbadry & Veterinary Department(PVC) Palmakole,RTI_telangana,Palmakole,NA
Telangana,Animal Husbadry & Veterinary Department(PVC) Palsi,RTI_telangana,Palsi,NA
Telangana,Animal Husbadry & Veterinary Department(PVC) PALWAI,RTI_telangana,PALWAI,NA
Telangana,Animal Husbadry & Veterinary Department(PVC) Pangal,RTI_telangana,Pangal,NA
Telangana,Animal Husbadry & Veterinary Department(PVC) Papannapet,RTI_telangana,Papannapet,NA
Telangana,Animal Husbadry & Veterinary Department(PVC) Parlapalli,RTI_telangana,Parlapalli,NA
Telangana,Animal Husbadry & Veterinary Department(PVC) Patwarigudem,RTI_telangana,Patwarigudem,NA
Telangana,Animal Husbadry & Veterinary Department(PVC) PC Kunta,RTI_telangana,PC Kunta,NA
Telangana,Animal Husbadry & Veterinary Department(PVC) Pebbair,RTI_telangana,Pebbair,NA
Telangana,Animal Husbadry & Veterinary Department(PVC) Peddagudem,RTI_telangana,Peddagudem,NA
Telangana,Animal Husbadry & Veterinary Department(PVC) Peddakadmoor,RTI_telangana,Peddakadmoor,NA
Telangana,Animal Husbadry & Veterinary Department(PVC) Peddamandadi,RTI_telangana,Peddamandadi,NA
Telangana,Animal Husbadry & Veterinary Department(PVC) Peddamul,RTI_telangana,Peddamul,NA
Telangana,Animal Husbadry & Veterinary Department(PVC) Pegadapally,RTI_telangana,Pegadapally,NA
Telangana,Animal Husbadry & Veterinary Department(PVC) Pembi,RTI_telangana,Pembi,NA
Telangana,Animal Husbadry & Veterinary Department(PVC) Penchikaldhinne,RTI_telangana,Penchikaldhinne,NA
Telangana,Animal Husbadry & Veterinary Department(PVC) Penchikalpet,RTI_telangana,Penchikalpet,NA
Telangana,Animal Husbadry & Veterinary Department(PVC) Perur,RTI_telangana,Perur,NA
Telangana,Animal Husbadry & Veterinary Department(PVC) Phanigir,RTI_telangana,Phanigir,NA
Telangana,Animal Husbadry & Veterinary Department(PVC) Pinapaka,RTI_telangana,Pinapaka,NA
Telangana,Animal Husbadry & Veterinary Department(PVC) Ponkal,RTI_telangana,Ponkal,NA
Telangana,Animal Husbadry & Veterinary Department(PVC) Ponnari,RTI_telangana,Ponnari,NA
Telangana,Animal Husbadry & Veterinary Department(PVC) Ponugode,RTI_telangana,Ponugode,NA
Telangana,Animal Husbadry & Veterinary Department(PVC) Porumalla,RTI_telangana,Porumalla,NA
Telangana,Animal Husbadry & Veterinary Department(PVC) Pregnapur,RTI_telangana,Pregnapur,NA
Telangana,Animal Husbadry & Veterinary Department(PVC) Pudur,RTI_telangana,Pudur,NA
Telangana,Animal Husbadry & Veterinary Department(PVC) Rachloor,RTI_telangana,Rachloor,NA
Telangana,Animal Husbadry & Veterinary Department(PVC) Raghavapet,RTI_telangana,Raghavapet,NA
Telangana,Animal Husbadry & Veterinary Department(PVC) Raikal,RTI_telangana,Raikal,NA
Telangana,Animal Husbadry & Veterinary Department(PVC) Raikode,RTI_telangana,Raikode,NA
Telangana,Animal Husbadry & Veterinary Department(PVC) Rajapur,RTI_telangana,Rajapur,NA
Telangana,Animal Husbadry & Veterinary Department(PVC) Rajaram,RTI_telangana,Rajaram,NA
Telangana,Animal Husbadry & Veterinary Department(PVC) RAMADUGU,RTI_telangana,RAMADUGU,NA
Telangana,Animal Husbadry & Veterinary Department(PVC) Ramancha,RTI_telangana,Ramancha,NA
Telangana,Animal Husbadry & Veterinary Department(PVC) Ramavaram,RTI_telangana,Ramavaram,NA
Telangana,Animal Husbadry & Veterinary Department(PVC) Ramchandrapuram,RTI_telangana,Ramchandrapuram,NA
Telangana,Animal Husbadry & Veterinary Department(PVC) Rangaiahpally,RTI_telangana,Rangaiahpally,NA
Telangana,Animal Husbadry & Veterinary Department(PVC) Rangampet,RTI_telangana,Rangampet,NA
Telangana,Animal Husbadry & Veterinary Department(PVC) Rangapet,RTI_telangana,Rangapet,NA
Telangana,Animal Husbadry & Veterinary Department(PVC) Rangapur,RTI_telangana,Rangapur,NA
Telangana,Animal Husbadry & Veterinary Department(PVC) Ravulapally,RTI_telangana,Ravulapally,NA
Telangana,Animal Husbadry & Veterinary Department(PVC) REBBENA,RTI_telangana,REBBENA,NA
Telangana,Animal Husbadry & Veterinary Department(PVC) Rechini,RTI_telangana,Rechini,NA
Telangana,Animal Husbadry & Veterinary Department(PVC) Regode,RTI_telangana,Regode,NA
Telangana,Animal Husbadry & Veterinary Department(PVC) Regonda,RTI_telangana,Regonda,NA
Telangana,Animal Husbadry & Veterinary Department(PVC) Remaddula,RTI_telangana,Remaddula,NA
Telangana,Animal Husbadry & Veterinary Department(PVC) Remmanguda,RTI_telangana,Remmanguda,NA
Telangana,Animal Husbadry & Veterinary Department(PVC) Renikunta,RTI_telangana,Renikunta,NA
Telangana,Animal Husbadry & Veterinary Department(PVC) REPALA,RTI_telangana,REPALA,NA
Telangana,Animal Husbadry & Veterinary Department(PVC) Revojipet,RTI_telangana,Revojipet,NA
Telangana,Animal Husbadry & Veterinary Department(PVC) Rudrar,RTI_telangana,Rudrar,NA
Telangana,Animal Husbadry & Veterinary Department(PVC) Sangidi,RTI_telangana,Sangidi,NA
Telangana,Animal Husbadry & Veterinary Department(PVC) Sanjeevraopet,RTI_telangana,Sanjeevraopet,NA
Telangana,Animal Husbadry & Veterinary Department(PVC) Sarangapur,RTI_telangana,Sarangapur,NA
Telangana,Animal Husbadry & Veterinary Department(PVC) Sarapaka,RTI_telangana,Sarapaka,NA
Telangana,Animal Husbadry & Veterinary Department(PVC) Saroornagar,RTI_telangana,Saroornagar,NA
Telangana,Animal Husbadry & Veterinary Department(PVC) Seri Lingampally,RTI_telangana,Seri Lingampally,NA
Telangana,Animal Husbadry & Veterinary Department(PVC) Shabad,RTI_telangana,Shabad,NA
Telangana,Animal Husbadry & Veterinary Department(PVC) Shamshabad,RTI_telangana,Shamshabad,NA
Telangana,Animal Husbadry & Veterinary Department(PVC) Shanigaram,RTI_telangana,Shanigaram,NA
Telangana,Animal Husbadry & Veterinary Department(PVC) ShankarampetA,RTI_telangana,ShankarampetA,NA
Telangana,Animal Husbadry & Veterinary Department(PVC) ShankarampetR,RTI_telangana,ShankarampetR,NA
Telangana,Animal Husbadry & Veterinary Department(PVC) Shankarpally,RTI_telangana,Shankarpally,NA
Telangana,Animal Husbadry & Veterinary Department(PVC) Shanthapoor,RTI_telangana,Shanthapoor,NA
Telangana,Animal Husbadry & Veterinary Department(PVC) Shanthinagar,RTI_telangana,Shanthinagar,NA
Telangana,Animal Husbadry & Veterinary Department(PVC) SHANTINAGAR,RTI_telangana,SHANTINAGAR,NA
Telangana,Animal Husbadry & Veterinary Department(PVC) Shivampet,RTI_telangana,Shivampet,NA
Telangana,Animal Husbadry & Veterinary Department(PVC) Siddapur,RTI_telangana,Siddapur,NA
Telangana,Animal Husbadry & Veterinary Department(PVC) SINGAPUR,RTI_telangana,SINGAPUR,NA
Telangana,Animal Husbadry & Veterinary Department(PVC) Singatam,RTI_telangana,Singatam,NA
Telangana,Animal Husbadry & Veterinary Department(PVC) Sirgapur,RTI_telangana,Sirgapur,NA
Telangana,Animal Husbadry & Veterinary Department(PVC) Sirikonda,RTI_telangana,Sirikonda,NA
Telangana,Animal Husbadry & Veterinary Department(PVC) SirpurT,RTI_telangana,SirpurT,NA
Telangana,Animal Husbadry & Veterinary Department(PVC) SN PURAM,RTI_telangana,SN PURAM,NA
Telangana,Animal Husbadry & Veterinary Department(PVC) Solipur,RTI_telangana,Solipur,NA
Telangana,Animal Husbadry & Veterinary Department(PVC) Sonala,RTI_telangana,Sonala,NA
Telangana,Animal Husbadry & Veterinary Department(PVC) Srirangapur,RTI_telangana,Srirangapur,NA
Telangana,Animal Husbadry & Veterinary Department(PVC) sujathanagar,RTI_telangana,sujathanagar,NA
Telangana,Animal Husbadry & Veterinary Department(PVC) Tadihathnoor,RTI_telangana,Tadihathnoor,NA
Telangana,Animal Husbadry & Veterinary Department(PVC) Talakondapally,RTI_telangana,Talakondapally,NA
Telangana,Animal Husbadry & Veterinary Department(PVC) Talamadugu,RTI_telangana,Talamadugu,NA
Telangana,Animal Husbadry & Veterinary Department(PVC) Talelma,RTI_telangana,Talelma,NA
Telangana,Animal Husbadry & Veterinary Department(PVC) Tamsi,RTI_telangana,Tamsi,NA
Telangana,Animal Husbadry & Veterinary Department(PVC) Tankara,RTI_telangana,Tankara,NA
Telangana,Animal Husbadry & Veterinary Department(PVC) Tatipally,RTI_telangana,Tatipally,NA
Telangana,Animal Husbadry & Veterinary Department(PVC) Tekmal,RTI_telangana,Tekmal,NA
Telangana,Animal Husbadry & Veterinary Department(PVC) Tekumatla,RTI_telangana,Tekumatla,NA
Telangana,Animal Husbadry & Veterinary Department(PVC) Thadicherla,RTI_telangana,Thadicherla,NA
Telangana,Animal Husbadry & Veterinary Department(PVC) Thadkal,RTI_telangana,Thadkal,NA
Telangana,Animal Husbadry & Veterinary Department(PVC) Thammaram,RTI_telangana,Thammaram,NA
Telangana,Animal Husbadry & Veterinary Department(PVC) Thimmaipalli,RTI_telangana,Thimmaipalli,NA
Telangana,Animal Husbadry & Veterinary Department(PVC) Thimmapur,RTI_telangana,Thimmapur,NA
Telangana,Animal Husbadry & Veterinary Department(PVC) Thoguta,RTI_telangana,Thoguta,NA
Telangana,Animal Husbadry & Veterinary Department(PVC) Thormamidi,RTI_telangana,Thormamidi,NA
Telangana,Animal Husbadry & Veterinary Department(PVC) Thornal,RTI_telangana,Thornal,NA
Telangana,Animal Husbadry & Veterinary Department(PVC) Thungur,RTI_telangana,Thungur,NA
Telangana,Animal Husbadry & Veterinary Department(PVC) Tippadampally,RTI_telangana,Tippadampally,NA
Telangana,Animal Husbadry & Veterinary Department(PVC) Toopran,RTI_telangana,Toopran,NA
Telangana,Animal Husbadry & Veterinary Department(PVC) Tukkuguda,RTI_telangana,Tukkuguda,NA
Telangana,Animal Husbadry & Veterinary Department(PVC) U.N Tanda,RTI_telangana,U.N Tanda,NA
Telangana,Animal Husbadry & Veterinary Department(PVC) UNDAVELLY,RTI_telangana,UNDAVELLY,NA
Telangana,Animal Husbadry & Veterinary Department(PVC) Undyal,RTI_telangana,Undyal,NA
Telangana,Animal Husbadry & Veterinary Department(PVC) UPPAIR,RTI_telangana,UPPAIR,NA
Telangana,Animal Husbadry & Veterinary Department(PVC) Uppal,RTI_telangana,Uppal,NA
Telangana,Animal Husbadry & Veterinary Department(PVC) Utkoor,RTI_telangana,Utkoor,NA
Telangana,Animal Husbadry & Veterinary Department(PVC) VadloorBegumpet,RTI_telangana,VadloorBegumpet,NA
Telangana,Animal Husbadry & Veterinary Department(PVC) Vangara,RTI_telangana,Vangara,NA
Telangana,Animal Husbadry & Veterinary Department(PVC) Vavilala,RTI_telangana,Vavilala,NA
Telangana,Animal Husbadry & Veterinary Department(PVC) VEDIRA,RTI_telangana,VEDIRA,NA
Telangana,Animal Husbadry & Veterinary Department(PVC) veenavanka,RTI_telangana,veenavanka,NA
Telangana,Animal Husbadry & Veterinary Department(PVC) Velgatur,RTI_telangana,Velgatur,NA
Telangana,Animal Husbadry & Veterinary Department(PVC) Velgonda,RTI_telangana,Velgonda,NA
Telangana,Animal Husbadry & Veterinary Department(PVC) Veloor,RTI_telangana,Veloor,NA
Telangana,Animal Husbadry & Veterinary Department(PVC) Velugupally,RTI_telangana,Velugupally,NA
Telangana,Animal Husbadry & Veterinary Department(PVC) Vempaty,RTI_telangana,Vempaty,NA
Telangana,Animal Husbadry & Veterinary Department(PVC) Vemula,RTI_telangana,Vemula,NA
Telangana,Animal Husbadry & Veterinary Department(PVC) Venguapet,RTI_telangana,Venguapet,NA
Telangana,Animal Husbadry & Veterinary Department(PVC) Venkatrao Pally,RTI_telangana,Venkatrao Pally,NA
Telangana,Animal Husbadry & Veterinary Department(PVC) Venkepally,RTI_telangana,Venkepally,NA
Telangana,Animal Husbadry & Veterinary Department(PVC) Vennampalli,RTI_telangana,Vennampalli,NA
Telangana,Animal Husbadry & Veterinary Department(PVC) Vinayakapuram,RTI_telangana,Vinayakapuram,NA
Telangana,Animal Husbadry & Veterinary Department(PVC) Wadyal,RTI_telangana,Wadyal,NA
Telangana,Animal Husbadry & Veterinary Department(PVC) Wankidi,RTI_telangana,Wankidi,NA
Telangana,Animal Husbadry & Veterinary Department(PVC) Wardhamanakota,RTI_telangana,Wardhamanakota,NA
Telangana,Animal Husbadry & Veterinary Department(PVC) Wargal,RTI_telangana,Wargal,NA
Telangana,Animal Husbadry & Veterinary Department(PVC) Weepanagandla,RTI_telangana,Weepanagandla,NA
Telangana,Animal Husbadry & Veterinary Department(PVC) Yacharam,RTI_telangana,Yacharam,NA
Telangana,Animal Husbadry & Veterinary Department(PVC) Yalal,RTI_telangana,Yalal,NA
Telangana,Animal Husbadry & Veterinary Department(PVC) Yapalguda,RTI_telangana,Yapalguda,NA
Telangana,Animal Husbadry & Veterinary Department(PVC) Yeldurty,RTI_telangana,Yeldurty,NA
Telangana,Animal Husbadry & Veterinary Department(PVC) Yellakonda,RTI_telangana,Yellakonda,NA
Telangana,Animal Husbadry & Veterinary Department(PVC) Yellareddyguda,RTI_telangana,Yellareddyguda,NA
Telangana,Animal Husbadry & Veterinary Department(PVC) Yelpugonda,RTI_telangana,Yelpugonda,NA
Telangana,Animal Husbadry & Veterinary Department(PVC) Yenugumatla,RTI_telangana,Yenugumatla,NA
Telangana,Animal Husbadry & Veterinary Department(PVC) YERRAGUNTA,RTI_telangana,YERRAGUNTA,NA
Telangana,Animal Husbadry & Veterinary Department(PVC) Yerraram,RTI_telangana,Yerraram,NA
Telangana,Animal Husbadry & Veterinary Department(PVC) Yousufpet,RTI_telangana,Yousufpet,NA
Telangana,"Animal Husbadry & Veterinary Department(PVC), Bommakal",RTI_telangana,Bommakal,NA
Telangana,"Animal Husbadry & Veterinary Department(PVC), Palem",RTI_telangana,Palem,NA
Telangana,"Animal Husbadry & Veterinary Department(PVC), Yetham",RTI_telangana,Yetham,NA
Telangana,"Animal Husbadry & Veterinary Department(PVC), Adavidevulapally",RTI_telangana,Adavidevulapally,NA
Telangana,"Animal Husbadry & Veterinary Department(PVC), Alagadapa",RTI_telangana,Alagadapa,NA
Telangana,"Animal Husbadry & Veterinary Department(PVC), Ammanabole",RTI_telangana,Ammanabole,NA
Telangana,"Animal Husbadry & Veterinary Department(PVC), Anjanpally",RTI_telangana,Anjanpally,NA
Telangana,"Animal Husbadry & Veterinary Department(PVC), Appajipeta",RTI_telangana,Appajipeta,NA
Telangana,"Animal Husbadry & Veterinary Department(PVC), ARVAPALLY",RTI_telangana,ARVAPALLY,NA
Telangana,"Animal Husbadry & Veterinary Department(PVC), Avancha",RTI_telangana,Avancha,NA
Telangana,"Animal Husbadry & Veterinary Department(PVC), Balmoor",RTI_telangana,Balmoor,NA
Telangana,"Animal Husbadry & Veterinary Department(PVC), Begumpet",RTI_telangana,Begumpet,NA
Telangana,"Animal Husbadry & Veterinary Department(PVC), Bheemaram",RTI_telangana,Bheemaram,NA
Telangana,"Animal Husbadry & Veterinary Department(PVC), Bheemini",RTI_telangana,Bheemini,NA
Telangana,"Animal Husbadry & Veterinary Department(PVC), Bijinapally",RTI_telangana,Bijinapally,NA
Telangana,"Animal Husbadry & Veterinary Department(PVC), Chalakurthy",RTI_telangana,Chalakurthy,NA
Telangana,"Animal Husbadry & Veterinary Department(PVC), Chandampet",RTI_telangana,Chandampet,NA
Telangana,"Animal Husbadry & Veterinary Department(PVC), Charakonda",RTI_telangana,Charakonda,NA
Telangana,"Animal Husbadry & Veterinary Department(PVC), Chelpur",RTI_telangana,Chelpur,NA
Telangana,"Animal Husbadry & Veterinary Department(PVC), Cherkupally",RTI_telangana,Cherkupally,NA
Telangana,"Animal Husbadry & Veterinary Department(PVC), Cherlagouraram",RTI_telangana,Cherlagouraram,NA
Telangana,"Animal Husbadry & Veterinary Department(PVC), Chinthapally",RTI_telangana,Chinthapally,NA
Telangana,"Animal Husbadry & Veterinary Department(PVC), Chityala",RTI_telangana,Chityala,NA
Telangana,"Animal Husbadry & Veterinary Department(PVC), Damaracherla",RTI_telangana,Damaracherla,NA
Telangana,"Animal Husbadry & Veterinary Department(PVC), Dharmaram",RTI_telangana,Dharmaram,NA
Telangana,"Animal Husbadry & Veterinary Department(PVC), Eligaid",RTI_telangana,Eligaid,NA
Telangana,"Animal Husbadry & Veterinary Department(PVC), Gattuppal",RTI_telangana,Gattuppal,NA
Telangana,"Animal Husbadry & Veterinary Department(PVC), Gundlapally",RTI_telangana,Gundlapally,NA
Telangana,"Animal Husbadry & Veterinary Department(PVC), Gundoor",RTI_telangana,Gundoor,NA
Telangana,"Animal Husbadry & Veterinary Department(PVC), Gurrampode",RTI_telangana,Gurrampode,NA
Telangana,"Animal Husbadry & Veterinary Department(PVC), Haliya",RTI_telangana,Haliya,NA
Telangana,"Animal Husbadry & Veterinary Department(PVC), Inole",RTI_telangana,Inole,NA
Telangana,"Animal Husbadry & Veterinary Department(PVC), Itukulapahad",RTI_telangana,Itukulapahad,NA
Telangana,"Animal Husbadry & Veterinary Department(PVC), Jaipur",RTI_telangana,Jaipur,NA
Telangana,"Animal Husbadry & Veterinary Department(PVC), Junuthala",RTI_telangana,Junuthala,NA
Telangana,"Animal Husbadry & Veterinary Department(PVC), Kamanpur",RTI_telangana,Kamanpur,NA
Telangana,"Animal Husbadry & Veterinary Department(PVC), Kambalapally",RTI_telangana,Kambalapally,NA
Telangana,"Animal Husbadry & Veterinary Department(PVC), Kanagal",RTI_telangana,Kanagal,NA
Telangana,"Animal Husbadry & Veterinary Department(PVC), Kannekal",RTI_telangana,Kannekal,NA
Telangana,"Animal Husbadry & Veterinary Department(PVC), Kattangur",RTI_telangana,Kattangur,NA
Telangana,"Animal Husbadry & Veterinary Department(PVC), Kethepally",RTI_telangana,Kethepally,NA
Telangana,"Animal Husbadry & Veterinary Department(PVC), Kodair",RTI_telangana,Kodair,NA
Telangana,"Animal Husbadry & Veterinary Department(PVC), Kompally",RTI_telangana,Kompally,NA
Telangana,"Animal Husbadry & Veterinary Department(PVC), Kondamallepally",RTI_telangana,Kondamallepally,NA
Telangana,"Animal Husbadry & Veterinary Department(PVC), Kondrapole",RTI_telangana,Kondrapole,NA
Telangana,"Animal Husbadry & Veterinary Department(PVC), Koppole",RTI_telangana,Koppole,NA
Telangana,"Animal Husbadry & Veterinary Department(PVC), Kothapalli",RTI_telangana,Kothapalli,NA
Telangana,"Animal Husbadry & Veterinary Department(PVC), Kummera",RTI_telangana,Kummera,NA
Telangana,"Animal Husbadry & Veterinary Department(PVC), Madgulapally",RTI_telangana,Madgulapally,NA
Telangana,"Animal Husbadry & Veterinary Department(PVC), Madharam",RTI_telangana,Madharam,NA
Telangana,"Animal Husbadry & Veterinary Department(PVC), Mandamarri",RTI_telangana,Mandamarri,NA
Telangana,"Animal Husbadry & Veterinary Department(PVC), Mangalpally",RTI_telangana,Mangalpally,NA
Telangana,"Animal Husbadry & Veterinary Department(PVC), Manthati",RTI_telangana,Manthati,NA
Telangana,"Animal Husbadry & Veterinary Department(PVC), Marriguda",RTI_telangana,Marriguda,NA
Telangana,"Animal Husbadry & Veterinary Department(PVC), Medaram",RTI_telangana,Medaram,NA
Telangana,"Animal Husbadry & Veterinary Department(PVC), Munugode",RTI_telangana,Munugode,NA
Telangana,"Animal Husbadry & Veterinary Department(PVC), Mushampally",RTI_telangana,Mushampally,NA
Telangana,"Animal Husbadry & Veterinary Department(PVC), Mutharam(mnt",RTI_telangana,Mutharam(mnt,NA
Telangana,"Animal Husbadry & Veterinary Department(PVC), Muthyampet",RTI_telangana,Muthyampet,NA
Telangana,"Animal Husbadry & Veterinary Department(PVC), Nadimpally",RTI_telangana,Nadimpally,NA
Telangana,"Animal Husbadry & Veterinary Department(PVC), Nagarjunasagar",RTI_telangana,Nagarjunasagar,NA
Telangana,"Animal Husbadry & Veterinary Department(PVC), Nampally",RTI_telangana,Nampally,NA
Telangana,"Animal Husbadry & Veterinary Department(PVC), Narketpally",RTI_telangana,Narketpally,NA
Telangana,"Animal Husbadry & Veterinary Department(PVC), Narlapoor",RTI_telangana,Narlapoor,NA
Telangana,"Animal Husbadry & Veterinary Department(PVC), Nomula",RTI_telangana,Nomula,NA
Telangana,"Animal Husbadry & Veterinary Department(PVC), PA.Pally",RTI_telangana,PA.Pally,NA
Telangana,"Animal Husbadry & Veterinary Department(PVC), Padara",RTI_telangana,Padara,NA
Telangana,"Animal Husbadry & Veterinary Department(PVC), Pamulapahad",RTI_telangana,Pamulapahad,NA
Telangana,"Animal Husbadry & Veterinary Department(PVC), Parada",RTI_telangana,Parada,NA
Telangana,"Animal Husbadry & Veterinary Department(PVC), Pedda Kotha Pally",RTI_telangana,Pedda Kotha Pally,NA
Telangana,"Animal Husbadry & Veterinary Department(PVC), Peddavoora",RTI_telangana,Peddavoora,NA
Telangana,"Animal Husbadry & Veterinary Department(PVC), Peddur",RTI_telangana,Peddur,NA
Telangana,"Animal Husbadry & Veterinary Department(PVC), Pentlavelly",RTI_telangana,Pentlavelly,NA
Telangana,"Animal Husbadry & Veterinary Department(PVC), Polepally Ramnagar",RTI_telangana,Polepally Ramnagar,NA
Telangana,"Animal Husbadry & Veterinary Department(PVC), Pothapally",RTI_telangana,Pothapally,NA
Telangana,"Animal Husbadry & Veterinary Department(PVC), Pullemla",RTI_telangana,Pullemla,NA
Telangana,"Animal Husbadry & Veterinary Department(PVC), Puttpaka",RTI_telangana,Puttpaka,NA
Telangana,"Animal Husbadry & Veterinary Department(PVC), Raginedu",RTI_telangana,Raginedu,NA
Telangana,"Animal Husbadry & Veterinary Department(PVC), Shaligouraram",RTI_telangana,Shaligouraram,NA
Telangana,"Animal Husbadry & Veterinary Department(PVC), Shivannaguda",RTI_telangana,Shivannaguda,NA
Telangana,"Animal Husbadry & Veterinary Department(PVC), Siripuram",RTI_telangana,Siripuram,NA
Telangana,"Animal Husbadry & Veterinary Department(PVC), Srinagar",RTI_telangana,Srinagar,NA
Telangana,"Animal Husbadry & Veterinary Department(PVC), Sulthanabad",RTI_telangana,Sulthanabad,NA
Telangana,"Animal Husbadry & Veterinary Department(PVC), Sunkishala",RTI_telangana,Sunkishala,NA
Telangana,"Animal Husbadry & Veterinary Department(PVC), Tandur",RTI_telangana,Tandur,NA
Telangana,"Animal Husbadry & Veterinary Department(PVC), Tapalpur",RTI_telangana,Tapalpur,NA
Telangana,"Animal Husbadry & Veterinary Department(PVC), Tawklapur",RTI_telangana,Tawklapur,NA
Telangana,"Animal Husbadry & Veterinary Department(PVC), Telkapally",RTI_telangana,Telkapally,NA
Telangana,"Animal Husbadry & Veterinary Department(PVC), Telugupally",RTI_telangana,Telugupally,NA
Telangana,"Animal Husbadry & Veterinary Department(PVC), Thadoor",RTI_telangana,Thadoor,NA
Telangana,"Animal Husbadry & Veterinary Department(PVC), Thakkallapally",RTI_telangana,Thakkallapally,NA
Telangana,"Animal Husbadry & Veterinary Department(PVC), Thandra",RTI_telangana,Thandra,NA
Telangana,"Animal Husbadry & Veterinary Department(PVC), Thimmajipet",RTI_telangana,Thimmajipet,NA
Telangana,"Animal Husbadry & Veterinary Department(PVC), Thipparthy",RTI_telangana,Thipparthy,NA
Telangana,"Animal Husbadry & Veterinary Department(PVC), Thirumalagiri",RTI_telangana,Thirumalagiri,NA
Telangana,"Animal Husbadry & Veterinary Department(PVC), Thudukurty",RTI_telangana,Thudukurty,NA
Telangana,"Animal Husbadry & Veterinary Department(PVC), Thummadam",RTI_telangana,Thummadam,NA
Telangana,"Animal Husbadry & Veterinary Department(PVC), Thummanpet",RTI_telangana,Thummanpet,NA
Telangana,"Animal Husbadry & Veterinary Department(PVC), Thungapahad",RTI_telangana,Thungapahad,NA
Telangana,"Animal Husbadry & Veterinary Department(PVC), Tripuraram",RTI_telangana,Tripuraram,NA
Telangana,"Animal Husbadry & Veterinary Department(PVC), Urmadla",RTI_telangana,Urmadla,NA
Telangana,"Animal Husbadry & Veterinary Department(PVC), Utlapally",RTI_telangana,Utlapally,NA
Telangana,"Animal Husbadry & Veterinary Department(PVC), Vangoor",RTI_telangana,Vangoor,NA
Telangana,"Animal Husbadry & Veterinary Department(PVC), Veldanda",RTI_telangana,Veldanda,NA
Telangana,"Animal Husbadry & Veterinary Department(PVC), Veltoor",RTI_telangana,Veltoor,NA
Telangana,"Animal Husbadry & Veterinary Department(PVC), Vemulapally",RTI_telangana,Vemulapally,NA
Telangana,"Animal Husbadry & Veterinary Department(PVC), Waddeman",RTI_telangana,Waddeman,NA
Telangana,"Animal Husbadry & Veterinary Department(PVC), YANAMBILE",RTI_telangana,YANAMBILE,NA
Telangana,"Animal Husbadry & Veterinary Department(PVC),Akenepally",RTI_telangana,Akenepally,NA
Telangana,"Animal Husbadry & Veterinary Department(PVC),Allapally",RTI_telangana,Allapally,NA
Telangana,"Animal Husbadry & Veterinary Department(PVC),Aloor",RTI_telangana,Aloor,NA
Telangana,"Animal Husbadry & Veterinary Department(PVC),Asnad",RTI_telangana,Asnad,NA
Telangana,"Animal Husbadry & Veterinary Department(PVC),Athmakur",RTI_telangana,Athmakur,NA
Telangana,"Animal Husbadry & Veterinary Department(PVC),Awadm",RTI_telangana,Awadm,NA
Telangana,"Animal Husbadry & Veterinary Department(PVC),B.Gangaram",RTI_telangana,B.Gangaram,NA
Telangana,"Animal Husbadry & Veterinary Department(PVC),B.L.Camp",RTI_telangana,B.L.Camp,NA
Telangana,"Animal Husbadry & Veterinary Department(PVC),Balkonda",RTI_telangana,Balkonda,NA
Telangana,"Animal Husbadry & Veterinary Department(PVC),Bayyanagudem",RTI_telangana,Bayyanagudem,NA
Telangana,"Animal Husbadry & Veterinary Department(PVC),Beerolu",RTI_telangana,Beerolu,NA
Telangana,"Animal Husbadry & Veterinary Department(PVC),Bonakal",RTI_telangana,Bonakal,NA
Telangana,"Animal Husbadry & Veterinary Department(PVC),Borgaon _P",RTI_telangana,Borgaon _P,NA
Telangana,"Animal Husbadry & Veterinary Department(PVC),Chennuru",RTI_telangana,Chennuru,NA
Telangana,"Animal Husbadry & Veterinary Department(PVC),Cherla",RTI_telangana,Cherla,NA
Telangana,"Animal Husbadry & Veterinary Department(PVC),Cherlapally",RTI_telangana,Cherlapally,NA
Telangana,"Animal Husbadry & Veterinary Department(PVC),Cheruvumadharam",RTI_telangana,Cheruvumadharam,NA
Telangana,"Animal Husbadry & Veterinary Department(PVC),Chimanpally",RTI_telangana,Chimanpally,NA
Telangana,"Animal Husbadry & Veterinary Department(PVC),Chinnakalvala",RTI_telangana,Chinnakalvala,NA
Telangana,"Animal Husbadry & Veterinary Department(PVC),Chinthakani",RTI_telangana,Chinthakani,NA
Telangana,"Animal Husbadry & Veterinary Department(PVC),Choutpally",RTI_telangana,Choutpally,NA
Telangana,"Animal Husbadry & Veterinary Department(PVC),Dandepally (Trib",RTI_telangana,Dandepally (Trib,NA
Telangana,"Animal Husbadry & Veterinary Department(PVC),Dharmaram B",RTI_telangana,Dharmaram B,NA
Telangana,"Animal Husbadry & Veterinary Department(PVC),Dharpally",RTI_telangana,Dharpally,NA
Telangana,"Animal Husbadry & Veterinary Department(PVC),Dichpally",RTI_telangana,Dichpally,NA
Telangana,"Animal Husbadry & Veterinary Department(PVC),Donabanda",RTI_telangana,Donabanda,NA
Telangana,"Animal Husbadry & Veterinary Department(PVC),Donkeshwar",RTI_telangana,Donkeshwar,NA
Telangana,"Animal Husbadry & Veterinary Department(PVC),Enkur",RTI_telangana,Enkur,NA
Telangana,"Animal Husbadry & Veterinary Department(PVC),Govindapuram",RTI_telangana,Govindapuram,NA
Telangana,"Animal Husbadry & Veterinary Department(PVC),Gubbagurthi",RTI_telangana,Gubbagurthi,NA
Telangana,"Animal Husbadry & Veterinary Department(PVC),Gunjapadugu",RTI_telangana,Gunjapadugu,NA
Telangana,"Animal Husbadry & Veterinary Department(PVC),Hazipur",RTI_telangana,Hazipur,NA
Telangana,"Animal Husbadry & Veterinary Department(PVC),Indanpally",RTI_telangana,Indanpally,NA
Telangana,"Animal Husbadry & Veterinary Department(PVC),Jakranpally",RTI_telangana,Jakranpally,NA
Telangana,"Animal Husbadry & Veterinary Department(PVC),Jeellacheruvu",RTI_telangana,Jeellacheruvu,NA
Telangana,"Animal Husbadry & Veterinary Department(PVC),Julapalli",RTI_telangana,Julapalli,NA
Telangana,"Animal Husbadry & Veterinary Department(PVC),Kakarlapalli",RTI_telangana,Kakarlapalli,NA
Telangana,"Animal Husbadry & Veterinary Department(PVC),Kalluru",RTI_telangana,Kalluru,NA
Telangana,"Animal Husbadry & Veterinary Department(PVC),Kamalapuram",RTI_telangana,Kamalapuram,NA
Telangana,"Animal Husbadry & Veterinary Department(PVC),Kamepalli",RTI_telangana,Kamepalli,NA
Telangana,"Animal Husbadry & Veterinary Department(PVC),Kammarpally",RTI_telangana,Kammarpally,NA
Telangana,"Animal Husbadry & Veterinary Department(PVC),Kandukuru",RTI_telangana,Kandukuru,NA
Telangana,"Animal Husbadry & Veterinary Department(PVC),Kaspet (Trib",RTI_telangana,Kaspet (Trib,NA
Telangana,"Animal Husbadry & Veterinary Department(PVC),Katherasala",RTI_telangana,Katherasala,NA
Telangana,"Animal Husbadry & Veterinary Department(PVC),Khammam (R",RTI_telangana,Khammam,NA
Telangana,"Animal Husbadry & Veterinary Department(PVC),Khammampadu",RTI_telangana,Khammam,NA
Telangana,"Animal Husbadry & Veterinary Department(PVC),Kissannagar",RTI_telangana,Kissannagar,NA
Telangana,"Animal Husbadry & Veterinary Department(PVC),Kistaram",RTI_telangana,Kistaram,NA
Telangana,"Animal Husbadry & Veterinary Department(PVC),Kolanoor",RTI_telangana,Kolanoor,NA
Telangana,"Animal Husbadry & Veterinary Department(PVC),Konijerla",RTI_telangana,Konijerla,NA
Telangana,"Animal Husbadry & Veterinary Department(PVC),Kotagiri",RTI_telangana,Kotagiri,NA
Telangana,"Animal Husbadry & Veterinary Department(PVC),Kotapally",RTI_telangana,Kotapally,NA
Telangana,"Animal Husbadry & Veterinary Department(PVC),Kurnavalli",RTI_telangana,Kurnavalli,NA
Telangana,"Animal Husbadry & Veterinary Department(PVC),Kusumanchi",RTI_telangana,Kusumanchi,NA
Telangana,"Animal Husbadry & Veterinary Department(PVC),L.K.Faram",RTI_telangana,L.K.Faram,NA
Telangana,"Animal Husbadry & Veterinary Department(PVC),M.V.Palem",RTI_telangana,M.V.Palem,NA
Telangana,"Animal Husbadry & Veterinary Department(PVC),Madanpally",RTI_telangana,Madanpally,NA
Telangana,"Animal Husbadry & Veterinary Department(PVC),Makloor",RTI_telangana,Makloor,NA
Telangana,"Animal Husbadry & Veterinary Department(PVC),Mancherial",RTI_telangana,Mancherial,NA
Telangana,"Animal Husbadry & Veterinary Department(PVC),Morthad",RTI_telangana,Morthad,NA
Telangana,"Animal Husbadry & Veterinary Department(PVC),Mucherla",RTI_telangana,Mucherla,NA
Telangana,"Animal Husbadry & Veterinary Department(PVC),Mudakpally",RTI_telangana,Mudakpally,NA
Telangana,"Animal Husbadry & Veterinary Department(PVC),Mudigonda",RTI_telangana,Mudigonda,NA
Telangana,"Animal Husbadry & Veterinary Department(PVC),Nadikuda",RTI_telangana,Nadikuda,NA
Telangana,"Animal Husbadry & Veterinary Department(PVC),Nandipet",RTI_telangana,Nandipet,NA
Telangana,"Animal Husbadry & Veterinary Department(PVC),Navipet",RTI_telangana,Navipet,NA
Telangana,"Animal Husbadry & Veterinary Department(PVC),Neelwai",RTI_telangana,Neelwai,NA
Telangana,"Animal Husbadry & Veterinary Department(PVC),Nennel",RTI_telangana,Nennel,NA
Telangana,"Animal Husbadry & Veterinary Department(PVC),Oded",RTI_telangana,Oded,NA
Telangana,"Animal Husbadry & Veterinary Department(PVC),Odela",RTI_telangana,Odela,NA
Telangana,"Animal Husbadry & Veterinary Department(PVC),Oorugonda",RTI_telangana,Oorugonda,NA
Telangana,"Animal Husbadry & Veterinary Department(PVC),Pachalnadkuda",RTI_telangana,Pachalnadkuda,NA
Telangana,"Animal Husbadry & Veterinary Department(PVC),Pakabanda",RTI_telangana,Pakabanda,NA
Telangana,"Animal Husbadry & Veterinary Department(PVC),Paladuru",RTI_telangana,Paladuru,NA
Telangana,"Animal Husbadry & Veterinary Department(PVC),Papatapally",RTI_telangana,Papatapally,NA
Telangana,"Animal Husbadry & Veterinary Department(PVC),Pathakaraigudem",RTI_telangana,Pathakaraigudem,NA
Telangana,"Animal Husbadry & Veterinary Department(PVC),Pathipaka",RTI_telangana,Pathipaka,NA
Telangana,"Animal Husbadry & Veterinary Department(PVC),Peddarathpalli",RTI_telangana,Peddarathpalli,NA
Telangana,"Animal Husbadry & Veterinary Department(PVC),Pentakurd",RTI_telangana,Pentakurd,NA
Telangana,"Animal Husbadry & Veterinary Department(PVC),Penuballi",RTI_telangana,Penuballi,NA
Telangana,"Animal Husbadry & Veterinary Department(PVC),Perkit",RTI_telangana,Perkit,NA
Telangana,"Animal Husbadry & Veterinary Department(PVC),Pipri",RTI_telangana,Pipri,NA
Telangana,"Animal Husbadry & Veterinary Department(PVC),Pothangal",RTI_telangana,Pothangal,NA
Telangana,"Animal Husbadry & Veterinary Department(PVC),Ramagundam",RTI_telangana,Ramagundam,NA
Telangana,"Animal Husbadry & Veterinary Department(PVC),Raspally",RTI_telangana,Raspally,NA
Telangana,"Animal Husbadry & Veterinary Department(PVC),Renjal",RTI_telangana,Renjal,NA
Telangana,"Animal Husbadry & Veterinary Department(PVC),Renjarla",RTI_telangana,Renjarla,NA
Telangana,"Animal Husbadry & Veterinary Department(PVC),Rudrur",RTI_telangana,Rudrur,NA
Telangana,"Animal Husbadry & Veterinary Department(PVC),Shayampet",RTI_telangana,Shayampet,NA
Telangana,"Animal Husbadry & Veterinary Department(PVC),Singareni",RTI_telangana,Singareni,NA
Telangana,"Animal Husbadry & Veterinary Department(PVC),Sirikonda",RTI_telangana,Sirikonda,NA
Telangana,"Animal Husbadry & Veterinary Department(PVC),Siripuram",RTI_telangana,Siripuram,NA
Telangana,"Animal Husbadry & Veterinary Department(PVC),Srirampur",RTI_telangana,Srirampur,NA
Telangana,"Animal Husbadry & Veterinary Department(PVC),Sublaid",RTI_telangana,Sublaid,NA
Telangana,"Animal Husbadry & Veterinary Department(PVC),Surbiryal",RTI_telangana,Surbiryal,NA
Telangana,"Animal Husbadry & Veterinary Department(PVC),Telikunta",RTI_telangana,Telikunta,NA
Telangana,"Animal Husbadry & Veterinary Department(PVC),Thakkellapadu",RTI_telangana,Thakkellapadu,NA
Telangana,"Animal Husbadry & Veterinary Department(PVC),Thallada",RTI_telangana,Thallada,NA
Telangana,"Animal Husbadry & Veterinary Department(PVC),Thallampadu",RTI_telangana,Thallampadu,NA
Telangana,"Animal Husbadry & Veterinary Department(PVC),Thanikella",RTI_telangana,Thanikella,NA
Telangana,"Animal Husbadry & Veterinary Department(PVC),Thimmapur",RTI_telangana,Thimmapur,NA
Telangana,"Animal Husbadry & Veterinary Department(PVC),Thimmaraopeta",RTI_telangana,Thimmaraopeta,NA
Telangana,"Animal Husbadry & Veterinary Department(PVC),Thirumalayapalem",RTI_telangana,Thirumalayapalem,NA
Telangana,"Animal Husbadry & Veterinary Department(PVC),V.Kistapuram",RTI_telangana,V.Kistapuram,NA
Telangana,"Animal Husbadry & Veterinary Department(PVC),V.Venkatapuram",RTI_telangana,V.Venkatapuram,NA
Telangana,"Animal Husbadry & Veterinary Department(PVC),Velpur",RTI_telangana,Velpur,NA
Telangana,"Animal Husbadry & Veterinary Department(PVC),Vemanpally",RTI_telangana,Vemanpally,NA
Telangana,"Animal Husbadry & Veterinary Department(PVC),Vemsoor",RTI_telangana,Vemsoor,NA
Telangana,"Animal Husbadry & Veterinary Department(PVC),Wyra",RTI_telangana,Wyra,NA
Telangana,"Animal Husbadry & Veterinary Department(PVC),Yedpally",RTI_telangana,Yedpally,NA
Telangana,"Animal Husbadry & Veterinary Department(PVC),Yerrupalem",RTI_telangana,Yerrupalem,NA
Telangana,Animal Husbadry & Veterinary Department(PVC). E.Bayyaram,RTI_telangana,. E.Bayyaram,NA
Telangana,Animal Husbadry & Veterinary Department(PVC). Ippugudem,RTI_telangana,. Ippugudem,NA
Telangana,Animal Husbadry & Veterinary Department(PVC). Korivi,RTI_telangana,. Korivi,NA
Telangana,Animal Husbadry & Veterinary Department(PVC). Lingalaghanpur,RTI_telangana,. Lingalaghanpur,NA
Telangana,Animal Husbadry & Veterinary Department(PVC). Narmetta,RTI_telangana,. Narmetta,NA
Telangana,Animal Husbadry & Veterinary Department(PVC). Neermala,RTI_telangana,. Neermala,NA
Telangana,Animal Husbadry & Veterinary Department(PVC). Palakurthy,RTI_telangana,. Palakurthy,NA
Telangana,Animal Husbadry & Veterinary Department(PVC). Uppugal,RTI_telangana,. Uppugal,NA
Telangana,Animal Husbadry & Veterinary Department(PVC). Zaffergadh,RTI_telangana,. Zaffergadh,NA
Telangana,Animal Husbadry & Veterinary Department(PVC).Alankanipet,RTI_telangana,.Alankanipet,NA
Telangana,Animal Husbadry & Veterinary Department(PVC).Alubaka,RTI_telangana,.Alubaka,NA
Telangana,Animal Husbadry & Veterinary Department(PVC).AMBARIPET,RTI_telangana,.AMBARIPET,NA
Telangana,Animal Husbadry & Veterinary Department(PVC).ATHMAKUR,RTI_telangana,.ATHMAKUR,NA
Telangana,Animal Husbadry & Veterinary Department(PVC).Bachannapet,RTI_telangana,.Bachannapet,NA
Telangana,Animal Husbadry & Veterinary Department(PVC).Banjipet,RTI_telangana,.Banjipet,NA
Telangana,Animal Husbadry & Veterinary Department(PVC).Basherabad,RTI_telangana,.Basherabad,NA
Telangana,Animal Husbadry & Veterinary Department(PVC).BHAVANIPET,RTI_telangana,.BHAVANIPET,NA
Telangana,Animal Husbadry & Veterinary Department(PVC).Bhupathipet,RTI_telangana,.Bhupathipet,NA
Telangana,Animal Husbadry & Veterinary Department(PVC).BIBIPET,RTI_telangana,.BIBIPET,NA
Telangana,Animal Husbadry & Veterinary Department(PVC).BIKNOOR,RTI_telangana,.BIKNOOR,NA
Telangana,Animal Husbadry & Veterinary Department(PVC).BIRKUR,RTI_telangana,.BIRKUR,NA
Telangana,Animal Husbadry & Veterinary Department(PVC).Chennaraopet,RTI_telangana,.Chennaraopet,NA
Telangana,Animal Husbadry & Veterinary Department(PVC).Chennur,RTI_telangana,.Chennur,NA
Telangana,Animal Husbadry & Veterinary Department(PVC).Chinnaboinapally,RTI_telangana,.Chinnaboinapally,NA
Telangana,Animal Husbadry & Veterinary Department(PVC).Chinnagudur,RTI_telangana,.Chinnagudur,NA
Telangana,Animal Husbadry & Veterinary Department(PVC).Chinthanekkonda,RTI_telangana,.Chinthanekkonda,NA
Telangana,Animal Husbadry & Veterinary Department(PVC).Dammannapet,RTI_telangana,.Dammannapet,NA
Telangana,Animal Husbadry & Veterinary Department(PVC).Dantalapally,RTI_telangana,.Dantalapally,NA
Telangana,Animal Husbadry & Veterinary Department(PVC).Devaruppula,RTI_telangana,.Devaruppula,NA
Telangana,Animal Husbadry & Veterinary Department(PVC).Dharmasagar,RTI_telangana,.Dharmasagar,NA
Telangana,Animal Husbadry & Veterinary Department(PVC).DONGLI,RTI_telangana,.DONGLI,NA
Telangana,Animal Husbadry & Veterinary Department(PVC).Dornakal,RTI_telangana,.Dornakal,NA
Telangana,Animal Husbadry & Veterinary Department(PVC).Duggondi,RTI_telangana,.Duggondi,NA
Telangana,Animal Husbadry & Veterinary Department(PVC).Edunuthala,RTI_telangana,.Edunuthala,NA
Telangana,Animal Husbadry & Veterinary Department(PVC).Erjerla,RTI_telangana,.Erjerla,NA
Telangana,Animal Husbadry & Veterinary Department(PVC).Fort Warangal,RTI_telangana,Warangal,NA
Telangana,Animal Husbadry & Veterinary Department(PVC).GALIPUR,RTI_telangana,.GALIPUR,NA
Telangana,Animal Husbadry & Veterinary Department(PVC).GANDHARI,RTI_telangana,.GANDHARI,NA
Telangana,Animal Husbadry & Veterinary Department(PVC).GANDIVET,RTI_telangana,.GANDIVET,NA
Telangana,Animal Husbadry & Veterinary Department(PVC).Ganugapahad,RTI_telangana,.Ganugapahad,NA
Telangana,Animal Husbadry & Veterinary Department(PVC).GARGUL,RTI_telangana,.GARGUL,NA
Telangana,Animal Husbadry & Veterinary Department(PVC).Garla,RTI_telangana,.Garla,NA
Telangana,Animal Husbadry & Veterinary Department(PVC).Gavicherla,RTI_telangana,.Gavicherla,NA
Telangana,Animal Husbadry & Veterinary Department(PVC).Geesugonda,RTI_telangana,.Geesugonda,NA
Telangana,Animal Husbadry & Veterinary Department(PVC).Govindaraopet,RTI_telangana,.Govindaraopet,NA
Telangana,Animal Husbadry & Veterinary Department(PVC).Hanamkonda,RTI_telangana,Hanamkonda,NA
Telangana,Animal Husbadry & Veterinary Department(PVC).HANMAJIPET,RTI_telangana,.HANMAJIPET,NA
Telangana,Animal Husbadry & Veterinary Department(PVC).Hasanparthy,RTI_telangana,.Hasanparthy,NA
Telangana,Animal Husbadry & Veterinary Department(PVC).Inugurthy,RTI_telangana,.Inugurthy,NA
Telangana,Animal Husbadry & Veterinary Department(PVC).Jangalapally,RTI_telangana,.Jangalapally,NA
Telangana,Animal Husbadry & Veterinary Department(PVC).JANGAMPALLY,RTI_telangana,.JANGAMPALLY,NA
Telangana,Animal Husbadry & Veterinary Department(PVC).Jhally,RTI_telangana,.Jhally,NA
Telangana,Animal Husbadry & Veterinary Department(PVC).JUKKAL,RTI_telangana,.JUKKAL,NA
Telangana,Animal Husbadry & Veterinary Department(PVC).K.Gandhampally,RTI_telangana,.K.Gandhampally,NA
Telangana,Animal Husbadry & Veterinary Department(PVC).Kallem,RTI_telangana,.Kallem,NA
Telangana,Animal Husbadry & Veterinary Department(PVC).KARADPALLY,RTI_telangana,.KARADPALLY,NA
Telangana,Animal Husbadry & Veterinary Department(PVC).Kesamudram,RTI_telangana,.Kesamudram,NA
Telangana,Animal Husbadry & Veterinary Department(PVC).Khanapur,RTI_telangana,.Khanapur,NA
Telangana,Animal Husbadry & Veterinary Department(PVC).Komalla,RTI_telangana,.Komalla,NA
Telangana,Animal Husbadry & Veterinary Department(PVC).Kommala,RTI_telangana,.Kommala,NA
Telangana,Animal Husbadry & Veterinary Department(PVC).KOWLAS,RTI_telangana,.KOWLAS,NA
Telangana,Animal Husbadry & Veterinary Department(PVC).Laxmipuram,RTI_telangana,.Laxmipuram,NA
Telangana,Animal Husbadry & Veterinary Department(PVC).Laxmkidevipet,RTI_telangana,.Laxmkidevipet,NA
Telangana,Animal Husbadry & Veterinary Department(PVC).LINGAMPET,RTI_telangana,.LINGAMPET,NA
Telangana,Animal Husbadry & Veterinary Department(PVC).MACHAREDDY,RTI_telangana,.MACHAREDDY,NA
Telangana,Animal Husbadry & Veterinary Department(PVC).Madaguda,RTI_telangana,.Madaguda,NA
Telangana,Animal Husbadry & Veterinary Department(PVC).Madikonda,RTI_telangana,.Madikonda,NA
Telangana,Animal Husbadry & Veterinary Department(PVC).Malkapur,RTI_telangana,.Malkapur,NA
Telangana,Animal Husbadry & Veterinary Department(PVC).Mallampally,RTI_telangana,.Mallampally,NA
Telangana,Animal Husbadry & Veterinary Department(PVC).Mallikudurla,RTI_telangana,.Mallikudurla,NA
Telangana,Animal Husbadry & Veterinary Department(PVC).Mangapeta,RTI_telangana,.Mangapeta,NA
Telangana,Animal Husbadry & Veterinary Department(PVC).MATHMAL,RTI_telangana,.MATHMAL,NA
Telangana,Animal Husbadry & Veterinary Department(PVC).Mecharajpally,RTI_telangana,.Mecharajpally,NA
Telangana,Animal Husbadry & Veterinary Department(PVC).Medapally,RTI_telangana,.Medapally,NA
Telangana,Animal Husbadry & Veterinary Department(PVC).MENOOR,RTI_telangana,.MENOOR,NA
Telangana,Animal Husbadry & Veterinary Department(PVC).Mondrai,RTI_telangana,.Mondrai,NA
Telangana,Animal Husbadry & Veterinary Department(PVC).Mulkalapally,RTI_telangana,.Mulkalapally,NA
Telangana,Animal Husbadry & Veterinary Department(PVC).Mulkanoor,RTI_telangana,.Mulkanoor,NA
Telangana,Animal Husbadry & Veterinary Department(PVC).Nagasamunder,RTI_telangana,.Nagasamunder,NA
Telangana,Animal Husbadry & Veterinary Department(PVC).NAGIREDDYPET,RTI_telangana,.NAGIREDDYPET,NA
Telangana,Animal Husbadry & Veterinary Department(PVC).Nagulavancha,RTI_telangana,.Nagulavancha,NA
Telangana,Animal Husbadry & Veterinary Department(PVC).Naikpally,RTI_telangana,.Naikpally,NA
Telangana,Animal Husbadry & Veterinary Department(PVC).Nallabelly,RTI_telangana,.Nallabelly,NA
Telangana,Animal Husbadry & Veterinary Department(PVC).Narlapur,RTI_telangana,.Narlapur,NA
Telangana,Animal Husbadry & Veterinary Department(PVC).Nawabpet,RTI_telangana,.Nawabpet,NA
Telangana,Animal Husbadry & Veterinary Department(PVC).Nekkonda,RTI_telangana,.Nekkonda,NA
Telangana,Animal Husbadry & Veterinary Department(PVC).Nellikudur,RTI_telangana,.Nellikudur,NA
Telangana,Animal Husbadry & Veterinary Department(PVC).NIZAMSAGAR,RTI_telangana,.NIZAMSAGAR,NA
Telangana,Animal Husbadry & Veterinary Department(PVC).Nuguru,RTI_telangana,.Nuguru,NA
Telangana,Animal Husbadry & Veterinary Department(PVC).Padamatikeshavapur,RTI_telangana,.Padamatikeshavapur,NA
Telangana,Animal Husbadry & Veterinary Department(PVC).PALAVNCHA,RTI_telangana,.PALAVNCHA,NA
Telangana,Animal Husbadry & Veterinary Department(PVC).Panthini,RTI_telangana,.Panthini,NA
Telangana,Animal Husbadry & Veterinary Department(PVC).Paravathagiri,RTI_telangana,.Paravathagiri,NA
Telangana,Animal Husbadry & Veterinary Department(PVC).PEDDAKODAPGAL,RTI_telangana,.PEDDAKODAPGAL,NA
Telangana,Animal Husbadry & Veterinary Department(PVC).Peddamupparam,RTI_telangana,.Peddamupparam,NA
Telangana,Animal Husbadry & Veterinary Department(PVC).Peddapendyal,RTI_telangana,.Peddapendyal,NA
Telangana,Animal Husbadry & Veterinary Department(PVC).Pembarthy,RTI_telangana,.Pembarthy,NA
Telangana,Animal Husbadry & Veterinary Department(PVC).Perikavedu,RTI_telangana,.Perikavedu,NA
Telangana,Animal Husbadry & Veterinary Department(PVC).PITLAM,RTI_telangana,.PITLAM,NA
Telangana,Animal Husbadry & Veterinary Department(PVC).Quilashpur,RTI_telangana,.Quilashpur,NA
Telangana,Animal Husbadry & Veterinary Department(PVC).Raghunathpalli,RTI_telangana,.Raghunathpalli,NA
Telangana,Animal Husbadry & Veterinary Department(PVC).Rajupeta,RTI_telangana,.Rajupeta,NA
Telangana,Animal Husbadry & Veterinary Department(PVC).RAMAREDDY,RTI_telangana,.RAMAREDDY,NA
Telangana,Animal Husbadry & Veterinary Department(PVC).Rayaparthy,RTI_telangana,.Rayaparthy,NA
Telangana,Animal Husbadry & Veterinary Department(PVC).Roheer,RTI_telangana,.Roheer,NA
Telangana,Animal Husbadry & Veterinary Department(PVC).RYTHUNAGAR,RTI_telangana,.RYTHUNAGAR,NA
Telangana,Animal Husbadry & Veterinary Department(PVC).S.S.NAGAR,RTI_telangana,.S.S.NAGAR,NA
Telangana,Animal Husbadry & Veterinary Department(PVC).Sangem,RTI_telangana,.Sangem,NA
Telangana,Animal Husbadry & Veterinary Department(PVC).Somaram,RTI_telangana,.Somaram,NA
Telangana,Animal Husbadry & Veterinary Department(PVC).Tadvai,RTI_telangana,.Tadvai,NA
Telangana,Animal Husbadry & Veterinary Department(PVC).TADWAI,RTI_telangana,.TADWAI,NA
Telangana,Animal Husbadry & Veterinary Department(PVC).Tanoor,RTI_telangana,.Tanoor,NA
Telangana,Animal Husbadry & Veterinary Department(PVC).Tharigoppula,RTI_telangana,.Tharigoppula,NA
Telangana,Animal Husbadry & Veterinary Department(PVC).Thimmampet,RTI_telangana,.Thimmampet,NA
Telangana,Animal Husbadry & Veterinary Department(PVC).Thogarrai,RTI_telangana,.Thogarrai,NA
Telangana,Animal Husbadry & Veterinary Department(PVC).Thorrur,RTI_telangana,.Thorrur,NA
Telangana,Animal Husbadry & Veterinary Department(PVC).Upparapally,RTI_telangana,.Upparapally,NA
Telangana,Animal Husbadry & Veterinary Department(PVC).Velair,RTI_telangana,.Velair,NA
Telangana,Animal Husbadry & Veterinary Department(PVC).VELLUTLA,RTI_telangana,.VELLUTLA,NA
Telangana,Animal Husbadry & Veterinary Department(PVC).Venkatapur,RTI_telangana,.Venkatapur,NA
Telangana,Animal Husbadry & Veterinary Department(PVC).Vidhyanagar,RTI_telangana,.Vidhyanagar,NA
Telangana,Animal Husbadry & Veterinary Department(PVC).Waddepally,RTI_telangana,.Waddepally,NA
Telangana,Animal Husbadry & Veterinary Department(PVC).Wanaparthy,RTI_telangana,Wanaparthy,NA
Telangana,Animal Husbadry & Veterinary Department(PVC).Wazeedu,RTI_telangana,.Wazeedu,NA
Telangana,Animal Husbadry & Veterinary Department(PVC)ANANTHRAM,RTI_telangana,ANANTHRAM,NA
Telangana,Animal Husbadry & Veterinary Department(PVC)chigurmamidi,RTI_telangana,chigurmamidi,NA
Telangana,Animal Husbadry & Veterinary Department(PVC)CHIVEMLA,RTI_telangana,CHIVEMLA,NA
Telangana,Animal Husbadry & Veterinary Department(PVC)GADDIPALLY,RTI_telangana,GADDIPALLY,NA
Telangana,Animal Husbadry & Veterinary Department(PVC)JAINOOR,RTI_telangana,JAINOOR,NA
Telangana,Animal Husbadry & Veterinary Department(PVC)Mothey,RTI_telangana,Mothey,NA
Telangana,Animal Husbadry & Veterinary Department(PVC)PENPAHAD,RTI_telangana,PENPAHAD,NA
Telangana,Animal Husbadry & Veterinary Department(PVC)SIRPURU,RTI_telangana,SIRPURU,NA
Telangana,Animal Husbadry & Veterinary Department(PVC)THIRUMALAGIRI,RTI_telangana,THIRUMALAGIRI,NA
Telangana,Animal Husbadry & Veterinary Department(PVC)Tiryani,RTI_telangana,Tiryani,NA
Telangana,Animal Husbadry & Veterinary Department(RPCP) Jalalpur,RTI_telangana,Jalalpur,NA
Telangana,Animal Husbadry & Veterinary Department(RPCP) Zaheerabad,RTI_telangana,Zaheerabad,NA
Telangana,Animal Husbadry & Veterinary Department(SSVH) Narayanguda,RTI_telangana,Narayanguda,NA
Telangana,"Animal Husbadry & Veterinary Department,Bhukthapur",RTI_telangana,Bhukthapur,NA
Telangana,Animal Husbadry & Veterinary Departmentr Rangareddy Dist,RTI_telangana,Ranga Reddy,NA
Telangana,"Animal Husbadry & Veterinary Departmentr,Mancherial",RTI_telangana,Mancherial,NA
Telangana,"Animal husbandary dairy development and fisheries department,Hyderabad",RTI_telangana,Hyderabad,NA
Telangana,"Animal Husbandry & Fisheries Department, Warangal",RTI_telangana,Warangal,NA
Telangana,"Animal Husbandry & Fisheries Department,Kamareddy",RTI_telangana,Kamareddy,NA
Telangana,Animal Husbandry & Veterinary Department(DVAHO),RTI_telangana,,NA
Telangana,Animal Husbandry & Veterinary Department(DVAHO) Suryapet,RTI_telangana,Suryapet,NA
Telangana,"Animal Husbandry & Veterinary Department(DVAHO), Hyderabad",RTI_telangana,Hyderabad,NA
Telangana,"Animal Husbandry & Veterinary Department(DVAHO), Karimnagar",RTI_telangana,Karimnagar,NA
Telangana,"Animal Husbandry & Veterinary Department(DVAHO), Siddipet",RTI_telangana,Siddipet,NA
Telangana,"Animal Husbandry & Veterinary Department(RAHTC, Karimnagar",RTI_telangana,Karimnagar,NA
Telangana,Animal Husbandry & Veterinary Department(RAHTC.Mamnoor,RTI_telangana,Mamnoor,NA
Telangana,"Animal husbandry &Fisheries Department,Masab Tank, Hyderabad",RTI_telangana,Hyderabad,NA
Telangana,"Animal Husbandry &Fisheries Department,Vidya Nagar,Kothagudem",RTI_telangana,Bhadradri Kothagudem,NA
Telangana,Animal Husbandry and Fisheries,RTI_telangana,,NA
Telangana,Animal Husbandry&Fisheries Department Rajanna Siricilla,RTI_telangana,Rajanna Sircilla,NA
Telangana,"Animal Husbandry&Fisheries Department, Jangaon",RTI_telangana,Jangaon,NA
Telangana,"Animal Husbandry&Fisheries Department, Mancherial",RTI_telangana,Mancherial,NA
Telangana,"Animal Husbandry&Fisheries Department, Peddpalli",RTI_telangana,Peddapalli,NA
Telangana,"Animal Husbandry&Fisheries Department,Medak",RTI_telangana,Medak,NA
Telangana,"Animal Husbandry&Fisheries Department,Mulugu",RTI_telangana,Mulugu,NA
Telangana,"Animal Husbandry&Fisheries Department,Nagarkurnool",RTI_telangana,Nagarkurnool,NA
Telangana,Asst. Director of Agriculture ( R) Pargi,RTI_telangana,Pargi,NA
Telangana,Asst.Directore of Agriculture (Soil Testing Laboratory) Warangal,RTI_telangana,Warangal,NA
Telangana,"Backward Classes Welfare Department,Hyderabad",RTI_telangana,Hyderabad,NA
Telangana,"Backward Classes Welfare Department,Kothagudem",RTI_telangana,Bhadradri Kothagudem,NA
Telangana,"BC welfare Development Department,Medak",RTI_telangana,Medak,NA
Telangana,"BC Welfare Development Department,Warangal",RTI_telangana,Warangal,NA
Telangana,"BC Development Department, Rajanna Sircilla District",RTI_telangana,Rajanna Sircilla,NA
Telangana,"BC Development Department,Khammam",RTI_telangana,Khammam,NA
Telangana,"BC Development Department,Mahabubabad",RTI_telangana,Mahabubabad,NA
Telangana,BC Welfare Department Secretariat,RTI_telangana,,NA
Telangana,"BC Welfare Department, Jangaon",RTI_telangana,Jangaon,NA
Telangana,"BC Welfare Department,Adilabad",RTI_telangana,Adilabad,NA
Telangana,"BC Welfare Department,Malkajgiri",RTI_telangana,Malkajgiri,NA
Telangana,"BC Welfare Department,Medak",RTI_telangana,Medak,NA
Telangana,"BC Welfare Department,Nizamabad",RTI_telangana,Nizamabad,NA
Telangana,"BC Welfare Development ,Mancherial",RTI_telangana,Mancherial,NA
Telangana,"BC Welfare( MJPTBCWR schools)Department,Narayanpet",RTI_telangana,Narayanpet,NA
Telangana,"BC Welfare, Govt. BC Boys Hostel, Jainath",RTI_telangana,Jainath,NA
Telangana,"BC Welfare,Dist. BC Development Office, Adilabad",RTI_telangana,Adilabad,NA
Telangana,"BC Welfare,Govt. BC Boys Hostel, Adilabad",RTI_telangana,Adilabad,NA
Telangana,"BC Welfare,Govt. BC Boys Hostel, Indervelly",RTI_telangana,Indervelly,NA
Telangana,"BC Welfare,Govt. BC Boys Hostel, Talamadugu",RTI_telangana,Talamadugu,NA
Telangana,"BC Welfare,Govt. BC Boys Hostel,Utnoor",RTI_telangana,Utnoor,NA
Telangana,"BC Welfare,Govt. BC College Boys Hostel, Adilabad",RTI_telangana,Adilabad,NA
Telangana,"BC Welfare,Govt. BC College Boys Hostel, Boath",RTI_telangana,Boath,NA
Telangana,"BC Welfare,Govt. BC College Boys Hostel, Echoda,Dasnapur (Head Quarter",RTI_telangana,Dasnapur (Head Quarter,NA
Telangana,"BC Welfare,Govt. BC College Girls Hostel, Adilabad",RTI_telangana,Adilabad,NA
Telangana,"BC Welfare,Govt. BC College Girls Hostel, Echoda (Head Quarter Adilaba",RTI_telangana,Echoda (Head Quarter Adilaba,NA
Telangana,"BC Welfare,Govt. BC Girls Hostel, Echoda",RTI_telangana,Echoda,NA
Telangana,"BC Welfare,Govt.BC College Boys Hostel,Bazarhathnoor",RTI_telangana,Bazarhathnoor,NA
Telangana,"BC Welfare,Near SBH Bank, Utnoor",RTI_telangana,Utnoor,NA
Telangana,"CE(R&B)Electrical, Errummanzi",RTI_telangana,Errummanzi,NA
Telangana,"Chief Engineer, Irrigation, Khammam",RTI_telangana,Khammam,NA
Telangana,"Chief Planning Office, Jayashankar Bhupalpally",RTI_telangana,Jayashankar Bhupalapally,NA
Telangana,"Chief Rationing Officer's Unit, Hyderabad",RTI_telangana,Hyderabad,NA
Telangana,"Chief Rationing Officer's Unit, Nampally",RTI_telangana,Nampally,NA
Telangana,Civil Supplies Cooperation,RTI_telangana,,NA
Telangana,Civil Supplies Corporation,RTI_telangana,,NA
Telangana,Civil Supplies Department Malakpet Hyderabad,RTI_telangana,Hyderabad,NA
Telangana,collectorate Narayanpet,RTI_telangana,Narayanpet,NA
Telangana,"Community Health Centre,Balanagar, Mahabubnagar",RTI_telangana,Mahabubnagar,NA
Telangana,"Consumer Affairs & Food Civil Supplies, Nalgonda",RTI_telangana,Nalgonda,NA
Telangana,"Consumer Affairs &Civil supplies, Department,Khammam",RTI_telangana,Khammam,NA
Telangana,"Consumer Affairs ,Food &CS Department(Legal Metrology)Medak",RTI_telangana,Medak,NA
Telangana,Consumer Affairs Food & Civil Supplies Department Sangareddy,RTI_telangana,Sangareddy,NA
Telangana,"Consumer Affairs Food & Civil Supplies Department, Nizamabad",RTI_telangana,Nizamabad,NA
Telangana,"Consumer Affairs Food & Civil Supplies Department, Varadaiah Nagar",RTI_telangana,Varadaiah Nagar,NA
Telangana,"Consumer Affairs Food & Civil Supplies Department, Warangal",RTI_telangana,Warangal,NA
Telangana,"Consumer Affairs Food & Civil Supplies, L.B.Nagar",RTI_telangana,L.B.Nagar,NA
Telangana,"Consumer Affairs& Civil Supplies Department,Medak",RTI_telangana,Medak,NA
Telangana,"Consumer Affairs& CS Department,Mulugu",RTI_telangana,Mulugu,NA
Telangana,"Consumer Affairs&Civil supplies , Adilabad",RTI_telangana,Adilabad,NA
Telangana,"Consumer Affairs&Civil Supplies , Nizamabad",RTI_telangana,Nizamabad,NA
Telangana,"Consumer Affairs&Civil Supplies Department, Secunderabad",RTI_telangana,Secunderabad,NA
Telangana,"Consumer Affairs&Civil Supplies Department,Kamareddy",RTI_telangana,Kamareddy,NA
Telangana,Consumer Affairs&CS Department(Legal Metrology ) Kamareddy,RTI_telangana,Kamareddy,NA
Telangana,Consumer Affairs&CS Department(Legal metrology )Mulugu,RTI_telangana,Mulugu,NA
Telangana,"Consumer Affairs&CS Department, Hyd",RTI_telangana,Hyd,NA
Telangana,"Consumer Affairs&CS Department,Adilabad",RTI_telangana,Adilabad,NA
Telangana,"Consumer Affairs&CS Department,Asifabad",RTI_telangana,Asifabad,NA
Telangana,"Consumer Affairs&CS Department,Hyderabad",RTI_telangana,Hyderabad,NA
Telangana,"Consumer Affairs&CS Department,Karimnagar",RTI_telangana,Karimnagar,NA
Telangana,"Consumer Affairs&CS Department,Khammam",RTI_telangana,Khammam,NA
Telangana,"Consumer Affairs&CS Department,Kothagudem",RTI_telangana,Bhadradri Kothagudem,NA
Telangana,"Consumer Affairs&CS Department,Mahabubabad",RTI_telangana,Mahabubabad,NA
Telangana,"Consumer Affairs&CS Department,Mahabubnagar",RTI_telangana,Mahabubnagar,NA
Telangana,"Consumer Affairs&CS Department,Manzoornagar",RTI_telangana,Manzoornagar,NA
Telangana,"Consumer Affairs&CS Department,Nagarkurnool",RTI_telangana,Nagarkurnool,NA
Telangana,"Consumer Affairs&CS Department,Nalgonda",RTI_telangana,Nalgonda,NA
Telangana,"Consumer Affairs&CS Department,Narayanpet",RTI_telangana,Narayanpet,NA
Telangana,"Consumer Affairs&CS Department,Naspur",RTI_telangana,Naspur,NA
Telangana,"Consumer Affairs&CS Department,Nirmal",RTI_telangana,Nirmal,NA
Telangana,"Consumer Affairs&CS Department,Nizamabad",RTI_telangana,Nizamabad,NA
Telangana,"Consumer Affairs&CS Department,Rangareddy",RTI_telangana,Ranga Reddy,NA
Telangana,"Consumer Affairs&CS Department,Sangareddy",RTI_telangana,Sangareddy,NA
Telangana,"Consumer Affairs&CS Department,Siddipet",RTI_telangana,Siddipet,NA
Telangana,"Consumer Affairs&CS Department,Suryapet",RTI_telangana,Suryapet,NA
Telangana,"Consumer Affairs&CS Department,Vikarabad",RTI_telangana,Vikarabad,NA
Telangana,"Consumer Affairs&CS Department,Wanaparthy",RTI_telangana,Wanaparthy,NA
Telangana,"Consumer Affairs&CS Department,Warangal",RTI_telangana,Warangal,NA
Telangana,"Consumer Affairs&CS Department,Yadadri Bhuvanagiri",RTI_telangana,Yadadri Bhuvanagiri,NA
Telangana,"Consumer Affairs&CS(Civil Supplies Corporation Ltd) Department,Mulugu",RTI_telangana,Mulugu,NA
Telangana,"Consumer Affairs&CS(Legal Metrology) Department,Bhupalpally",RTI_telangana,Jayashankar Bhupalapally,NA
Telangana,"Consumer Affairs, Food and Civil Supplies (Commission-II)Nampally",RTI_telangana,Food and Civil Supplies (Commission-II)Nampally,NA
Telangana,"Consumer Affairs, Food and Civil Supplies (Commission-III)Nampally",RTI_telangana,Food and Civil Supplies (Commission-III)Nampally,NA
Telangana,"Consumer Affairs, Food and Civil Supplies Department, Jyothinagar",RTI_telangana,Jyothinagar,NA
Telangana,"Consumer Affairs, Food and Civil Supplies Department, Adilabad",RTI_telangana,Adilabad,NA
Telangana,"Consumer Affairs,Food and Civil Supplies(Commission-I)Nampally",RTI_telangana,Food and Civil Supplies(Commission-I)Nampally,NA
Telangana,"Consumer Affairs,Food and CS Department ,Kothagudem",RTI_telangana,Bhadradri Kothagudem,NA
Telangana,"Consumer Affairs,Food and CS Department ,palavancha(Kothagudem)",RTI_telangana,Bhadradri Kothagudem,NA
Telangana,"Consumer Affairs,Food& Civil Supplies Departement,Peddapalli",RTI_telangana,Peddapalli,NA
Telangana,"Consumer Affairs,Food& Civil Supplies Department, Jangaon",RTI_telangana,Jangaon,NA
Telangana,"Consumer Affairs,Food& Civil Supplies Department,Rajanna Sircilla",RTI_telangana,Rajanna Sircilla,NA
Telangana,"Consumer Affairs,Food&Civil Supplies Department,Gadwal",RTI_telangana,Gadwal,NA
Telangana,"Consumer Affairs,Food&CS Department(Legal Metrology),Peddapalli",RTI_telangana,Peddapalli,NA
Telangana,"Consumer Affairs,Food&CS Department, Jangaon",RTI_telangana,Jangaon,NA
Telangana,"Consumer Afffair, Food & Civil Supplies Department, Mahabubnagar",RTI_telangana,Mahabubnagar,NA
Telangana,"Conusmer Affairs Food and Civil Supply Department ,Hyderabad",RTI_telangana,Hyderabad,NA
Telangana,Cooperation Department,RTI_telangana,,NA
Telangana,Cooperation Department Komuram Bheem Asifabad,RTI_telangana,,NA
Telangana,Cooperation Department(Cooperation & Registrar) Mulugu,RTI_telangana,Mulugu,NA
Telangana,"Cooperation Department, Nagarkunool",RTI_telangana,Nagarkunool,NA
Telangana,"Cooperation Department,Medak",RTI_telangana,Medak,NA
Telangana,"Cooperation Department,Narayanpet",RTI_telangana,Narayanpet,NA
Telangana,Dairy Development Corporation,RTI_telangana,,NA
Telangana,Department of co-operation,RTI_telangana,,NA
Telangana,Department of Co-operation,RTI_telangana,,NA
Telangana,"Department of Technical Education,Nampally",RTI_telangana,Nampally,NA
Telangana,"Deputy Director of Adult Education, Karimnagar",RTI_telangana,Karimnagar,NA
Telangana,Director of Sugar and Cane Commissioner,RTI_telangana,,NA
Telangana,"Directorate of Economics & Statistics (DE&S),Planning Department ,Hyde",RTI_telangana,Hyde,NA
Telangana,"Dist.Survey & Land Records, Jayashankar Bhupalpally",RTI_telangana,Jayashankar Bhupalapally,NA
Telangana,"Distrcit Industries Centre, Karimnagar",RTI_telangana,Karimnagar,NA
Telangana,"District B.C, Development Office, Mahabubnagar",RTI_telangana,Mahabubnagar,NA
Telangana,"District (R&B) Office, Mancherial",RTI_telangana,Mancherial,NA
Telangana,District Agriculture Office Jagtial,RTI_telangana,Jagtial,NA
Telangana,District Agriculture Office Jayashankar Bhupalpally,RTI_telangana,Jayashankar Bhupalapally,NA
Telangana,District Agriculture Officer Warangal,RTI_telangana,Warangal,NA
Telangana,District Audit Officer Medchal Malkajgiri,RTI_telangana,Medchal,NA
Telangana,"District B.C. Welfare Office, Karimnagar",RTI_telangana,Karimnagar,NA
Telangana,District BC Development Office Peddapalli,RTI_telangana,Peddapalli,NA
Telangana,District Civil Supply Office Anthaipally,RTI_telangana,,NA
Telangana,District Civil Supply Officer Jagtial,RTI_telangana,Jagtial,NA
Telangana,"District Civil Supply Officer, Karimnagar",RTI_telangana,Karimnagar,NA
Telangana,"District Co operative Office, Jangaon",RTI_telangana,Jangaon,NA
Telangana,District Collector Hanumakonda,RTI_telangana,Hanamkonda,NA
Telangana,District Collector Karimnagr,RTI_telangana,,NA
Telangana,"District Collector Office, Mahabubabad",RTI_telangana,Mahabubabad,NA
Telangana,"District Collector Office, Warangal",RTI_telangana,Warangal,NA
Telangana,"District Collectorate , adilabad",RTI_telangana,Adilabad,NA
Telangana,District Collectorate Jagtial,RTI_telangana,Jagtial,NA
Telangana,District Collectorate Jangaon,RTI_telangana,Jangaon,NA
Telangana,District Collectorate Medchal & Malkajgiri,RTI_telangana,Medchal,NA
Telangana,District Collectorate Medchal Malkajgiri,RTI_telangana,Medchal,NA
Telangana,District Collectorate Nagarkurnool,RTI_telangana,Nagarkurnool,NA
Telangana,"District Collectorate, Adilabad",RTI_telangana,Adilabad,NA
Telangana,District Cooperative office Hanumakonda,RTI_telangana,Hanamkonda,NA
Telangana,"District Cooperative office, Karimnagar",RTI_telangana,Karimnagar,NA
Telangana,District Educational Officer Peddapalli,RTI_telangana,Peddapalli,NA
Telangana,"District Fire Officer, Kashmirgadda, Karimnagar",RTI_telangana,Karimnagar,NA
Telangana,District Forest office mahabubnagar,RTI_telangana,Mahabubnagar,NA
Telangana,"District Horticulture & Sericulture Officer, Mahabubnagar",RTI_telangana,Mahabubnagar,NA
Telangana,District Hospital Peddapally,RTI_telangana,,NA
Telangana,District Medical and Health Office Rajanna Sircilla,RTI_telangana,Rajanna Sircilla,NA
Telangana,"District Minorities Welfare Office, Karimnagar",RTI_telangana,Karimnagar,NA
Telangana,District Minority Welfare Nagarkurnool,RTI_telangana,Nagarkurnool,NA
Telangana,District Panchayat Office Medchal Malkajgiri,RTI_telangana,Medchal,NA
Telangana,"District Prohibition & Excise Office, Karimnagar",RTI_telangana,Karimnagar,NA
Telangana,District Public Relations Office Peddapalli,RTI_telangana,Peddapalli,NA
Telangana,District Revenue Office Khammam,RTI_telangana,Khammam,NA
Telangana,"District Rural Development Agency (MGNREGS Wing), Kumuram Bheem Asifab",RTI_telangana,Kumuram Bheem Asifab,NA
Telangana,DISTRICT SCHEDULED CASTES SERVICE CO-OPERATIVE DEVELOPMENT SOCIETY LTD,RTI_telangana,,NA
Telangana,District Survey Office Jagtial,RTI_telangana,Jagtial,NA
Telangana,"District Treasury Office, Karimnagar",RTI_telangana,Karimnagar,NA
Telangana,"District Veterinary and Animal Husbandry Office, Nalgonda",RTI_telangana,Nalgonda,NA
Telangana,"District Veterinary Hospital, Hyderabad",RTI_telangana,Hyderabad,NA
Telangana,District Youth and Sports Mahabubnagar,RTI_telangana,Mahabubnagar,NA
Telangana,DM CHENGICHERLA,RTI_telangana,,NA
Telangana,Drugs Control Administration,RTI_telangana,,NA
Telangana,"Drugs Control Administration, Adilabad",RTI_telangana,Adilabad,NA
Telangana,"Drugs Control Administration, Bhadradri Kothagudem",RTI_telangana,Bhadradri Kothagudem,NA
Telangana,"Drugs Control Administration, Bhupalpally",RTI_telangana,Jayashankar Bhupalapally,NA
Telangana,"Drugs Control Administration, Gadwal",RTI_telangana,Gadwal,NA
Telangana,"Drugs Control Administration, Hanumakonda",RTI_telangana,Hanamkonda,NA
Telangana,"Drugs Control Administration, Hyderabad",RTI_telangana,Hyderabad,NA
Telangana,"Drugs Control Administration, Jagithyal",RTI_telangana,Jagithyal,NA
Telangana,"Drugs Control Administration, Jangoan",RTI_telangana,Jangoan,NA
Telangana,"Drugs Control Administration, Kamareddy",RTI_telangana,Kamareddy,NA
Telangana,"Drugs Control Administration, Karimnagar",RTI_telangana,Karimnagar,NA
Telangana,"Drugs Control Administration, Khammam",RTI_telangana,Khammam,NA
Telangana,"Drugs Control Administration, Kumurambheem Asifabad",RTI_telangana,Kumurambheem Asifabad,NA
Telangana,"Drugs Control Administration, Mahabubabad",RTI_telangana,Mahabubabad,NA
Telangana,"Drugs Control Administration, Mahabubnagar",RTI_telangana,Mahabubnagar,NA
Telangana,"Drugs Control Administration, Mancherial",RTI_telangana,Mancherial,NA
Telangana,"Drugs Control Administration, Medak",RTI_telangana,Medak,NA
Telangana,"Drugs Control Administration, Nagarkurnool",RTI_telangana,Nagarkurnool,NA
Telangana,"Drugs Control Administration, Nalgonda",RTI_telangana,Nalgonda,NA
Telangana,"Drugs Control Administration, Narayanpet",RTI_telangana,Narayanpet,NA
Telangana,"Drugs Control Administration, Nirmal",RTI_telangana,Nirmal,NA
Telangana,"Drugs Control Administration, Nizamabad",RTI_telangana,Nizamabad,NA
Telangana,"Drugs Control Administration, Patancheru",RTI_telangana,Patancheru,NA
Telangana,"Drugs Control Administration, Pedapalli",RTI_telangana,Pedapalli,NA
Telangana,"Drugs Control Administration, Rajanna Siricilla",RTI_telangana,Rajanna Sircilla,NA
Telangana,"Drugs Control Administration, Ranga Reddy",RTI_telangana,Ranga Reddy,NA
Telangana,"Drugs Control Administration, RangaReddy",RTI_telangana,Ranga Reddy,NA
Telangana,"Drugs Control Administration, Sangareddy",RTI_telangana,Sangareddy,NA
Telangana,"Drugs Control Administration, Shameerpet",RTI_telangana,Shameerpet,NA
Telangana,"Drugs Control Administration, Siricilla",RTI_telangana,Rajanna Sircilla,NA
Telangana,"Drugs Control Administration, Suryapet",RTI_telangana,Suryapet,NA
Telangana,"Drugs Control Administration, Vikarabad",RTI_telangana,Vikarabad,NA
Telangana,"Drugs Control Administration, Wanaparthy",RTI_telangana,Wanaparthy,NA
Telangana,"Drugs Control Administration, Warangal",RTI_telangana,Warangal,NA
Telangana,"Drugs Control Administration, Yadadri Bhuvanagiri",RTI_telangana,Yadadri Bhuvanagiri,NA
Telangana,"Dy. Executive Information Engineer office, Karimnagar",RTI_telangana,Karimnagar,NA
Telangana,Edu Dept(Smt Durgabai DeshmukhWomens Technical Training Institute)HYD,RTI_telangana,HYD,NA
Telangana,Education Department(Government Polytechnic) Cherial(Siddipet),RTI_telangana,Siddipet,NA
Telangana,"Education Department(Govt. Institute of Electronics),Secunderabad",RTI_telangana,Secunderabad,NA
Telangana,"Education Department(Govt. Polytechnic Station Ghapur, shivunipally",RTI_telangana,shivunipally,NA
Telangana,"Education Dept(Government Institute of Leather Technology),Rangareddy",RTI_telangana,Ranga Reddy,NA
Telangana,"Education Dept(Government Model Residential Polytechnic), Manuguru",RTI_telangana,Manuguru,NA
Telangana,Education Dept(Government Polytechnic for Women) Suryapet,RTI_telangana,Suryapet,NA
Telangana,"Education Dept(Government Polytechnic for Women), Jogipet, Sangareddy",RTI_telangana,Sangareddy,NA
Telangana,"Education Dept(Government Polytechnic), Bhadradi kothagudem",RTI_telangana,Bhadradri Kothagudem,NA
Telangana,"Education(Higher edu)Dept(GOVT MODEL RESIDENTIAL POLYTECHNIC),LALTEKDI",RTI_telangana,LALTEKDI,NA
Telangana,Education(Higher Education)Department(Government Polytechnic) Narsapur,RTI_telangana,Department(Government Polytechnic) Narsapur,NA
Telangana,"Education(Higher Education)Department(Government Polytechnic), Madhira",RTI_telangana,Madhira,NA
Telangana,"Education(Higher Education)Department(GOVERNMENT POLYTECHNIC), PARKAL",RTI_telangana,PARKAL,NA
Telangana,"Education(Higher Education)Department(Government Polytechnic),Nalgonda",RTI_telangana,Nalgonda,NA
Telangana,Education(Higher Education)Department(Govt Polytechnic )Husnabad,RTI_telangana,Husnabad,NA
Telangana,"Education(Higher education)Department(Govt. Polytechnic), Kataram",RTI_telangana,Kataram,NA
Telangana,"Education(Higher Education)Department(Govt. Polytechnic), Nirmal (174)",RTI_telangana,Nirmal,NA
Telangana,"Education(Higher education)Department(Govt. Polytechnic), Warangal",RTI_telangana,Warangal,NA
Telangana,"Education(Higher Education)Department(GOVT. POLYTECHNIC, SIDDIPET)",RTI_telangana,Siddipet,NA
Telangana,"Education(Higher Education)Department(Govt.Polytechnic for Women,)Secu",RTI_telangana,)Secu,NA
Telangana,"Education(Higher education)Department(Intermediate Education ),kothagu",RTI_telangana,kothagu,NA
Telangana,"Education(Higher Education)Department(KDR GOVT POLYTECHNIC),WANAPARTHY",RTI_telangana,Wanaparthy,NA
Telangana,"Education(Higher Education)Department(Q. Q. Govt -Polytechnic), HYD",RTI_telangana,HYD,NA
Telangana,"Education(Higher Education)Department(SRRS GOVT. POLYTECHNIC),SIRCILLA",RTI_telangana,SIRCILLA,NA
Telangana,Education(Higher Education)Dept(Government Polytechnic )Shadnagar,RTI_telangana,Dept(Government Polytechnic )Shadnagar,NA
Telangana,"Education(Higher Education)Dept(Government Polytechnic), Bellampally",RTI_telangana,Bellampally,NA
Telangana,"Education(Higher Education)Dept(Government Polytechnic), Maheshwaram",RTI_telangana,Maheshwaram,NA
Telangana,"Education(Higher Education)Dept(Government Polytechnic),Mahabubnagar",RTI_telangana,Mahabubnagar,NA
Telangana,"Education(Higher education)Dept(GOVT POLYTECHNIC), NAGARJUNA SAGAR",RTI_telangana,NAGARJUNA SAGAR,NA
Telangana,"Education(Higher Education)Dept(GOVT POLYTECHNIC), NANDIPET, NIZAMABAD",RTI_telangana,Nizamabad,NA
Telangana,"Education(Higher education)Dept(Govt Polytechnic)Asif nagar,HYD",RTI_telangana,HYD,NA
Telangana,"Education(Higher education)Dept(Govt. Polytechnic), Kotagiri (190)",RTI_telangana,Kotagiri (190),NA
Telangana,"Education(Higher Education)Dept(GOVT.POLYTECHNIC FOR WOMEN), MEDAK",RTI_telangana,Medak,NA
Telangana,"Education(Higher Education)Dept(Govt.Polytechnic For Women),Siddipet",RTI_telangana,Siddipet,NA
Telangana,"Education(Higher Education)Dept(GOVT.POLYTECHNIC), NAVIPET, NIZAMABAD",RTI_telangana,Nizamabad,NA
Telangana,Education(Higher education)Dept(GOVTPOLYTECHNICCOLLEGE)GONPAD(V)GADWAL,RTI_telangana,Dept(GOVTPOLYTECHNICCOLLEGE)GONPAD(V)GADWAL,NA
Telangana,"Education(Higher Education)Dept(JN Government Polytechnic), Ramathapur",RTI_telangana,Ramathapur,NA
Telangana,"Education(Higher Education)Dept(SGM Govt. Polytechnic), Abdullapurmet",RTI_telangana,Abdullapurmet,NA
Telangana,"Education(Higher education)Dept,GOVT POLYTECHNIC COLLEGE,NIZAMABAD",RTI_telangana,Nizamabad,NA
Telangana,"Education(School Education)Department Samstha, Peddapalli",RTI_telangana,Peddapalli,NA
Telangana,"Education(SCHOOL EDUCATION)Department,kotagudem",RTI_telangana,kotagudem,NA
Telangana,"EFST(Telangana State Forest Development Cooperation Ltd)Department,Hyd",RTI_telangana,Hyd,NA
Telangana,"EFST(Telangana State Forest Development Cooperation Ltd)Dept,Mulugu",RTI_telangana,Mulugu,NA
Telangana,"EFST(Telangana State Forest Development Corp Ltd)Dept,Kaghaznaga",RTI_telangana,Kaghaznaga,NA
Telangana,"EFST(Telangana State Forest Development Corp Ltd)Dept,Kothagudem",RTI_telangana,Bhadradri Kothagudem,NA
Telangana,"EFST(Telangana State Forest Development Corp Ltd)Dept,Paloncha",RTI_telangana,Paloncha,NA
Telangana,"EFST(Telangana State Forest Development Corp Ltd)Dept,Sathupalli",RTI_telangana,Sathupalli,NA
Telangana,EFST(TG State Forest Development Crop Ltd)Dept(Eco-Tourism),RTI_telangana,Dept(Eco-Tourism),NA
Telangana,EFST(TG State Forest Development Crop Ltd)Dept(Eco-Tourism)RR,RTI_telangana,Dept(Eco-Tourism)RR,NA
Telangana,"EFST(TG State Forest Development Crop Ltd)Dept,Medak",RTI_telangana,Medak,NA
Telangana,"Endowment, Karimnagar",RTI_telangana,Karimnagar,NA
Telangana,"Energy Department (TGTRANSCO) Mint Compound, Hyderabad",RTI_telangana,Hyderabad,NA
Telangana,"Energy Department (TGTRANSCO) Erragadda, Hyderabad",RTI_telangana,Hyderabad,NA
Telangana,"Energy Department (TGTRANSCO) Erramanjil Colony, Hyderabad",RTI_telangana,Hyderabad,NA
Telangana,Energy Department (TGTRANSCO) Karimnagar,RTI_telangana,Karimnagar,NA
Telangana,Energy Department (TGTRANSCO) Khammam,RTI_telangana,Khammam,NA
Telangana,Energy Department (TGTRANSCO) Nalgonda,RTI_telangana,Nalgonda,NA
Telangana,Energy Department (TGTRANSCO) Warangal,RTI_telangana,Warangal,NA
Telangana,"Energy Department (TGTRANSCO) , Adilabad",RTI_telangana,Adilabad,NA
Telangana,"Energy Department (TGTRANSCO) Khairatabad, Hyderabad",RTI_telangana,Hyderabad,NA
Telangana,"Energy Department (TGTRANSCO), Nizamabad",RTI_telangana,Nizamabad,NA
Telangana,"Energy Department(TGGENCO),BHADRADRI KOTHAGUDEM",RTI_telangana,Bhadradri Kothagudem,NA
Telangana,"Energy Department(TGGENCO),Hyderabad",RTI_telangana,Hyderabad,NA
Telangana,Energy Department(TGGENCO)Gadwal,RTI_telangana,Gadwal,NA
Telangana,Energy Department(TGGENCO)Jayashankar Bhupalpally,RTI_telangana,Jayashankar Bhupalapally,NA
Telangana,Energy Department(TGGENCO)Kamareddy,RTI_telangana,Kamareddy,NA
Telangana,Energy Department(TGGENCO)NAGARKURNOOL,RTI_telangana,Nagarkurnool,NA
Telangana,Energy Department(TGGENCO)Nalgonda,RTI_telangana,Nalgonda,NA
Telangana,Energy Department(TGGENCO)Nizamabad,RTI_telangana,Nizamabad,NA
Telangana,Energy Department(TGGENCO)Peddapally,RTI_telangana,Peddapally,NA
Telangana,"Energy Department(TGGENCO)Ramagundam ,Peddapalli",RTI_telangana,Peddapalli,NA
Telangana,Energy Department(TGGENCO)Suryapet,RTI_telangana,Suryapet,NA
Telangana,"Energy Department(TGGENCO, Thermal Power Station Stages-V & VI)",RTI_telangana,Thermal Power Station Stages-V & VI),NA
Telangana,"Energy Department(TGGENCO,Power Station Stage-VII, Paloncha)",RTI_telangana,Paloncha),NA
Telangana,Energy Department(TGSPDCL) Gadwal,RTI_telangana,Gadwal,NA
Telangana,Energy Department(TGSPDCL)Gadwal,RTI_telangana,Gadwal,NA
Telangana,"Energy Department, TGSPDCL, Medak",RTI_telangana,Medak,NA
Telangana,Energy Forest,RTI_telangana,,NA
Telangana,"Energy(TGNPDCL)Department,Banswada",RTI_telangana,Banswada,NA
Telangana,"Energy(TGNPDCL)Department,Kamareddy",RTI_telangana,Kamareddy,NA
Telangana,"Energy(TGNPDCL)Department,Mulugu",RTI_telangana,Mulugu,NA
Telangana,"Energy(TGNPDCL)Department,Yellareddy",RTI_telangana,Yellareddy,NA
Telangana,"Environment , Forest , science & Technology ,Hyderabad",RTI_telangana,Hyderabad,NA
Telangana,"Environment , Forest , science & Technology ,R.C Puram",RTI_telangana,R.C Puram,NA
Telangana,"Environment , Forest , science & Technology, Head",RTI_telangana,Head,NA
Telangana,"Environment , Forest , science & Technology, Hyderabad",RTI_telangana,Hyderabad,NA
Telangana,"Environment , Forest , science & Technology, Kothagudem",RTI_telangana,Bhadradri Kothagudem,NA
Telangana,"Environment , Forest , science & Technology, Medchal",RTI_telangana,Medchal,NA
Telangana,"Environment , Forest , science & Technology, Nalgonda",RTI_telangana,Nalgonda,NA
Telangana,"Environment , Forest , science & Technology, Nizamabad",RTI_telangana,Nizamabad,NA
Telangana,"Environment , Forest , science & Technology, R.C Puram",RTI_telangana,R.C Puram,NA
Telangana,"Environment , Forest , science & Technology, Ramagundam",RTI_telangana,Ramagundam,NA
Telangana,"Environment , Forest , science & Technology, Rangareddy",RTI_telangana,Ranga Reddy,NA
Telangana,"Environment , Forest , science & Technology, Sangareddy",RTI_telangana,Sangareddy,NA
Telangana,"Environment , Forest , science & Technology, Warangal",RTI_telangana,Warangal,NA
Telangana,Environment Protection Training and Research Institute (EPTRI),RTI_telangana,,NA
Telangana,"Environment,Forest ,Sciences&Tech Department,Khammam",RTI_telangana,Khammam,NA
Telangana,"Environment,forest science&Tech Department,Medak",RTI_telangana,Medak,NA
Telangana,"Environment,Forest,Science&Tech Department, Kamareddy",RTI_telangana,Kamareddy,NA
Telangana,"Environment,Forest,Science&Tech Department,Eturnagaram",RTI_telangana,Eturnagaram,NA
Telangana,"Environment,Forest,Science&Tech Department,Mulugu",RTI_telangana,Mulugu,NA
Telangana,"Environment,Forest,Science&Tech Department,Tadvai",RTI_telangana,Tadvai,NA
Telangana,"Environment,Forest,Science&Tech Department,Venkatapuram",RTI_telangana,Venkatapuram,NA
Telangana,"Environment,Forests,Science &Tech Department,kothagudem",RTI_telangana,Bhadradri Kothagudem,NA
Telangana,"Environment,Forests,Science &Technology Department,Hyderabad",RTI_telangana,Hyderabad,NA
Telangana,"Environment,Forests,Science&Tech Department Mancherial",RTI_telangana,Mancherial,NA
Telangana,"Environment,Forests,Science&Tech Department, Chennur",RTI_telangana,Chennur,NA
Telangana,"Environment,Forests,Science&Tech Department, Jangaon",RTI_telangana,Jangaon,NA
Telangana,"Environment,Forests,Science&Tech Department, Jannaram",RTI_telangana,Jannaram,NA
Telangana,"Environment,Forests,Science&Tech Department, Luxettipet",RTI_telangana,Luxettipet,NA
Telangana,"Environment,Forests,Science&Tech Department,Chennur",RTI_telangana,Chennur,NA
Telangana,"Environment,Forests,Science&Tech Department,Devapur",RTI_telangana,Devapur,NA
Telangana,"Environment,Forests,Science&Tech Department,Neelwai",RTI_telangana,Neelwai,NA
Telangana,"Environment,Forests,Science&Tech DepartmentKotapally",RTI_telangana,Science&Tech DepartmentKotapally,NA
Telangana,"Environmental Forest science &Technology Department ,Hyderabad",RTI_telangana,Hyderabad,NA
Telangana,"Finance Department (Audit),Jangaon",RTI_telangana,Jangaon,NA
Telangana,"Finance Department (Treasury),Jangaon",RTI_telangana,Jangaon,NA
Telangana,Finance Department( Sub-Treasuries & Accounts) Kukatpally,RTI_telangana,Kukatpally,NA
Telangana,Finance Department( Sub-Treasuries & Accounts) Medipally (Uppal),RTI_telangana,Medipally (Uppal),NA
Telangana,Finance Department( Sub-Treasuries & Accounts)Medchal,RTI_telangana,Medchal,NA
Telangana,Finance Department( Treasury) Mahabubabad,RTI_telangana,Mahabubabad,NA
Telangana,Finance Department(DIVISIONAL SUB TREASURY OFFICE)ARMOOR,RTI_telangana,ARMOOR,NA
Telangana,"Finance Department(DIVISIONAL SUB TREASURY OFFICE,Bodhan,NIZAMABAD",RTI_telangana,Nizamabad,NA
Telangana,Finance Department(Pay&Accounts ) Mahabubabad,RTI_telangana,Mahabubabad,NA
Telangana,"Finance Department(State Audit), Kothagudem",RTI_telangana,Bhadradri Kothagudem,NA
Telangana,"Finance Department(State audit),kothagudem",RTI_telangana,Bhadradri Kothagudem,NA
Telangana,"Finance Department(SUB TREASURY OFFICE ,BHEEMGAL,Nizamabad",RTI_telangana,Nizamabad,NA
Telangana,"Finance Department(Sub Treasury), Ghanpur (Stn),Jangaon",RTI_telangana,Jangaon,NA
Telangana,"Finance Department(Sub Treasury), Kodakandla",RTI_telangana,Kodakandla,NA
Telangana,Finance Department(Treasuries & Accounts)Medchal-Malkajgiri District,RTI_telangana,Medchal,NA
Telangana,Finance Department(Treasuries&Accounts ) Hyd,RTI_telangana,Hyd,NA
Telangana,"Finance Department,Kamareddy",RTI_telangana,Kamareddy,NA
Telangana,"Finance Department,Karimnagar",RTI_telangana,Karimnagar,NA
Telangana,"Finance Department,NIZAMABAD",RTI_telangana,Nizamabad,NA
Telangana,"Finance( Audit )Department,Medak",RTI_telangana,Medak,NA
Telangana,"Finance( Audit)Department,Hyderabad",RTI_telangana,Hyderabad,NA
Telangana,"Finance( Treasury )Department,Mancherial",RTI_telangana,Mancherial,NA
Telangana,"Finance(Audit )Department,Bhupalpally",RTI_telangana,Jayashankar Bhupalapally,NA
Telangana,"Finance(Pay & Accounts)Department,paloncha",RTI_telangana,paloncha,NA
Telangana,"Finance(Pay &Accounts)Department,Hyderabad",RTI_telangana,Hyderabad,NA
Telangana,Finance(Pay&Accounts) Rajanna Siricilla,RTI_telangana,Rajanna Sircilla,NA
Telangana,"Finance(State Audit) Department,(Multi Zone-I), Warangal",RTI_telangana,Warangal,NA
Telangana,"Finance(State Audit) Department,Hyd",RTI_telangana,Hyd,NA
Telangana,"Finance(State Audit) Department,Mulugu",RTI_telangana,Mulugu,NA
Telangana,"Finance(State Audit) Department,Peddapalli",RTI_telangana,Peddapalli,NA
Telangana,"Finance(State Audit) Department,Suryapet",RTI_telangana,Suryapet,NA
Telangana,"Finance(State Audit)Department, Hyderabad",RTI_telangana,Hyderabad,NA
Telangana,"Finance(State Audit)Department, Mahabubnagar",RTI_telangana,Mahabubnagar,NA
Telangana,"Finance(State Audit)Department, Nizamabad",RTI_telangana,Nizamabad,NA
Telangana,"Finance(Treasuries and Accounts) Department,Adilabad",RTI_telangana,Adilabad,NA
Telangana,"Finance(Treasuries and accounts)Department,Narayanpet",RTI_telangana,Narayanpet,NA
Telangana,Finance(Treasury )Department Warangal,RTI_telangana,Warangal,NA
Telangana,"Finance(Treasury )Department, Wardhannapet",RTI_telangana,Wardhannapet,NA
Telangana,"Finance(Treasury )Department, Narsampet",RTI_telangana,Narsampet,NA
Telangana,"Finance(Treasury)Department, Medak",RTI_telangana,Medak,NA
Telangana,"Finance(TRESURIES & ACCOUNTS)Department,Bhupalpalli",RTI_telangana,Bhupalpalli,NA
Telangana,Fire Service,RTI_telangana,,NA
Telangana,"Fire Station, Choppadandi",RTI_telangana,Choppadandi,NA
Telangana,"Fire Station, Huzurabad",RTI_telangana,Huzurabad,NA
Telangana,"Fire Station, Karimnagar",RTI_telangana,Karimnagar,NA
Telangana,"Fire Station, Kashmirgadda",RTI_telangana,Kashmirgadda,NA
Telangana,"Fire Station, Manakondur",RTI_telangana,Manakondur,NA
Telangana,Fisheries Corporation,RTI_telangana,,NA
Telangana,"Fisheries Department,Shamirpet(Malkajigiri)",RTI_telangana,Shamirpet(Malkajigiri),NA
Telangana,"GAD(I&public Relations) Department,Kamareddy",RTI_telangana,Kamareddy,NA
Telangana,"GAD(I&Public Relations)Department, Narayanpet",RTI_telangana,Narayanpet,NA
Telangana,"GAD(Information& Public Relation )Department,Medak",RTI_telangana,Medak,NA
Telangana,General Administration Department,RTI_telangana,,NA
Telangana,"General Administration Department,Hyd",RTI_telangana,Hyd,NA
Telangana,"General Administration Department,Hyderabad",RTI_telangana,Hyderabad,NA
Telangana,Government College of Nursing Rajanna Sircilla,RTI_telangana,Rajanna Sircilla,NA
Telangana,"Government General Hospital, Karimnagar",RTI_telangana,Karimnagar,NA
Telangana,"Government Polytechnic, Yadagirigutta",RTI_telangana,Yadagirigutta,NA
Telangana,Ground Water Department Peddapalli,RTI_telangana,Peddapalli,NA
Telangana,"Ground Water Department, Nalgonda",RTI_telangana,Nalgonda,NA
Telangana,"Ground Water Department, Jangoan District",RTI_telangana,Jangoan District,NA
Telangana,"Ground Water Department, Jayashankar Bhupalapally",RTI_telangana,Jayashankar Bhupalapally,NA
Telangana,"Ground Water Department, Jogulamba Gadwal District",RTI_telangana,Jogulamba Gadwal,NA
Telangana,"Ground Water Department, Khammam",RTI_telangana,Khammam,NA
Telangana,"Ground Water Department, Mahabubabad District",RTI_telangana,Mahabubabad,NA
Telangana,"Ground Water Department, Mahabubnagar District",RTI_telangana,Mahabubnagar,NA
Telangana,"Ground Water Department, Medchal-Malkajgiri District",RTI_telangana,Medchal,NA
Telangana,"Ground Water Department, Mulugu",RTI_telangana,Mulugu,NA
Telangana,"Ground Water Department, Narayanpet",RTI_telangana,Narayanpet,NA
Telangana,"Ground Water Department, Nimal",RTI_telangana,Nimal,NA
Telangana,"Ground Water Department, Rangareddy District",RTI_telangana,Ranga Reddy,NA
Telangana,"Ground Water Department, Sangareddy",RTI_telangana,Sangareddy,NA
Telangana,"Ground water department,Bhadradri Kothagudem",RTI_telangana,Bhadradri Kothagudem,NA
Telangana,"Ground Water Department,Bhadradri Kothagudem",RTI_telangana,Bhadradri Kothagudem,NA
Telangana,"Ground Water Department,Hyderabad(Khairathabad)",RTI_telangana,Hyderabad,NA
Telangana,Handicrafts Welfare,RTI_telangana,,NA
Telangana,"Health Medical & Family Welfare Department,ADILABAD",RTI_telangana,Adilabad,NA
Telangana,"Health Medical & Family Welfare Department,ASIFABAD (Komaram Bheem)",RTI_telangana,ASIFABAD (Komaram Bheem),NA
Telangana,"Health Medical & Family Welfare Department,BHUPALPALLY (JAYASHANKER)",RTI_telangana,Jayashankar Bhupalapally,NA
Telangana,"Health Medical & Family Welfare Department,GADWAL (JOGULAMBA)",RTI_telangana,GADWAL (JOGULAMBA),NA
Telangana,"Health Medical & Family Welfare Department,HANAMAKONDA",RTI_telangana,HANAMAKONDA,NA
Telangana,"Health Medical & Family Welfare Department,HYDERABAD",RTI_telangana,Hyderabad,NA
Telangana,"Health Medical & Family Welfare Department,JAGITYAL",RTI_telangana,JAGITYAL,NA
Telangana,"Health Medical & Family Welfare Department,JANAGOAN",RTI_telangana,JANAGOAN,NA
Telangana,"Health Medical & Family Welfare Department,KAMAREDDY",RTI_telangana,Kamareddy,NA
Telangana,"Health Medical & Family Welfare Department,KARIMNAGAR",RTI_telangana,Karimnagar,NA
Telangana,"Health Medical & Family Welfare Department,KHAMMAM",RTI_telangana,Khammam,NA
Telangana,"Health Medical & Family Welfare Department,KOTHAGUDEM (BADADRI)",RTI_telangana,Bhadradri Kothagudem,NA
Telangana,"Health Medical & Family Welfare Department,MAHABUBABAD",RTI_telangana,Mahabubabad,NA
Telangana,"Health Medical & Family Welfare Department,MAHABUBNAGAR",RTI_telangana,Mahabubnagar,NA
Telangana,"Health Medical & Family Welfare Department,MEDAK",RTI_telangana,Medak,NA
Telangana,"Health Medical & Family Welfare Department,MEDCHAL",RTI_telangana,Medchal,NA
Telangana,"Health Medical & Family Welfare Department,MULUGU",RTI_telangana,Mulugu,NA
Telangana,"Health Medical & Family Welfare Department,NAGARKURNOOL",RTI_telangana,Nagarkurnool,NA
Telangana,"Health Medical & Family Welfare Department,NALGONDA",RTI_telangana,Nalgonda,NA
Telangana,"Health Medical & Family Welfare Department,NARAYANPET",RTI_telangana,Narayanpet,NA
Telangana,"Health Medical & Family Welfare Department,NIRMAL",RTI_telangana,Nirmal,NA
Telangana,"Health Medical & Family Welfare Department,NIZAMABAD",RTI_telangana,Nizamabad,NA
Telangana,"Health Medical & Family Welfare Department,PEDDAPALLY",RTI_telangana,PEDDAPALLY,NA
Telangana,"Health Medical & Family Welfare Department,RANGA REDDY",RTI_telangana,Ranga Reddy,NA
Telangana,"Health Medical & Family Welfare Department,SANGAREDDY",RTI_telangana,Sangareddy,NA
Telangana,"Health Medical & Family Welfare Department,SIDDIPET",RTI_telangana,Siddipet,NA
Telangana,"Health Medical & Family Welfare Department,SURYAPET",RTI_telangana,Suryapet,NA
Telangana,"Health Medical & Family Welfare Department,VIKARABAD",RTI_telangana,Vikarabad,NA
Telangana,"Health Medical & Family Welfare Department,WANAPARTHY",RTI_telangana,Wanaparthy,NA
Telangana,"Health Medical & Family Welfare Department,WARANGAL",RTI_telangana,Warangal,NA
Telangana,"Health Medical & Family Welfare Department,YADADRI",RTI_telangana,YADADRI,NA
Telangana,"Health Medical & Family Welfare, MANCHERIAL",RTI_telangana,Mancherial,NA
Telangana,"Health Medical & Family Welfare, SIRICILLA",RTI_telangana,Rajanna Sircilla,NA
Telangana,"Health Medical &Family Welfare, Nizamabad",RTI_telangana,Nizamabad,NA
Telangana,"Health, Medical & Family Welfare Department, (Drug Inspector), Jangaon",RTI_telangana,Jangaon,NA
Telangana,"Health, Medical & Family Welfare Department, Jangaon",RTI_telangana,Jangaon,NA
Telangana,"Health, Medical And Family Welfare Department, Begum Bazar Hyderabad",RTI_telangana,Hyderabad,NA
Telangana,"Health, Medical And Family Welfare Department, Hyderabad",RTI_telangana,Hyderabad,NA
Telangana,"Health, Medical and Family Welfare",RTI_telangana,Medical and Family Welfare,NA
Telangana,"Health,Medical &Family Welfare department(Area Hospital) Bellampally",RTI_telangana,Medical &Family Welfare department(Area Hospital) Bellampally,NA
Telangana,"Health,Medical &Family Welfare Department(Drugs Control)Bhupalpally",RTI_telangana,Jayashankar Bhupalapally,NA
Telangana,"Health,medical &family welfare Department(RAJIV AROGYA SRI HEALTH CARE",RTI_telangana,medical &family welfare Department(RAJIV AROGYA SRI HEALTH CARE,NA
Telangana,"Health,Medical &Family Welfare department, Chennur",RTI_telangana,Chennur,NA
Telangana,"Health,Medical &Family Welfare, Khaleelwadi, Nizamabad",RTI_telangana,Nizamabad,NA
Telangana,"Health,Medical And Family Welfare Department (Hospital), Peddapally",RTI_telangana,Peddapally,NA
Telangana,"Health,Medical and Family Welfare Department, Narayanpet",RTI_telangana,Narayanpet,NA
Telangana,"Health,Medical and Family Welfare Department,Hyderabad",RTI_telangana,Hyderabad,NA
Telangana,"Health,Medical and Family welfare Department,kothagudem",RTI_telangana,Bhadradri Kothagudem,NA
Telangana,"Health,Medical and Family welfare Department,Shamirpet",RTI_telangana,Shamirpet,NA
Telangana,"Health,Medical&Family Department(PHC) BIBINAGAR,Yadadri",RTI_telangana,Yadadri,NA
Telangana,"Health,Medical&Family Department, Addagudur",RTI_telangana,Addagudur,NA
Telangana,"Health,Medical&Family Department, Bollepally",RTI_telangana,Bollepally,NA
Telangana,"Health,Medical&Family Department, KONDAMADUGU",RTI_telangana,KONDAMADUGU,NA
Telangana,"Health,Medical&Family Department, Velvarthy",RTI_telangana,Velvarthy,NA
Telangana,"Health,Medical&Family Department,bommalaramram",RTI_telangana,bommalaramram,NA
Telangana,"Health,Medical&Family Department,Motakondur",RTI_telangana,Motakondur,NA
Telangana,"Health,Medical&Family Department,Munipampula",RTI_telangana,Munipampula,NA
Telangana,"Health,Medical&Family Department,Pochampally",RTI_telangana,Pochampally,NA
Telangana,"Health,Medical&Family Department,Rajapet",RTI_telangana,Rajapet,NA
Telangana,"Health,Medical&Family Department,Ramannapet",RTI_telangana,Ramannapet,NA
Telangana,"Health,Medical&Family Department,S.Narayanapur",RTI_telangana,S.Narayanapur,NA
Telangana,"Health,Medical&Family Department,Sharajipet",RTI_telangana,Sharajipet,NA
Telangana,"Health,Medical&Family Department,Thangadapally",RTI_telangana,Thangadapally,NA
Telangana,"Health,Medical&Family Department,thurkapally",RTI_telangana,thurkapally,NA
Telangana,"Health,Medical&Family Department,VARKATPALLY",RTI_telangana,VARKATPALLY,NA
Telangana,"Health,Medical&Family Department,Vemulakonda",RTI_telangana,Vemulakonda,NA
Telangana,"Health,Medical&Family Department,Yadadri",RTI_telangana,Yadadri,NA
Telangana,"Health,Medical&Family Department,Yadagirigutta",RTI_telangana,Yadagirigutta,NA
Telangana,"Health,Medical&Family Welfare Department(Drugs),Medak",RTI_telangana,Medak,NA
Telangana,"Health,Medical&Family welfare Department,Mulugu",RTI_telangana,Mulugu,NA
Telangana,"Health,Medical&family welfare dept(TG INDUSTRIALHEALTHCLINIC LIMITED)",RTI_telangana,Medical&family welfare dept(TG INDUSTRIALHEALTHCLINIC LIMITED),NA
Telangana,"Health,medical&Family Welfare, Mahabuababd",RTI_telangana,Mahabuababd,NA
Telangana,"Health,medical&Family Welfare, Mahabubabad",RTI_telangana,Mahabubabad,NA
Telangana,"Higher Education (Intermediate Education), Rajanna Sircilla",RTI_telangana,Rajanna Sircilla,NA
Telangana,"Higher Education Department , Hyderabad",RTI_telangana,Hyderabad,NA
Telangana,Higher Education Department( Intermediate Education)Jangaon,RTI_telangana,Jangaon,NA
Telangana,"Higher Education Department(Polytechnic for Womens (SC)), Karimnagar",RTI_telangana,Karimnagar,NA
Telangana,"Higher Education( Intermediate Education)Department,Medak",RTI_telangana,Medak,NA
Telangana,"HIGHER EDUCATION(Collegiate Education)Department,Eturnagaram",RTI_telangana,Eturnagaram,NA
Telangana,"HIGHER EDUCATION(Collegiate Education)Department,Mulugu",RTI_telangana,Mulugu,NA
Telangana,Higher Education(Govt Medical college)Nagarkurnool,RTI_telangana,Nagarkurnool,NA
Telangana,Higher Education(Intermediate Education )Kamareddy,RTI_telangana,Kamareddy,NA
Telangana,"Higher Education(Intermediate Education)Department,Mulugu",RTI_telangana,Mulugu,NA
Telangana,Higher Education(SATAVAHANA UNIVERSITY)KARIMNAGAR,RTI_telangana,Karimnagar,NA
Telangana,Higher Education(Technical Education )Kosgi,RTI_telangana,Kosgi,NA
Telangana,"Higher Education(TS Council of Higher Education)Department,Hyd",RTI_telangana,Hyd,NA
Telangana,"Higher(GOVERNMENT DEGREE COLLEGE)Department, SIRCILLA",RTI_telangana,SIRCILLA,NA
Telangana,"Home (Fire Service)Department,Kamareddy",RTI_telangana,Kamareddy,NA
Telangana,Home Depaertment(Intelligence)Hyd,RTI_telangana,Hyd,NA
Telangana,"Home Department (ACP Stn.), Ghanpur,Jangaon",RTI_telangana,Jangaon,NA
Telangana,"Home Department (CI) Palakurthy,Jangaon",RTI_telangana,Jangaon,NA
Telangana,"Home Department , Hyderabad",RTI_telangana,Hyderabad,NA
Telangana,"Home Department Lingala Ghanpur,Jangaon",RTI_telangana,Jangaon,NA
Telangana,"Home Department Raghunathpally,Jangaon",RTI_telangana,Jangaon,NA
Telangana,"Home Department( Police) Medchal Zone, Cyberabad",RTI_telangana,Medchal,NA
Telangana,Home Department( Prosecutions)Hyderabad,RTI_telangana,Hyderabad,NA
Telangana,"Home Department((TGSP, Battalions), Hyderabad",RTI_telangana,Hyderabad,NA
Telangana,"Home Department(10th Battalion), Jogulamba Gadwal",RTI_telangana,Jogulamba Gadwal,NA
Telangana,"Home Department(12th Battalion),Nalgonda",RTI_telangana,Nalgonda,NA
Telangana,"Home Department(13th Battalion, TGSP), Mancherial",RTI_telangana,Mancherial,NA
Telangana,"Home Department(15th Battalion),Khammam",RTI_telangana,Khammam,NA
Telangana,"Home Department(17th Battalion TGSP), Rajanna Siricilla",RTI_telangana,Rajanna Sircilla,NA
Telangana,"Home Department(2nd Battalion),Adilabad",RTI_telangana,Adilabad,NA
Telangana,"Home Department(3rd Battalion), Ibrahmpatnam",RTI_telangana,Ibrahmpatnam,NA
Telangana,"Home Department(4th Battalion), Warangal",RTI_telangana,Warangal,NA
Telangana,"Home Department(6th TGSP (IR) Battalion), Bhadradri Kothagudem",RTI_telangana,Bhadradri Kothagudem,NA
Telangana,"Home Department(7th Battalion TGSP), Dichpally",RTI_telangana,Dichpally,NA
Telangana,"Home Department(8th Battalion TGSP), Kondapur",RTI_telangana,Kondapur,NA
Telangana,"Home Department(ACP), Jangaon",RTI_telangana,Jangaon,NA
Telangana,"Home Department(ADGP, Women Safety Wing),Hyderabad",RTI_telangana,Hyderabad,NA
Telangana,"Home Department(ADGP. Technical Services),Hyderabad",RTI_telangana,Hyderabad,NA
Telangana,"Home Department(CI) Narmetta,Jangaon",RTI_telangana,Jangaon,NA
Telangana,"Home Department(CI), Jangaon",RTI_telangana,Jangaon,NA
Telangana,"Home Department(Commandant, 1st Battalion), Hyderabad",RTI_telangana,Hyderabad,NA
Telangana,"Home Department(Commandant, 5th Battalion TGSP (IR)), Mulugu",RTI_telangana,Mulugu,NA
Telangana,"Home Department(Cyber Security Bureau),Hyderabad",RTI_telangana,Hyderabad,NA
Telangana,"Home Department(DIG of Police,IT&C),Hyderabad",RTI_telangana,Hyderabad,NA
Telangana,"Home Department(District Fire Office),Yadadri Bhuavangiri",RTI_telangana,Yadadri Bhuavangiri,NA
Telangana,"Home Department(Fire ),Mulugu",RTI_telangana,Mulugu,NA
Telangana,Home Department(Fire Outpost) Ramannapet,RTI_telangana,Ramannapet,NA
Telangana,Home Department(Fire Station )Bhongir,RTI_telangana,Bhongir,NA
Telangana,Home Department(Fire Station )Yadagirigutta,RTI_telangana,Yadagirigutta,NA
Telangana,Home Department(Fire Station) Alair,RTI_telangana,Alair,NA
Telangana,Home Department(Fire Station) Mothkur,RTI_telangana,Mothkur,NA
Telangana,Home Department(Fire Station)Choutuppal,RTI_telangana,Choutuppal,NA
Telangana,"Home Department(Greyhounds),Hyderabad",RTI_telangana,Hyderabad,NA
Telangana,"Home Department(Inspector General of Police, Railways),Hyderabad",RTI_telangana,Hyderabad,NA
Telangana,"Home Department(OCTOPUS),Hyderabad",RTI_telangana,Hyderabad,NA
Telangana,"Home Department(Police Training College), Amberpet,Hyderabad",RTI_telangana,Hyderabad,NA
Telangana,"Home Department(Police Training College), Karimnagar",RTI_telangana,Karimnagar,NA
Telangana,"Home Department(Police Training College), Warangal",RTI_telangana,Warangal,NA
Telangana,"Home Department(Police Transport Organization),Hyderabad",RTI_telangana,Hyderabad,NA
Telangana,"Home Department(Police), Jangaon",RTI_telangana,Jangaon,NA
Telangana,"Home Department(SHO) Devaruppula, Jangaon",RTI_telangana,Jangaon,NA
Telangana,"Home Department(SHO), Bachannapet,Jangaon",RTI_telangana,Jangaon,NA
Telangana,"Home Department(SHO), Jangaon",RTI_telangana,Jangaon,NA
Telangana,"Home Department(SHO), Kodakandla,Jangaon",RTI_telangana,Jangaon,NA
Telangana,"Home Department(SHO), Narmetta,Jangaon",RTI_telangana,Jangaon,NA
Telangana,"Home Department(SHO), Palakurthy,Jangaon",RTI_telangana,Jangaon,NA
Telangana,"Home Department(SHO), Tharigoppula,Jangaon",RTI_telangana,Jangaon,NA
Telangana,"Home Department(SHO), Zaffergadh,Jangaon",RTI_telangana,Jangaon,NA
Telangana,"Home Department(Special Armed Reserve Central Police Lines),Hyderabad",RTI_telangana,Hyderabad,NA
Telangana,"Home Department(Telangana Integrated Command and Control Centre),Hyd",RTI_telangana,Hyd,NA
Telangana,"Home Department(Telangana Police Recruitment Board),Hyderabad",RTI_telangana,Hyderabad,NA
Telangana,"Home Department(Telangana State Forensic Science Laboratory),Hyderabad",RTI_telangana,Hyderabad,NA
Telangana,"Home Department, Jangaon",RTI_telangana,Jangaon,NA
Telangana,"Home Department,Adilabad",RTI_telangana,Adilabad,NA
Telangana,"Home Department,Chilpur, jangaon",RTI_telangana,Jangaon,NA
Telangana,"Home Department,Hyderabad",RTI_telangana,Hyderabad,NA
Telangana,"Home Department,Karimnagar",RTI_telangana,Karimnagar,NA
Telangana,"Home Department,Khammam",RTI_telangana,Khammam,NA
Telangana,"Home Department,Mahabubnagar",RTI_telangana,Mahabubnagar,NA
Telangana,"Home Department,Medak",RTI_telangana,Medak,NA
Telangana,"Home Department,Nalgonda",RTI_telangana,Nalgonda,NA
Telangana,"Home Department,Nizamabad",RTI_telangana,Nizamabad,NA
Telangana,"Home Department,Rangareddy",RTI_telangana,Ranga Reddy,NA
Telangana,"Home Department,Saifabad,Hyderabad",RTI_telangana,Hyderabad,NA
Telangana,"Home Department,Somajiguda,Hyd",RTI_telangana,Hyd,NA
Telangana,"Home Department,Warangal",RTI_telangana,Warangal,NA
Telangana,"Home( Fire)Department, Narayanpet",RTI_telangana,Narayanpet,NA
Telangana,"Home( Fire)Department,,Makthal",RTI_telangana,Makthal,NA
Telangana,"Home( Fire, Disaster Response, Emergency and Civil Defence) Department",RTI_telangana,Emergency and Civil Defence) Department,NA
Telangana,"Home(Police)Department, Kamareddy",RTI_telangana,Kamareddy,NA
Telangana,"Home(Police)Department, Narayanapet",RTI_telangana,Narayanapet,NA
Telangana,Horticulture,RTI_telangana,,NA
Telangana,Hyderabad Agriculture Cooperative Association,RTI_telangana,Hyderabad,NA
Telangana,"I & PR Department,Nagarkurnool",RTI_telangana,Nagarkurnool,NA
Telangana,"Industries & Commerce Department(Commerce and Export Promotion),Hyd",RTI_telangana,Hyd,NA
Telangana,"Industries & Commerce Department, Bodhan",RTI_telangana,Bodhan,NA
Telangana,"Industries & Commerce Department, Khammam",RTI_telangana,Khammam,NA
Telangana,"Industries & Commerce Department,Abids,Hyd",RTI_telangana,Hyd,NA
Telangana,"Industries & Commerce Department,Mahabubabad",RTI_telangana,Mahabubabad,NA
Telangana,"Industries & Commerce Department,Nizamabad",RTI_telangana,Nizamabad,NA
Telangana,"Industries & Commerce Department,Sangareddy",RTI_telangana,Sangareddy,NA
Telangana,"Industries & Commerce Dept(TG State Avation Corp Ltd),Begumpet",RTI_telangana,Begumpet,NA
Telangana,"Industries &Commerce Department,Nagarkurnool",RTI_telangana,Nagarkurnool,NA
Telangana,"Industries &commerceDepartment,kothagudem",RTI_telangana,Bhadradri Kothagudem,NA
Telangana,"Industries and Commerce Department ,Hyderabad",RTI_telangana,Hyderabad,NA
Telangana,"Industries&Commerce Department,Khammam",RTI_telangana,Khammam,NA
Telangana,"Industries&Commerce (Industries Centre)Department, Peddapalli",RTI_telangana,Peddapalli,NA
Telangana,"Industries&Commerce Department,Mahabubnagar",RTI_telangana,Mahabubnagar,NA
Telangana,"Industries&Commerce Department,MANCHERIAL",RTI_telangana,Mancherial,NA
Telangana,"Industries&Commerce Department,Mulugu",RTI_telangana,Mulugu,NA
Telangana,"Industries&Commerce Department,Nalgonda",RTI_telangana,Nalgonda,NA
Telangana,"Industries&Commerce Depertment,Narayanpet",RTI_telangana,Narayanpet,NA
Telangana,"Industries&Commerce(Handloom & Textiles)Department, Jangaon",RTI_telangana,Jangaon,NA
Telangana,"Industries&Commerce(Handlooms and Textiles) Department, Narayanpet",RTI_telangana,Narayanpet,NA
Telangana,"Industries&CommerceDepartment, Jangaon",RTI_telangana,Jangaon,NA
Telangana,"Information & Public Relations(I&PR),Jangaon",RTI_telangana,Jangaon,NA
Telangana,"Information & Public Relations,Bhupalpally",RTI_telangana,Jayashankar Bhupalapally,NA
Telangana,Information and Public Relations,RTI_telangana,,NA
Telangana,"Information PUBLIC RELATIONS DEPARTMENT, RAJANNA SIRICILLA",RTI_telangana,Rajanna Sircilla,NA
Telangana,Information Technology,RTI_telangana,,NA
Telangana,"Information&Public Relation Department,Mulugu",RTI_telangana,Mulugu,NA
Telangana,"Information&Public Relations , Mancherial",RTI_telangana,Mancherial,NA
Telangana,InformationTechnology Electronics and communications (TGTS),RTI_telangana,,NA
Telangana,Infrastructure Investments,RTI_telangana,,NA
Telangana,Instiution of Lokayukta of Telangana,RTI_telangana,,NA
Telangana,"Irriation & CAD (IW&PW)Department,Bhoothpur",RTI_telangana,Bhoothpur,NA
Telangana,"Irriation & CAD (IW&PW)Department,Mahabubnagar",RTI_telangana,Mahabubnagar,NA
Telangana,"Irriation & CAD Department(Circle No.2),Mahabubnagar",RTI_telangana,Mahabubnagar,NA
Telangana,"Irriation & CAD(IW&PW) Department,Devarkadra",RTI_telangana,Devarkadra,NA
Telangana,"Irriation & CAD(IW&PW) Department,Mahabubnagar",RTI_telangana,Mahabubnagar,NA
Telangana,Irrigation & CAD (IW&PW)Department,RTI_telangana,Department,NA
Telangana,"Irrigation & CAD (IW&PW)Department,EE 6 Division Aswapuram",RTI_telangana,EE 6 Division Aswapuram,NA
Telangana,"Irrigation & CAD (IW&PW)Department,EE Division 1 Kothagudem",RTI_telangana,Bhadradri Kothagudem,NA
Telangana,"Irrigation & CAD (IW&PW)Department,EE Division 2 Aswaraopeta",RTI_telangana,EE Division 2 Aswaraopeta,NA
Telangana,"Irrigation & CAD (IW&PW)Department,EE Division 3 Yellandu",RTI_telangana,EE Division 3 Yellandu,NA
Telangana,"Irrigation & CAD Department(Division No. 02),Sangareddy",RTI_telangana,Sangareddy,NA
Telangana,Irrigation & CAD Department(Division No.6) GV Gudem,RTI_telangana,GV Gudem,NA
Telangana,Irrigation & CAD Department(Division No.6) GV Gudem Nalgonda,RTI_telangana,Nalgonda,NA
Telangana,Irrigation & CAD Department(EE/Divn.4)Husnabad,RTI_telangana,Husnabad,NA
Telangana,Irrigation & CAD Department(QC&I DIVISION NO.7)Karimnagar,RTI_telangana,Karimnagar,NA
Telangana,"Irrigation & CAD Department,Armoor",RTI_telangana,Armoor,NA
Telangana,"Irrigation & CAD Department,Armoor constiuency",RTI_telangana,Armoor constiuency,NA
Telangana,"Irrigation & CAD Department,Balkonda",RTI_telangana,Balkonda,NA
Telangana,"Irrigation & CAD Department,Bodhan",RTI_telangana,Bodhan,NA
Telangana,"Irrigation & CAD Department,Chintal basti,Hyd",RTI_telangana,Hyd,NA
Telangana,"Irrigation & CAD Department,Division No.7, Ramagundam",RTI_telangana,Ramagundam,NA
Telangana,"Irrigation & CAD Department,Hyderabad",RTI_telangana,Hyderabad,NA
Telangana,"Irrigation & CAD Department,Karimnagar",RTI_telangana,Karimnagar,NA
Telangana,"Irrigation & CAD Department,Mahabubnagar",RTI_telangana,Mahabubnagar,NA
Telangana,"Irrigation & CAD Department,Mint Compound, Khairatabad",RTI_telangana,Khairatabad,NA
Telangana,"Irrigation & CAD Department,Nalgonda",RTI_telangana,Nalgonda,NA
Telangana,"Irrigation & CAD Department,Nizamabad",RTI_telangana,Nizamabad,NA
Telangana,"Irrigation & CAD Department,Nizambad",RTI_telangana,Nizambad,NA
Telangana,"Irrigation & CAD Department,Nizambad Urban",RTI_telangana,Nizambad Urban,NA
Telangana,"Irrigation & CAD Department,Ramagundam,Peddapalli",RTI_telangana,Peddapalli,NA
Telangana,"Irrigation & CAD Department,Siddipet",RTI_telangana,Siddipet,NA
Telangana,"Irrigation & CAD Department,SRSP Camp, Choppadandi",RTI_telangana,Choppadandi,NA
Telangana,"Irrigation & CAD Department,WALAMTARI, Hyderabad",RTI_telangana,Hyderabad,NA
Telangana,"Irrigation & CAD Department,Yellammagutta",RTI_telangana,Yellammagutta,NA
Telangana,Irrigation & CAD Department9Irrigation)Wanaparthy,RTI_telangana,Wanaparthy,NA
Telangana,"Irrigation & CAD( Chaingate)Department,Nirmal",RTI_telangana,Nirmal,NA
Telangana,"Irrigation & CAD(IW&PW) Department, Division No.10, Nekkonda(M)",RTI_telangana,Nekkonda(M),NA
Telangana,"Irrigation & CAD(IW&PW) Department, Division No.8, Mahabubabad",RTI_telangana,Mahabubabad,NA
Telangana,"Irrigation & CAD(IW&PW) Department, Division No.9, Maripeda(M)",RTI_telangana,Maripeda(M),NA
Telangana,"Irrigation & CAD(IW&PW) Department, Mahabubabad Circle",RTI_telangana,Mahabubabad,NA
Telangana,"Irrigation & CAD(IW&PW) Department, Division 2 Aswaraopeta",RTI_telangana,Division 2 Aswaraopeta,NA
Telangana,"Irrigation & CAD(IW&PW) Department, Division 3 Yellandu",RTI_telangana,Division 3 Yellandu,NA
Telangana,"Irrigation & CAD(IW&PW) Department, Huzurabad",RTI_telangana,Huzurabad,NA
Telangana,"Irrigation & CAD(IW&PW) Department, Irrigation Circle Bhadrachalam",RTI_telangana,Irrigation Circle Bhadrachalam,NA
Telangana,"Irrigation & CAD(IW&PW) Department, Marriguda",RTI_telangana,Marriguda,NA
Telangana,"Irrigation & CAD(IW&PW) Department, Medak",RTI_telangana,Medak,NA
Telangana,"Irrigation & CAD(IW&PW) Department,Division 5 Bhadrachalam",RTI_telangana,Division 5 Bhadrachalam,NA
Telangana,"Irrigation & CAD(IW&PW) Department,EE Division 4 Pinapaka",RTI_telangana,EE Division 4 Pinapaka,NA
Telangana,"Irrigation & CAD(IW&PW) Department,EE Division 5 Bhadrachalam",RTI_telangana,EE Division 5 Bhadrachalam,NA
Telangana,"Irrigation & CAD(IW&PW) Department,Hyderabad",RTI_telangana,Hyderabad,NA
Telangana,"Irrigation & CAD(IW&PW) Department,Kothagudem",RTI_telangana,Bhadradri Kothagudem,NA
Telangana,"Irrigation & CAD(IW&PW) Department,r Division 4 Pinapaka",RTI_telangana,r Division 4 Pinapaka,NA
Telangana,"Irrigation & CAD(IW&PW) Department,SE Irrigation Circle Kothagudem",RTI_telangana,Bhadradri Kothagudem,NA
Telangana,"Irrigation & CAD(IW&PW) Dept,K.C.Colony, Chinthagattu Camp Hanumakonda",RTI_telangana,Hanamkonda,NA
Telangana,"Irrigation &CAD Department,Sangareddy",RTI_telangana,Sangareddy,NA
Telangana,"Irrigation &CAD ,Department,peddapally(Manthani)",RTI_telangana,peddapally(Manthani),NA
Telangana,"Irrigation &CAD Department ,eddakalvalaCamp,peddapally",RTI_telangana,peddapally,NA
Telangana,"Irrigation &CAD Department(Telangana Development Corporation Lmt),Hyd",RTI_telangana,Hyd,NA
Telangana,"Irrigation &CAD Department,(Division No.1)Adilabad",RTI_telangana,Adilabad,NA
Telangana,"Irrigation &CAD Department,Annapurna colony",RTI_telangana,Annapurna colony,NA
Telangana,"Irrigation &CAD Department,Bhupalpally",RTI_telangana,Jayashankar Bhupalapally,NA
Telangana,"Irrigation &CAD Department,Bhupalpally-02",RTI_telangana,Jayashankar Bhupalapally,NA
Telangana,"Irrigation &CAD Department,Ramagundam",RTI_telangana,Ramagundam,NA
Telangana,"Irrigation &CAD Department,Sulthanabad",RTI_telangana,Sulthanabad,NA
Telangana,"Irrigation &CAD,Department,peddapally",RTI_telangana,peddapally,NA
Telangana,IRRIGATION AND CAD DEPARTMENT Gadwal,RTI_telangana,,NA
Telangana,"IRRIGATION AND CAD DEPARTMENT Division No.4, Gadwal",RTI_telangana,Gadwal,NA
Telangana,"IRRIGATION AND CAD DEPARTMENT, Division No.1, Gadwal",RTI_telangana,Gadwal,NA
Telangana,"IRRIGATION AND CAD DEPARTMENT, Division No.2, Gadwal",RTI_telangana,Gadwal,NA
Telangana,"IRRIGATION AND CAD DEPARTMENT, Division No.3, Gadwal",RTI_telangana,Gadwal,NA
Telangana,"Irrigation and CAD Department, Mahabubnagar",RTI_telangana,Mahabubnagar,NA
Telangana,"Irrigation&CAD (Mission Bhagirata)Department,chevella",RTI_telangana,chevella,NA
Telangana,"Irrigation&CAD Department,Division No.1, Mancherial",RTI_telangana,Mancherial,NA
Telangana,"Irrigation&CAD(IW&PW)Dept,Irrigation Circle(Laxmidevipally),Kothagudem",RTI_telangana,Bhadradri Kothagudem,NA
Telangana,"Irrrigation & CAD Department,Gajwel",RTI_telangana,Gajwel,NA
Telangana,Korutla Municipality,RTI_telangana,,NA
Telangana,"Labour ,Employment Training&Factories(Corporation) Department,Jagtial",RTI_telangana,Jagtial,NA
Telangana,"Labour Employement Training&Factories Department,Jagtial",RTI_telangana,Jagtial,NA
Telangana,"Labour Employmen,Training &Factories Department, Banswada",RTI_telangana,Banswada,NA
Telangana,"Labour Employmen,Training &Factories Department,Kamareddy",RTI_telangana,Kamareddy,NA
Telangana,"Labour Employment ,Training &Factories Department, Kukatpally",RTI_telangana,Kukatpally,NA
Telangana,"Labour Employment ,Training &Factories Department, Miryalaguda",RTI_telangana,Miryalaguda,NA
Telangana,"Labour Employment ,Training &Factories Department, Moula-Ali",RTI_telangana,Moula-Ali,NA
Telangana,"Labour Employment ,Training &Factories Department, Nachram",RTI_telangana,Nachram,NA
Telangana,"Labour Employment ,Training &Factories Department, Nalgonda",RTI_telangana,Nalgonda,NA
Telangana,"Labour Employment ,Training &Factories Department, Quthbullapur",RTI_telangana,Quthbullapur,NA
Telangana,"Labour Employment ,Training &Factories Department, Suryapet",RTI_telangana,Suryapet,NA
Telangana,"Labour Employment ,Training &Factories Department, Tandur",RTI_telangana,Tandur,NA
Telangana,"Labour Employment ,Training &Factories Department, Vikarabad",RTI_telangana,Vikarabad,NA
Telangana,"Labour Employment ,Training &Factories Department, Devarakonda",RTI_telangana,Devarakonda,NA
Telangana,"Labour Employment ,Training &Factories Department, Malkajgiri",RTI_telangana,Malkajgiri,NA
Telangana,"Labour Employment ,Training &Factories Department, Rangareddy",RTI_telangana,Ranga Reddy,NA
Telangana,"Labour Employment ,Training &Factories Department,, Ibrahimpatnam",RTI_telangana,Ibrahimpatnam,NA
Telangana,"Labour Employment ,Training &Factories Department,,Balanagar",RTI_telangana,Balanagar,NA
Telangana,"Labour Employment ,Training &Factories Department,,Shadnagar",RTI_telangana,Shadnagar,NA
Telangana,"Labour Employment ,Training &Factories Department,,Shamshabad",RTI_telangana,Shamshabad,NA
Telangana,"Labour Employment Training &Factories Circle,Karimnagar, (FAC)",RTI_telangana,Karimnagar,NA
Telangana,"Labour Employment Training &Factories Department of Boilers),Hyderabad",RTI_telangana,Hyderabad,NA
Telangana,"Labour Employment Training &Factories Department, Kamareddy",RTI_telangana,Kamareddy,NA
Telangana,"Labour employment Training &Factories Department, kothagudem",RTI_telangana,Bhadradri Kothagudem,NA
Telangana,"Labour employment Training &Factories Department, Kothagudem",RTI_telangana,Bhadradri Kothagudem,NA
Telangana,"Labour employment training &factories department, Mancherial",RTI_telangana,Mancherial,NA
Telangana,"Labour Employment Training &Factories Department, Narayanapet",RTI_telangana,Narayanapet,NA
Telangana,"Labour employment Training &Factories Department,Badrachalam",RTI_telangana,Badrachalam,NA
Telangana,"Labour employment Training &Factories Department,Kothagudem",RTI_telangana,Bhadradri Kothagudem,NA
Telangana,"Labour employment Training &Factories Department,Manuguru",RTI_telangana,Manuguru,NA
Telangana,"Labour employment Training &Factories Department,yellandu",RTI_telangana,yellandu,NA
Telangana,"Labour Employment Training &Factories, (FAC),Circle, Nalgonda",RTI_telangana,Nalgonda,NA
Telangana,"Labour Employment Training& Factories Department, Ranga Reddy",RTI_telangana,Ranga Reddy,NA
Telangana,"Labour Employment Training&Factories Department ,Cir No 03 Hyderabad",RTI_telangana,Hyderabad,NA
Telangana,Labour Employment Training&Factories Department Banswada,RTI_telangana,Kamareddy,Banswada
Telangana,Labour Employment Training&Factories Department- Bheemgal,RTI_telangana,Nizamabad,Bheemgal
Telangana,Labour Employment Training&Factories Department- Bodhan,RTI_telangana,Nizamabad,Bodhan
Telangana,Labour Employment Training&Factories Department Mahabubnagar,RTI_telangana,Mahabubnagar,NA
Telangana,Labour Employment Training&Factories Department Sangareddy,RTI_telangana,Sangareddy,NA
Telangana,Labour Employment Training&Factories Department Wanaparthy District,RTI_telangana,Wanaparthy,NA
Telangana,Labour Employment Training&Factories Department( Circle-III)Nizamabad,RTI_telangana,Nizamabad,NA
Telangana,Labour Employment Training&Factories Department(Circle - I) Nizamabad,RTI_telangana,Nizamabad,NA
Telangana,Labour Employment Training&Factories Department(Circle-II) Nizamabad,RTI_telangana,Nizamabad,NA
Telangana,"Labour Employment Training&Factories Department, Armoor",RTI_telangana,Armoor,NA
Telangana,"Labour Employment Training&Factories Department, Cir No 01, Hyderabad",RTI_telangana,Hyderabad,NA
Telangana,"Labour Employment Training&Factories Department, Cir No 02 Hyderabad",RTI_telangana,Hyderabad,NA
Telangana,"Labour Employment Training&Factories Department, Cir No 04 Hyderabad",RTI_telangana,Hyderabad,NA
Telangana,"Labour Employment Training&Factories Department, Cir No 08 Hyderabad",RTI_telangana,Hyderabad,NA
Telangana,"Labour Employment Training&Factories Department, Cir.No.07, Hyderabad",RTI_telangana,Hyderabad,NA
Telangana,"Labour Employment Training&Factories Department, Gajwel",RTI_telangana,Gajwel,NA
Telangana,"Labour Employment Training&Factories Department, Mahabubnagar",RTI_telangana,Mahabubnagar,NA
Telangana,"Labour Employment Training&Factories Department, MAHABUBNAGAR",RTI_telangana,Mahabubnagar,NA
Telangana,"Labour Employment Training&factories Department, Mahabubnagar",RTI_telangana,Mahabubnagar,NA
Telangana,"Labour Employment Training&Factories Department, Narayankhed",RTI_telangana,Narayankhed,NA
Telangana,"Labour Employment Training&Factories Department, Narsapur",RTI_telangana,Narsapur,NA
Telangana,"Labour Employment Training&Factories Department, Nizamabad",RTI_telangana,Nizamabad,NA
Telangana,"Labour Employment Training&Factories Department, Patancheru",RTI_telangana,Patancheru,NA
Telangana,"Labour Employment Training&Factories Department, Rajanna Sircilla",RTI_telangana,Rajanna Sircilla,NA
Telangana,"Labour Employment Training&Factories Department, Ramayampet",RTI_telangana,Ramayampet,NA
Telangana,"Labour Employment Training&Factories Department, Siddipet",RTI_telangana,Siddipet,NA
Telangana,"Labour Employment Training&Factories Department, Zaheerabad",RTI_telangana,Zaheerabad,NA
Telangana,"Labour Employment Training&Factories Department,Cir No 05 Hyderabad",RTI_telangana,Hyderabad,NA
Telangana,"Labour Employment Training&Factories Department,Cir No 06 Hyderabad",RTI_telangana,Hyderabad,NA
Telangana,"Labour Employment Training&Factories Department,Cir.No.09, Hyderabad",RTI_telangana,Hyderabad,NA
Telangana,"Labour Employment Training&Factories Department,Cir.No.10",RTI_telangana,Cir.No.10,NA
Telangana,"Labour Employment Training&Factories Department,Cir.No.11, Hyderabad",RTI_telangana,Hyderabad,NA
Telangana,"Labour Employment Training&Factories Department,Cir.No.14, Hyderabad",RTI_telangana,Hyderabad,NA
Telangana,"Labour Employment Training&Factories Department,Cir.No.15, Hyderabad",RTI_telangana,Hyderabad,NA
Telangana,"Labour Employment Training&Factories Department,Cir.No.16, Hyderabad",RTI_telangana,Hyderabad,NA
Telangana,"Labour Employment Training&Factories Department,Cir.No.17, Hyderabad",RTI_telangana,Hyderabad,NA
Telangana,"Labour Employment Training&Factories Department,Cir.No.18, Hyderabad",RTI_telangana,Hyderabad,NA
Telangana,"Labour Employment Training&Factories Department,Cir.No.20",RTI_telangana,,NA
Telangana,"Labour Employment Training&Factories Department,Cir.No.21, Hyderabad",RTI_telangana,Hyderabad,NA
Telangana,"Labour Employment Training&Factories Department,Cir.No.22, Hyderabad",RTI_telangana,Hyderabad,NA
Telangana,"Labour Employment Training&Factories Department,Cir.No.23, Hyderabad",RTI_telangana,Hyderabad,NA
Telangana,"Labour Employment Training&Factories Department,Cir.No.26, Hyderabad",RTI_telangana,Hyderabad,NA
Telangana,"Labour Employment Training&Factories Department,Cir.No.28, Hyderabad",RTI_telangana,Hyderabad,NA
Telangana,"Labour Employment Training&Factories Department,Cir.No.29, Hyderabad",RTI_telangana,Hyderabad,NA
Telangana,"Labour Employment Training&Factories Department,Cir.No.32, Hyderabad",RTI_telangana,Hyderabad,NA
Telangana,"Labour Employment Training&Factories Department,Cir.No.34, Hyderabad",RTI_telangana,Hyderabad,NA
Telangana,"Labour Employment Training&Factories Department,Cir.No.35, Hyderabad",RTI_telangana,Hyderabad,NA
Telangana,"Labour Employment Training&Factories Department,Cir.No.36, Hyderabad",RTI_telangana,Hyderabad,NA
Telangana,"Labour Employment Training&Factories Department,Cir.No.37, Hyderabad",RTI_telangana,Hyderabad,NA
Telangana,"Labour Employment Training&Factories Department,Cir.No19, Hyderabad",RTI_telangana,Hyderabad,NA
Telangana,"Labour Employment Training&Factories Department,Himayatnagar",RTI_telangana,Himayatnagar,NA
Telangana,"Labour Employment Training&Factories Department,Hyd(twin cities)",RTI_telangana,Hyd(twin cities),NA
Telangana,"Labour Employment Training&Factories Department,Labour - IV, Hyderabad",RTI_telangana,Hyderabad,NA
Telangana,"Labour Employment Training&Factories Department,Labour-I, Hyderabad",RTI_telangana,Hyderabad,NA
Telangana,"Labour Employment Training&Factories Department,Labour-II, Hyderabad",RTI_telangana,Hyderabad,NA
Telangana,"Labour Employment Training&Factories Department,Medchal",RTI_telangana,Medchal,NA
Telangana,"Labour Employment Training&Factories Department,Nagarkurnool District",RTI_telangana,Nagarkurnool,NA
Telangana,"Labour Employment Training&Factories Department,Patancheru & Siddipet",RTI_telangana,Siddipet,NA
Telangana,"Labour Employment Training&Factories Department,Sangareddy",RTI_telangana,Sangareddy,NA
Telangana,"Labour Employment Training&Factories DepartmentCir.No.12, Hyderabad",RTI_telangana,Hyderabad,NA
Telangana,Labour Employment Training&Factories DepartmentCir.No.13,RTI_telangana,Hyderabad,NA
Telangana,"Labour Employment Training&Factories Dept of Boilers Circle-I,HYD(FAC)",RTI_telangana,HYD(FAC),NA
Telangana,"Labour Employment Training&Factories Dept of Boilers CircleII,HYD(FAC)",RTI_telangana,HYD(FAC),NA
Telangana,"Labour Employment Training&Factories Dept,CircleIV,Hyderabad(FAC)",RTI_telangana,Hyderabad,NA
Telangana,"Labour Employment,Training&Factories Department,Jangaon",RTI_telangana,Jangaon,NA
Telangana,"Labour,Employement Training&Factories Department,Mulugu",RTI_telangana,Mulugu,NA
Telangana,"Labour,Employement Training&Factories(Corporation) Department,Mulugu",RTI_telangana,Mulugu,NA
Telangana,"Labour,Employment Training &Factories Department,Nagarkurnool",RTI_telangana,Nagarkurnool,NA
Telangana,"Labour,Employment,Training Factories Department, Jangaon",RTI_telangana,Jangaon,NA
Telangana,"Labour,Employment,Training&Factories Department,JS Bhupalpally",RTI_telangana,Jayashankar Bhupalapally,NA
Telangana,"Law Department , Hyderabad",RTI_telangana,Hyderabad,NA
Telangana,Mandal Praja Parishad Abdullapurmet,RTI_telangana,Ranga Reddy,Abdullapurmet
Telangana,Mandal Praja Parishad AMANGAL,RTI_telangana,Ranga Reddy,AMANGAL
Telangana,Mandal Praja Parishad Chevella,RTI_telangana,Ranga Reddy,Chevella
Telangana,Mandal Praja Parishad Chowdariguda,RTI_telangana,Ranga Reddy,Chowdariguda
Telangana,Mandal Praja Parishad Farooqnagar,RTI_telangana,Ranga Reddy,Farooqnagar
Telangana,Mandal Praja Parishad Ibrahimpatnam,RTI_telangana,Ranga Reddy,Ibrahimpatnam
Telangana,Mandal Praja Parishad KADTHAL,RTI_telangana,Ranga Reddy,KADTHAL
Telangana,Mandal Praja Parishad Kandukur,RTI_telangana,Ranga Reddy,Kandukur
Telangana,Mandal Praja Parishad KESHAMPET,RTI_telangana,Ranga Reddy,KESHAMPET
Telangana,Mandal Praja Parishad Kondurg,RTI_telangana,Ranga Reddy,Kondurg
Telangana,Mandal Praja Parishad Kothur,RTI_telangana,Ranga Reddy,Kothur
Telangana,Mandal Praja Parishad MADGUL,RTI_telangana,Ranga Reddy,MADGUL
Telangana,Mandal Praja Parishad Maheshwaram,RTI_telangana,Ranga Reddy,Maheshwaram
Telangana,Mandal Praja Parishad Manchal,RTI_telangana,Ranga Reddy,Manchal
Telangana,Mandal Praja Parishad Moinabad,RTI_telangana,Ranga Reddy,Moinabad
Telangana,Mandal Praja Parishad Nandigama,RTI_telangana,Ranga Reddy,Nandigama
Telangana,Mandal Praja Parishad Shabad,RTI_telangana,Ranga Reddy,Shabad
Telangana,Mandal Praja Parishad SHAMSHABAD,RTI_telangana,Ranga Reddy,SHAMSHABAD
Telangana,Mandal Praja Parishad SHANKERPALLY,RTI_telangana,Ranga Reddy,SHANKERPALLY
Telangana,Mandal Praja Parishad Talakondapally,RTI_telangana,Ranga Reddy,Talakondapally
Telangana,Mandal Praja Parishad Yacharam,RTI_telangana,Ranga Reddy,Yacharam
Telangana,Mandal Praja Parishad Akberpet-Bhoompally,RTI_telangana,Akberpet-Bhoompally,Akberpet-Bhoompally
Telangana,Mandal Praja Parishad Akkannapet,RTI_telangana,Siddipet,Akkannapet
Telangana,Mandal Praja Parishad Bejjanki,RTI_telangana,Siddipet,Bejjanki
Telangana,Mandal Praja Parishad Cherial,RTI_telangana,Siddipet,Cherial
Telangana,Mandal Praja Parishad Chinnakodur,RTI_telangana,Siddipet,Chinnakodur
Telangana,Mandal Praja Parishad Dhoolmitta,RTI_telangana,Siddipet,Dhoolmitta
Telangana,Mandal Praja Parishad Doulthabad,RTI_telangana,Siddipet,Doulthabad
Telangana,Mandal Praja Parishad Dubbak,RTI_telangana,Siddipet,Dubbak
Telangana,Mandal Praja Parishad Gajwel,RTI_telangana,Siddipet,Gajwel
Telangana,Mandal Praja Parishad Husnabad,RTI_telangana,Siddipet,Husnabad
Telangana,Mandal Praja Parishad Inavolu,RTI_telangana,Siddipet,Inavolu
Telangana,Mandal Praja Parishad Jagadevpur,RTI_telangana,Siddipet,Jagadevpur
Telangana,Mandal Praja Parishad Koheda,RTI_telangana,Siddipet,Koheda
Telangana,Mandal Praja Parishad Komuravelly,RTI_telangana,Siddipet,Komuravelly
Telangana,Mandal Praja Parishad Kondapak,RTI_telangana,Siddipet,Kondapak
Telangana,Mandal Praja Parishad Kukunoorpally,RTI_telangana,Siddipet,Kukunoorpally
Telangana,Mandal Praja Parishad Maddur,RTI_telangana,Siddipet,Maddur
Telangana,Mandal Praja Parishad Markook,RTI_telangana,Siddipet,Markook
Telangana,Mandal Praja Parishad Mirdoddi,RTI_telangana,Siddipet,Mirdoddi
Telangana,Mandal Praja Parishad Mulugu,RTI_telangana,Siddipet,Mulugu
Telangana,Mandal Praja Parishad Nangunoor,RTI_telangana,Siddipet,Nangunoor
Telangana,Mandal Praja Parishad Narayanraopet,RTI_telangana,Siddipet,Narayanraopet
Telangana,Mandal Praja Parishad Raipole,RTI_telangana,Siddipet,Raipole
Telangana,Mandal Praja Parishad Siddipet ( R),RTI_telangana,Siddipet,Siddipet (Rural)
Telangana,Mandal Praja Parishad Siddipet (U),RTI_telangana,Siddipet,Siddipet (Urban)
Telangana,Mandal Praja Parishad Thoguta,RTI_telangana,Siddipet,Thoguta
Telangana,Mandal Praja Parishad Wargal,RTI_telangana,Siddipet,Wargal
Telangana,"MedicalSuperintendent, Area Hospital, Jadcherla",RTI_telangana,Mahabubnagar,Jadcherla
Telangana,"Mines & Geology Department, Jangaon",RTI_telangana,Jangaon,NA
Telangana,"Mines & Geology Department,Kamareddy",RTI_telangana,Kamareddy,NA
Telangana,"Mines & Geology Department,Mulugu",RTI_telangana,Mulugu,NA
Telangana,"Mines & Geology waddepally, Hanamkonda",RTI_telangana,Hanamkonda,NA
Telangana,Mines and Geology,RTI_telangana,,NA
Telangana,"Mines and Geology Department, Mahabubnagar",RTI_telangana,Mahabubnagar,NA
Telangana,"Mines and Geology Department,Khammam",RTI_telangana,Khammam,NA
Telangana,"Mines and Geology Department,Medak",RTI_telangana,Medak,NA
Telangana,"Mines and Geology Department,Naspur",RTI_telangana,Naspur,NA
Telangana,"Mines&Geology Department,,Rajanna Sircilla",RTI_telangana,Rajanna Sircilla,NA
Telangana,"Mines&Geology department,kothagudem",RTI_telangana,Bhadradri Kothagudem,NA
Telangana,"Minoriteis Welfare Department,Khammam",RTI_telangana,Khammam,NA
Telangana,"Minorities Welfare Department, Jangaon",RTI_telangana,Jangaon,NA
Telangana,"Minorities welfare Department,kothagudem",RTI_telangana,Bhadradri Kothagudem,NA
Telangana,"Minorities WelfareDepartment,Kamareddy",RTI_telangana,Kamareddy,NA
Telangana,"Minorities WelfareDepartment,Naspur",RTI_telangana,Naspur,NA
Telangana,"Minority Welfare Department,Medak",RTI_telangana,Medak,NA
Telangana,"Mission for Elimination of Poverty in Municipal Area(MEPMA),Karimnagar",RTI_telangana,NA,NA
Telangana,"Municipal Adiministration& Urban Development, Ghanpur (Stn)",RTI_telangana,Ghanpur (Stn),
Telangana,"Municipal Adiministration& Urban Development, Jangaon",RTI_telangana,Jangaon,
Telangana,"Municipal Administartion &Uran Development Department, Wardhannapet",RTI_telangana,Wardhannapet,
Telangana,Municipal Administration & Urban Development Alampur,RTI_telangana,,
Telangana,"Municipal Administration & Urban Development Department,Palavancha",RTI_telangana,Bhadradri Kothagudem,Palavancha
Telangana,"Municipal Administration & Urban Development Dept,mauguru",RTI_telangana,mauguru,mauguru
Telangana,"Municipal Administration & Urban Development Dept.,kothagudem",RTI_telangana,Bhadradri Kothagudem,kothagudem
Telangana,Municipal Administration & Urban Development Gadwal,RTI_telangana,Gadwal,
Telangana,Municipal Administration & Urban Development Ieeja,RTI_telangana,Leeja,
Telangana,"Municipal Administration & Urban Development, Tellapur, Sangareddy",RTI_telangana,Sangareddy,
Telangana,"Municipal Administration & Urban Development, Zaheerabad Sangareddy",RTI_telangana,Sangareddy,
Telangana,Municipal Administration &Urban Development Kyathanpally,RTI_telangana,Kyathanpally,
Telangana,"Municipal Administration &Urban Development,Bellampally",RTI_telangana,Bellampally,
Telangana,"Municipal Administration &Urban Development,Chennur",RTI_telangana,Chennur,
Telangana,"Municipal Administration &Urban Development,Hyderabad",RTI_telangana,Hyderabad,
Telangana,"Municipal Administration &Urban Development,Luxettipet",RTI_telangana,Luxettipet,
Telangana,"Municipal Administration &Urban Development,Mancherial",RTI_telangana,Mancherial,
Telangana,"Municipal Administration &Urban Development,Mandamarri",RTI_telangana,Mandamarri,
Telangana,"Municipal Administration&Urban Development Department, Narsampet",RTI_telangana,Narsampet,
Telangana,"Municipal Administration&Urban Development Department,Mahabubnagar",RTI_telangana,Mahabubnagar,
Telangana,"Municipal Administration&Urban Development Department,Mulugu",RTI_telangana,Mulugu,
Telangana,"Municipal Administration&Urban Development Department,Peddapalli",RTI_telangana,Peddapalli,
Telangana,Municipal Administration&Urban Development(MEPMA) Kamareddy,RTI_telangana,Kamareddy,
Telangana,"Municipal Administration&Urban Development, Kamareddy",RTI_telangana,Kamareddy,
Telangana,"Municipal Administration&Urban Development, YELLAREDDY",RTI_telangana,YELLAREDDY,
Telangana,"Municipal Administration&Urban Development, Banswada",RTI_telangana,Banswada,
Telangana,"Municipal Administration&Urban Development,Makthal",RTI_telangana,Makthal,
Telangana,"Municipal Administration&Urban Development,Medak",RTI_telangana,Medak,
Telangana,"Municipal Administration&Urban Development,Narayanpet",RTI_telangana,Narayanpet,
Telangana,"Municipal Administration&Urban Development,Ramayampet,Medak",RTI_telangana,Medak,
Telangana,"Municipal Administration&Urban Development,Toopran",RTI_telangana,Toopran,
Telangana,"MunicipalAdministration &Urban Development Department, Alampur",RTI_telangana,Alampur,
Telangana,Northern Power Distribution Company of Telangana,RTI_telangana,NA,
Telangana,O/o Department of co-operation,RTI_telangana,NA,
Telangana,O/o Department of Co-operation,RTI_telangana,NA,
Telangana,O/o District Veterinary & Animal Husbandry,RTI_telangana,NA,
Telangana,O/o District veterinery & animal husbandary,RTI_telangana,NA,
Telangana,"O/o Superintending Engineer, Irrigation Circle, Kalluru, Khammam",RTI_telangana,Khammam,na
Telangana,O/o Tahsildar Damera Mandal Hanumakonda District,RTI_telangana,Hanamkonda,Damera
Telangana,O/o Tahsildar Mahadevpur Mandal Jayashankar Bhupalapally District,RTI_telangana,Jayashankar Bhupalapally,Mahadevpur
Telangana,"O/o Tahsildar, ghanpur(M)",RTI_telangana,NA,ghanpur(M)
Telangana,"O/o Tahsildar, Kataram Mandal Jayashankar Bhupalpally District",RTI_telangana,Jayashankar Bhupalapally,Kataram
Telangana,"O/o Tahsildar, Kothapallygori Mandal Jayashankar Bhupalpally District",RTI_telangana,Jayashankar Bhupalapally,Kothapallygori
Telangana,"O/o Tahsildar, Mahamutharam, Jayashankar Bhupalapally Dist",RTI_telangana,Jayashankar Bhupalapally,Mahamutharam
Telangana,"O/o Tahsildar, Malharrao Mandal Jayashankar Bhupalpally District",RTI_telangana,Jayashankar Bhupalapally,Malharrao
Telangana,"O/o Tahsildar, Mogullapally, Jayashankar Bhupalapally Dist",RTI_telangana,Jayashankar Bhupalapally,Mogullapally
Telangana,"O/o Tahsildar, Tekumatla",RTI_telangana,NA,Tekumatla
Telangana,"O/o the Assistant Civil Supply Offier, Secunderabad Circle",RTI_telangana,Secunderabad Circle,NA
Telangana,"O/o. The Superintending Engineer, Irrigation Circle, Khammam",RTI_telangana,Khammam,NA
Telangana,"O/oTahsildar, Tekumatla",RTI_telangana,Tekumatla,NA
Telangana,"Office of the Asst. Labour Offficer, Madak",RTI_telangana,Madak,NA
Telangana,Office of the Asst. Labour Officer Suryapet,RTI_telangana,Suryapet,NA
Telangana,"Office of the Asst. Labour officer, Bhongir",RTI_telangana,Bhongir,NA
Telangana,"Office of the Asst. Labour Officer, Kodad",RTI_telangana,Kodad,NA
Telangana,Office of the Chief Planning Officer Hyderabad District,RTI_telangana,Hyderabad,NA
Telangana,"Office of the Deputy Commissioner of Labour, Mahabubnagar",RTI_telangana,Mahabubnagar,NA
Telangana,"OFFICE OF THE DISTRICT AUDIT OFFICER, STATE AUDIT,MANCHERIAL",RTI_telangana,Mancherial,NA
Telangana,Office of the District Telangana State Housing Corporation Ltd Jagtial,RTI_telangana,Jagtial,NA
Telangana,Panchayat Raj,RTI_telangana,,
Telangana,"Panchayat Raj & Rural (DYEE PR SD Ghattu), Jogulamba Gadwal",RTI_telangana,Jogulamba Gadwal,Ghattu
Telangana,"Panchayat Raj & Rural (DYEE PR SD Manopad), Jogulamba Gadwal",RTI_telangana,Jogulamba Gadwal,Manopad
Telangana,Panchayat Raj & Rural (PIU Division) Gadwal,RTI_telangana,Jogulamba Gadwal,NA
Telangana,"Panchayat Raj & Rural Development Department, Sangareddy",RTI_telangana,Sangareddy,NA
Telangana,"Panchayat Raj & Rural Development Department, Alampur",RTI_telangana,Jogulamba Gadwal,Alampur
Telangana,"Panchayat Raj & Rural Development Department, Andole, Sangareddy",RTI_telangana,Sangareddy,Andole
Telangana,"Panchayat Raj & Rural Development Department, Chowtakur, Sangareddy",RTI_telangana,Sangareddy,Choutkur
Telangana,"Panchayat Raj & Rural Development Department, Dharur",RTI_telangana,Vikarabad,Dharur
Telangana,"Panchayat Raj & Rural Development Department, Gadwal",RTI_telangana,Jogulamba Gadwal,Gadwal
Telangana,"Panchayat Raj & Rural Development Department, Gattu",RTI_telangana,Jogulamba Gadwal,Ghattu
Telangana,"Panchayat Raj & Rural Development Department, Gummadidala, Sangareddy",RTI_telangana,Sangareddy,Gummadidala
Telangana,"Panchayat Raj & Rural Development Department, Hathnoora, Sangareddy",RTI_telangana,Sangareddy,Hathnoora
Telangana,"Panchayat Raj & Rural Development Department, Ieeja",RTI_telangana,Jogulamba Gadwal,Ieeja
Telangana,"Panchayat Raj & Rural Development Department, Jharasangam, Sangareddy",RTI_telangana,Sangareddy,Jharasangam
Telangana,"Panchayat Raj & Rural Development Department, Jinnaram, Sangareddy",RTI_telangana,Sangareddy,Jinnaram
Telangana,"Panchayat Raj & Rural Development Department, Kalher, Sangareddy",RTI_telangana,Sangareddy,Kalher
Telangana,"Panchayat Raj & Rural Development Department, Kandi, Sangareddy",RTI_telangana,Sangareddy,Kandi
Telangana,"Panchayat Raj & Rural Development Department, Kangti, Sangareddy",RTI_telangana,Sangareddy,Kangti
Telangana,"Panchayat Raj & Rural Development Department, Kohir, Sangareddy",RTI_telangana,Sangareddy,Kohir
Telangana,"Panchayat Raj & Rural Development Department, Kondapur, Sangareddy",RTI_telangana,Sangareddy,Kondapur
Telangana,"Panchayat Raj & Rural Development Department, KT Doddi",RTI_telangana,Narayanpet,Krishna (KT Doddi)
Telangana,"Panchayat Raj & Rural Development Department, Maldakal",RTI_telangana,Jogulamba Gadwal,Maldakal
Telangana,"Panchayat Raj & Rural Development Department, Manoor, Sangareddy",RTI_telangana,Sangareddy,Manoor
Telangana,"Panchayat Raj & Rural Development Department, Manopad",RTI_telangana,Jogulamba Gadwal,Manopad
Telangana,"Panchayat Raj & Rural Development Department, Mogudampally, Sangareddy",RTI_telangana,Sangareddy,Mogudampally
Telangana,"Panchayat Raj & Rural Development Department, Munipally, Sangareddy",RTI_telangana,Sangareddy,Munipally
Telangana,"Panchayat Raj & Rural Development Department, Nagalgidda, Sangareddy",RTI_telangana,Sangareddy,Nagalgidda
Telangana,"Panchayat Raj & Rural Development Department, Narayankhed, Sangareddy",RTI_telangana,Sangareddy,Narayankhed
Telangana,"Panchayat Raj & Rural Development Department, Nizampet, Sangareddy",RTI_telangana,Sangareddy,Nizampet
Telangana,"Panchayat Raj & Rural Development Department, Nyalkal, Sangareddy",RTI_telangana,Sangareddy,Nyalkal
Telangana,"Panchayat Raj & Rural Development Department, Patancheru, Sangareddy",RTI_telangana,Sangareddy,Patancheru
Telangana,"Panchayat Raj & Rural Development Department, Pulkal, Sangareddy",RTI_telangana,Sangareddy,Pulkal
Telangana,"Panchayat Raj & Rural Development Department, Raikode, Sangareddy",RTI_telangana,Sangareddy,Raikode
Telangana,"Panchayat Raj & Rural Development Department, Rajoli",RTI_telangana,Jogulamba Gadwal,Rajoli
Telangana,"Panchayat Raj & Rural Development Department, Sadashivapet, Sangareddy",RTI_telangana,Sangareddy,Sadashivpet
Telangana,"Panchayat Raj & Rural Development Department, Sirgapur, Sangareddy",RTI_telangana,Sangareddy,Sirgapur
Telangana,"Panchayat Raj & Rural Development Department, Undavelly",RTI_telangana,Jogulamba Gadwal,Undavelli
Telangana,"Panchayat Raj & Rural Development Department, Waddepally",RTI_telangana,Jogulamba Gadwal,Waddepally
Telangana,"Panchayat Raj & Rural Development Department, Watpally, Sangareddy",RTI_telangana,Sangareddy,Watpally
Telangana,"Panchayat Raj & Rural Development Department, Zaheerabad, Sangareddy",RTI_telangana,Sangareddy,Zaheerabad
Telangana,"Panchayat Raj & Rural Development Department,Ameenpur, Sangareddy",RTI_telangana,Sangareddy,Ameenpur
Telangana,"Panchayat Raj & Rural Development Department,Hyderabad",RTI_telangana,Hyderabad,NA
Telangana,Panchayat Raj & Rural Development( Mission Bhagiratha-Intra) Medak,RTI_telangana,Medak,NA
Telangana,Panchayat Raj & Rural Development(Mandal Praja Parishad ) Nagireddypet,RTI_telangana,Kamareddy,Nagireddypet
Telangana,Panchayat Raj & Rural Development(Mandal Praja Parishad )Bhiknoor,RTI_telangana,Kamareddy,Bhiknoor
Telangana,Panchayat Raj & Rural Development(Mandal Praja Parishad )Bibipet,RTI_telangana,Kamareddy,Bibipet
Telangana,Panchayat Raj & Rural Development(Mandal Praja Parishad )Bichkunda,RTI_telangana,Kamareddy,Bichkunda
Telangana,Panchayat Raj & Rural Development(Mandal Praja Parishad )Lingampet,RTI_telangana,Kamareddy,Lingampet
Telangana,Panchayat Raj & Rural Development(Mandal Praja Parishad )Nizamsagar,RTI_telangana,Kamareddy,Nizamsagar
Telangana,Panchayat Raj & Rural Development(Mandal Praja Parishad) Domakonda,RTI_telangana,Kamareddy,Domakonda
Telangana,Panchayat Raj & Rural Development(Mandal Praja Parishad) Machareddy,RTI_telangana,Kamareddy,Machareddy
Telangana,Panchayat Raj & Rural Development(Mandal Praja Parishad) Madnoor,RTI_telangana,Kamareddy,Madnoor
Telangana,Panchayat Raj & Rural Development(Mandal Praja Parishad) Rajampet,RTI_telangana,Kamareddy,Rajampet
Telangana,Panchayat Raj & Rural Development(Mandal Praja Parishad) Yellareddy,RTI_telangana,Kamareddy,Yellareddy
Telangana,"Panchayat Raj & Rural Development(Mandal Praja Parishad), Banswada",RTI_telangana,Kamareddy,Banswada
Telangana,"Panchayat Raj & Rural Development(Mandal Praja Parishad), Jukkal",RTI_telangana,Kamareddy,Jukkal
Telangana,"Panchayat Raj & Rural Development(Mandal Praja Parishad), Ramareddy",RTI_telangana,Kamareddy,Ramareddy
Telangana,Panchayat Raj & Rural Development(Mandal Praja Parishad)Sadashivanagar,RTI_telangana,Kamareddy,Sadashivanagar
Telangana,"Panchayat Raj & Rural Development(Mandal Praja Parishad,)Nasrullabad",RTI_telangana,Kamareddy,Nasrullabad
Telangana,Panchayat Raj & Rural Development(Mandala praja parishad )Gandhari,RTI_telangana,Kamareddy,Gandhari
Telangana,Panchayat Raj & Rural Development(MPDO) Birkoor,RTI_telangana,Kamareddy,Birkoor
Telangana,Panchayat Raj & Rural Development(MPP )Regode,RTI_telangana,Medak,Regode
Telangana,Panchayat Raj & Rural Development(MPP) Alladurg,RTI_telangana,Medak,Alladurg
Telangana,Panchayat Raj & Rural Development(MPP) CHEGUNTA,RTI_telangana,Medak,Chegunta
Telangana,Panchayat Raj & Rural Development(MPP) Chilipiched,RTI_telangana,Medak,Chilipched
Telangana,Panchayat Raj & Rural Development(MPP) Kowdipally,RTI_telangana,Medak,Kowdipally
Telangana,Panchayat Raj & Rural Development(MPP) Kulcharam,RTI_telangana,Medak,Kulcharam
Telangana,Panchayat Raj & Rural Development(MPP) MANOHARABAD,RTI_telangana,Medak,Manoharabad
Telangana,Panchayat Raj & Rural Development(MPP) Medak,RTI_telangana,Medak,Medak
Telangana,Panchayat Raj & Rural Development(MPP) NARSAPUR,RTI_telangana,Medak,Narsapur
Telangana,Panchayat Raj & Rural Development(MPP) NARSINGI,RTI_telangana,Medak,Narsingi
Telangana,Panchayat Raj & Rural Development(MPP) Nizampet,RTI_telangana,Medak,Nizampet
Telangana,Panchayat Raj & Rural Development(MPP) Papannapet,RTI_telangana,Medak,Papannapet
Telangana,Panchayat Raj & Rural Development(MPP) Ramayampet,RTI_telangana,Medak,Ramayampet
Telangana,Panchayat Raj & Rural Development(MPP) Shankarampet (R),RTI_telangana,Medak,Shankarampet (R)
Telangana,Panchayat Raj & Rural Development(MPP) Shankarampet A,RTI_telangana,Medak,Shankarampet (A)
Telangana,Panchayat Raj & Rural Development(MPP) SHIVAMPET,RTI_telangana,Medak,Shivampet
Telangana,Panchayat Raj & Rural Development(MPP) Tekmal,RTI_telangana,Medak,Tekmal
Telangana,Panchayat Raj & Rural Development(MPP) Toopran,RTI_telangana,Medak,Toopran
Telangana,Panchayat Raj & Rural Development(MPP) YELDURTHY,RTI_telangana,Medak,Yeldurthy
Telangana,Panchayat Raj & Rural Development(MPP)Haveli Ghanapur,RTI_telangana,Medak,Haveli Ghanpur
Telangana,Panchayat Raj & Rural Development(Zilla Parishad )medak,RTI_telangana,Medak,NA
Telangana,Panchayat Raj & Rural Development(Zilla Praja Parisahad )Kamareddy,RTI_telangana,Kamareddy,NA
Telangana,"Panchayat Raj & Rural Development, (PIU) Division Kamareddy",RTI_telangana,Kamareddy,NA
Telangana,"Panchayat Raj & Rural Development, Dongli",RTI_telangana,Kamareddy,Dongli
Telangana,"Panchayat Raj & Rural Development, Palwancha",RTI_telangana,Bhadradri Kothagudem,Palwancha
Telangana,"Panchayat Raj & Rural Development, PEDDA KODAPGAL",RTI_telangana,Kamareddy,Pedda Kodapgal
Telangana,"Panchayat Raj & Rural Development, Tadwai",RTI_telangana,Kamareddy,Tadwai
Telangana,"Panchayat Raj & Rural Development,Medak",RTI_telangana,Medak,NA
Telangana,"Panchayat Raj & Rural Development,medak",RTI_telangana,Medak,NA
Telangana,"Panchayat Raj & Rural(Zilla Praja Parishad)Department,Jagtial",RTI_telangana,Jagtial,NA
Telangana,"Panchayat Raj & Rurla(Engineering) Department, Peddapally",RTI_telangana,Peddapalli,NA
Telangana,"Panchayat Raj &Rural Development Department, Vikarabad",RTI_telangana,Vikarabad,NA
Telangana,Panchayat Raj &Rural development dept(MPP) Mulakalapally,RTI_telangana,Bhadradri Kothagudem,Mulakalapally
Telangana,"Panchayat Raj &Rural development dept,DRDA kothagudem",RTI_telangana,Bhadradri Kothagudem,NA
Telangana,"Panchayat Raj &Rural development dept,MPP",RTI_telangana,Bhadradri Kothagudem,NA
Telangana,"Panchayat Raj &Rural development dept,MPP Laxmidevipally",RTI_telangana,Bhadradri Kothagudem,Laxmidevipally
Telangana,"Panchayat Raj &Rural development dept,MPP ,PIU Divsion,Kothagudem",RTI_telangana,Bhadradri Kothagudem,NA
Telangana,"Panchayat Raj &Rural development dept,MPP . Yellandu",RTI_telangana,Bhadradri Kothagudem,Yellandu
Telangana,"Panchayat Raj &Rural development dept,MPP Allapally",RTI_telangana,Bhadradri Kothagudem,Allapalli
Telangana,"Panchayat Raj &Rural development dept,MPP Annapureddipalli",RTI_telangana,Bhadradri Kothagudem,Annapureddypalli
Telangana,"Panchayat Raj &Rural development dept,MPP Aswapuram",RTI_telangana,Bhadradri Kothagudem,Aswapuram
Telangana,"Panchayat Raj &Rural development dept,MPP Aswaraopeta",RTI_telangana,Bhadradri Kothagudem,Aswaraopeta
Telangana,"Panchayat Raj &Rural development dept,MPP Burgampahad",RTI_telangana,Bhadradri Kothagudem,Burgampahad
Telangana,"Panchayat Raj &Rural development dept,MPP chandrugonda",RTI_telangana,Bhadradri Kothagudem,Chandrugonda
Telangana,"Panchayat Raj &Rural development dept,MPP Charla",RTI_telangana,Bhadradri Kothagudem,Charla
Telangana,"Panchayat Raj &Rural development dept,MPP Chunchupalli",RTI_telangana,Bhadradri Kothagudem,Chunchupalli
Telangana,"Panchayat Raj &Rural development dept,MPP Dammapeta",RTI_telangana,Bhadradri Kothagudem,Dammapeta
Telangana,"Panchayat Raj &Rural development dept,MPP Gundala",RTI_telangana,Bhadradri Kothagudem,Gundala
Telangana,"Panchayat Raj &Rural development dept,MPP Julurpadu",RTI_telangana,Bhadradri Kothagudem,Julurpad
Telangana,"Panchayat Raj &Rural development dept,MPP kothagudem",RTI_telangana,Bhadradri Kothagudem,Kothagudem
Telangana,"Panchayat Raj &Rural development dept,MPP kothagudem,District Panchaya",RTI_telangana,Bhadradri Kothagudem,Kothagudem
Telangana,"Panchayat Raj &Rural development dept,MPP Manuguru",RTI_telangana,Bhadradri Kothagudem,Manuguru
Telangana,"Panchayat Raj &Rural development dept,MPP palvancha",RTI_telangana,Bhadradri Kothagudem,Palwancha
Telangana,"Panchayat Raj &Rural development dept,MPP PINAPAKA",RTI_telangana,Bhadradri Kothagudem,Pinapaka
Telangana,"Panchayat Raj &Rural development dept,MPP Sujathnagar",RTI_telangana,Bhadradri Kothagudem,Sujathanagar
Telangana,"Panchayat Raj &Rural development dept,MPP Tekulapally",RTI_telangana,Bhadradri Kothagudem,Tekulapalli
Telangana,"PANCHAYAT RAJ , Damera",RTI_telangana,Hanumakonda,Damera
Telangana,"Panchayat Raj and Rural Development Department(DRDA)Anthepally,medchal",RTI_telangana,Medchal–Malkajgiri,NA
Telangana,Panchayat Raj and Rural Development Dept(Zilla PrajaParishad)Vikarabad,RTI_telangana,Vikarabad,NA
Telangana,Panchayat Raj and Rural Development(Mandal Praja Parishad) Bellampalli,RTI_telangana,Mancherial,Bellampalli
Telangana,Panchayat Raj and Rural Development(Mandal Praja Parishad) Dandepally,RTI_telangana,Mancherial,Dandepally
Telangana,Panchayat Raj and Rural Development(Mandal Praja Parishad) Hajipur,RTI_telangana,Mancherial,Hajipur
Telangana,Panchayat Raj and Rural Development(Mandal Praja Parishad) Jannaram,RTI_telangana,Mancherial,Jannaram
Telangana,Panchayat Raj and Rural Development(Mandal Praja Parishad) Mandamarri,RTI_telangana,Mancherial,Mandamarri
Telangana,Panchayat Raj and Rural Development(Mandal Praja Parishad) Tandur,RTI_telangana,Mancherial,Tandur
Telangana,Panchayat Raj and Rural Development(Mandal Praja Parishad)Bheemaram,RTI_telangana,Mancherial,Bheemaram
Telangana,Panchayat Raj and Rural Development(Mandal Praja Parishad)Bheemini,RTI_telangana,Mancherial,Bheemini
Telangana,Panchayat Raj and Rural Development(Mandal Praja Parishad)Chennur,RTI_telangana,Mancherial,Chennur
Telangana,Panchayat Raj and Rural Development(Mandal Praja Parishad)Jaipur,RTI_telangana,Mancherial,Jaipur
Telangana,Panchayat Raj and Rural Development(Mandal Praja Parishad)Kannepally,RTI_telangana,Mancherial,Kannepalli
Telangana,Panchayat Raj and Rural Development(Mandal Praja Parishad)Kasipet,RTI_telangana,Mancherial,Kasipet
Telangana,Panchayat Raj and Rural Development(Mandal Praja Parishad)Kotapally,RTI_telangana,Mancherial,Kotapalli
Telangana,Panchayat Raj and Rural Development(Mandal Praja Parishad)Nennel,RTI_telangana,Mancherial,Nennel
Telangana,Panchayat Raj and Rural Development(Mandal Praja Parishad)Vemanpally,RTI_telangana,Mancherial,Vemanpalli
Telangana,"Panchayat Raj and Rural Development(Mandal Praja Parishad,)Luxettipet",RTI_telangana,Mancherial,Luxettipet
Telangana,Panchayat Raj and Rural Development(Zilla Praja Parishad) Mancherial,RTI_telangana,Mancherial,NA
Telangana,"Panchayat Raj and Rural Development, Mancherial",RTI_telangana,Mancherial,NA
Telangana,PANCHAYAT RAJ Athmakur,RTI_telangana,Hanumakonda,Atmakur
Telangana,PANCHAYAT RAJ Bheemadevarapalli,RTI_telangana,Hanumakonda,Bheemadevarpally
Telangana,"Panchayat Raj Dept,Medchal-Malkajgiri",RTI_telangana,Medchal–Malkajgiri,NA
Telangana,Panchayat Raj&Rural Developmen(Mandal Praja Parishad) Kothapallygori,RTI_telangana,Jayashankar Bhupalpally,Kothapally Gori
Telangana,Panchayat Raj&Rural Developmen(Mandal Praja Parishad) Chityal,RTI_telangana,Jayashankar Bhupalpally,Chityal
Telangana,Panchayat Raj&Rural Developmen(Mandal Praja Parishad) GHANPUR(M),RTI_telangana,Jayashankar Bhupalpally,Ghanpur
Telangana,Panchayat Raj&Rural Developmen(Mandal Praja Parishad) Mahamutharam,RTI_telangana,Jayashankar Bhupalpally,Mahamutharam
Telangana,Panchayat Raj&Rural Developmen(Mandal Praja Parishad) Tekumatla,RTI_telangana,Jayashankar Bhupalpally,Tekumatla
Telangana,"Panchayat Raj&Rural Development , Mahabubnagar",RTI_telangana,Mahabubnagar,NA
Telangana,"Panchayat Raj&Rural Development Departmen(MPP) Chilpur,Jangaon",RTI_telangana,Jangaon,Chilpur
Telangana,"Panchayat Raj&Rural Development Departmen(MPP) Ghanpur (Stn.),Jangaon",RTI_telangana,Jangaon,Ghanpur (Station)
Telangana,"Panchayat Raj&Rural Development Departmen(MPP) Kodakandla, Jangaon",RTI_telangana,Jangaon,Kodakandla
Telangana,"Panchayat Raj&Rural Development Departmen(MPP) Lingalaghanpur, Jangaon",RTI_telangana,Jangaon,Lingalaghanpur
Telangana,"Panchayat Raj&Rural Development Departmen(Zilla Parishad),Jangaon",RTI_telangana,Jangaon,NA
Telangana,Panchayat Raj&Rural Development Department Bayyaram,RTI_telangana,Mahabubabad,Bayyaram
Telangana,Panchayat Raj&Rural Development Department Chinnagudur,RTI_telangana,Mahabubabad,Chinnagudur
Telangana,Panchayat Raj&Rural Development Department Danthalapally,RTI_telangana,Mahabubabad,Danthalapally
Telangana,Panchayat Raj&Rural Development Department Gangaram,RTI_telangana,Mahabubabad,Gangaram
Telangana,Panchayat Raj&Rural Development Department Gudur,RTI_telangana,Mahabubabad,Gudur
Telangana,Panchayat Raj&Rural Development Department Inugurthy,RTI_telangana,Mahabubabad,Inugurthy
Telangana,Panchayat Raj&Rural Development Department Jangaon,RTI_telangana,Jangaon,Jangaon
Telangana,Panchayat Raj&Rural Development Department Kesamudram,RTI_telangana,Mahabubabad,Kesamudram
Telangana,Panchayat Raj&Rural Development Department Kothaguda,RTI_telangana,Mahabubabad,Kothaguda
Telangana,Panchayat Raj&Rural Development Department Kuravi,RTI_telangana,Mahabubabad,Kuravi
Telangana,Panchayat Raj&Rural Development Department Mahabubabad,RTI_telangana,Mahabubabad,Mahabubabad
Telangana,Panchayat Raj&Rural Development Department Maripeda,RTI_telangana,Mahabubabad,Maripeda
Telangana,Panchayat Raj&Rural Development Department Narsimhulapet,RTI_telangana,Mahabubabad,Narsimhulapet
Telangana,Panchayat Raj&Rural Development Department Nellikudur,RTI_telangana,Mahabubabad,Nellikudur
Telangana,Panchayat Raj&Rural Development Department Peddavangara,RTI_telangana,Mahabubabad,Peddavangara
Telangana,Panchayat Raj&Rural Development Department Seerole,RTI_telangana,Mahabubabad,Seerole
Telangana,Panchayat Raj&Rural Development Department Thorrur,RTI_telangana,Mahabubabad,Thorrur
Telangana,"Panchayat Raj&Rural Development Department(DRDO),Nalgonda",RTI_telangana,Nalgonda,NA
Telangana,"Panchayat Raj&Rural Development Department(MB Intra),Peddapalli",RTI_telangana,Peddapalli,NA
Telangana,"Panchayat Raj&Rural Development Department(MPP) Palakurthy, Jangaon",RTI_telangana,Jangaon,Palakurthy
Telangana,"Panchayat Raj&Rural Development Department(MPP) Tharigoppula, Jangaon",RTI_telangana,Jangaon,Tharigoppula
Telangana,"Panchayat Raj&Rural Development Department(MPP) Zaffaragdh,Jangaon",RTI_telangana,Jangaon,Zaffargadh
Telangana,"Panchayat Raj&Rural Development Department(MPP) Bachannapet, Jangaon",RTI_telangana,Jangaon,Bachannapet
Telangana,"Panchayat Raj&Rural Development Department(MPP) Devaruppula, Jangaon",RTI_telangana,Jangaon,Devaruppula
Telangana,"Panchayat Raj&Rural Development Department(MPP) Narmetta,Jangaon",RTI_telangana,Jangaon,Narmetta
Telangana,"Panchayat Raj&Rural Development Department(MPP), Jangaon",RTI_telangana,Jangaon,NA
Telangana,"Panchayat Raj&Rural Development Department, Adilabad",RTI_telangana,Adilabad,NA
Telangana,"Panchayat Raj&Rural Development Department, Ghanpur (Stn),Jangaon",RTI_telangana,Jangaon,Ghanpur (Station)
Telangana,"Panchayat Raj&Rural Development Department, Jangaon",RTI_telangana,Jangaon,Jangaon
Telangana,"Panchayat Raj&Rural Development Department, Mahabubabad",RTI_telangana,Mahabubabad,NA
Telangana,"Panchayat Raj&Rural Development Department, Mahabubnagar",RTI_telangana,Mahabubnagar,NA
Telangana,"Panchayat Raj&Rural Development Department,Adilabad",RTI_telangana,Adilabad,NA
Telangana,"Panchayat Raj&Rural Development Department,Bazarhathnoor",RTI_telangana,Adilabad,Bazarhathnoor
Telangana,"Panchayat Raj&Rural Development Department,Bela",RTI_telangana,Adilabad,Bela
Telangana,"Panchayat Raj&Rural Development Department,Bheempur",RTI_telangana,Adilabad,Bheempur
Telangana,"Panchayat Raj&Rural Development Department,Bhoraj",RTI_telangana,Adilabad,Bhoraj
Telangana,"Panchayat Raj&Rural Development Department,Boath",RTI_telangana,Adilabad,Boath
Telangana,"Panchayat Raj&Rural Development Department,Echoda",RTI_telangana,Adilabad,Echoda
Telangana,"Panchayat Raj&Rural Development Department,Gadiguda",RTI_telangana,Adilabad,Gadiguda
Telangana,"Panchayat Raj&Rural Development Department,Gudihathnoor",RTI_telangana,Hyderabad,Gudihathnoor
Telangana,"Panchayat Raj&Rural Development Department,Hyderabad",RTI_telangana,Adilabad,NA
Telangana,"Panchayat Raj&Rural Development Department,Indervelly",RTI_telangana,Jogulamba Gadwal,Indervelly
Telangana,"Panchayat Raj&Rural Development Department,itikyal",RTI_telangana,Adilabad,Itikyal
Telangana,"Panchayat Raj&Rural Development Department,Jainad",RTI_telangana,Mahabubabad,Jainad
Telangana,"Panchayat Raj&Rural Development Department,Mahabubabad",RTI_telangana,Adilabad,NA
Telangana,"Panchayat Raj&Rural Development Department,Mavala",RTI_telangana,Mulugu,Mavala
Telangana,"Panchayat Raj&Rural Development department,Mulugu",RTI_telangana,Adilabad,NA
Telangana,"Panchayat Raj&Rural Development Department,Narnoor",RTI_telangana,Adilabad,Narnoor
Telangana,"Panchayat Raj&Rural Development Department,Neradigonda",RTI_telangana,Nizamabad,Neradigonda
Telangana,"Panchayat Raj&Rural Development Department,Nizamabad",RTI_telangana,Bhadradri Kothagudem,NA
Telangana,"Panchayat raj&Rural development Department,PR Division, Bhadrachalam",RTI_telangana,Adilabad,Bhadrachalam
Telangana,"Panchayat Raj&Rural Development Department,Sathnala",RTI_telangana,Nizamabad,Sathnala
Telangana,"Panchayat Raj&Rural Development Department,Sirikonda",RTI_telangana,Adilabad,Sirikonda
Telangana,"Panchayat Raj&Rural Development Department,Sonala",RTI_telangana,Adilabad,Sonala
Telangana,"Panchayat Raj&Rural Development Department,Talamadugu",RTI_telangana,Adilabad,Talamadugu
Telangana,"Panchayat Raj&Rural Development Department,Tamsi",RTI_telangana,Adilabad,Tamsi
Telangana,"Panchayat Raj&Rural Development Department,Utnoor",RTI_telangana,Nizamabad,Utnoor
Telangana,"Panchayat Raj&Rural Development Department,ZP Compound,Nizamabad",RTI_telangana,Nagarkurnool,NA
Telangana,"Panchayat Raj&Rural Development Division, Nagarkurnool",RTI_telangana,Nagarkurnool,NA
Telangana,"Panchayat Raj&Rural Development Kalwakurthy, Nagarkurnool Dist",RTI_telangana,Mancherial,Kalwakurthy
Telangana,Panchayat Raj&Rural Development( Rural Development Agency) Mancherial,RTI_telangana,Nagarkurnool,NA
Telangana,Panchayat Raj&Rural Development(Collectorate)Nagarkurnool,RTI_telangana,Mulugu,NA
Telangana,"Panchayat Raj&Rural Development(Mandal Praja Parishad), Mogullapally",RTI_telangana,Jayashankar Bhupalpally,Mogullapally
Telangana,"Panchayat Raj&Rural Development(Mandal Praja Parishad),Tekumatla",RTI_telangana,Mulugu,Tekumatla
Telangana,Panchayat Raj&Rural Development(Mission Bhagiratha)Eturunagaram,RTI_telangana,Mulugu,Eturunagaram
Telangana,Panchayat Raj&Rural Development(Mission Bhagiratha)Mulugu,RTI_telangana,Khammam,Mulugu
Telangana,Panchayat Raj&Rural Development(Zilla Praja Parishad)Khammam,RTI_telangana,Nizamabad,NA
Telangana,"Panchayat Raj&Rural Development(ZPP)Department,Nizamabad",RTI_telangana,Jangaon,NA
Telangana,"Panchayat Raj&Rural Development, Jangaon",RTI_telangana,Nagarkurnool,NA
Telangana,"Panchayat Raj&Rural Development, Achampet, Nagarkurnool Dist",RTI_telangana,Nagarkurnool,Achampet
Telangana,"Panchayat Raj&Rural Development, Bijinepally, Nagarkurnool Dist",RTI_telangana,Nagarkurnool,Bijinapally
Telangana,"Panchayat Raj&Rural Development, Nagarkurnool,, Nagarkurnool Dist",RTI_telangana,Jangaon,Nagarkurnool
Telangana,"Panchayat Raj&Rural Development, Palakurthy",RTI_telangana,Nagarkurnool,Palakurthy
Telangana,"Panchayat Raj&Rural Development,Balmoor, Nagarkurnool Dist",RTI_telangana,Mulugu,Balmoor
Telangana,"Panchayat Raj&Rural Development,Jakaram,Mulugu",RTI_telangana,Jangaon,Jakaram
Telangana,"Panchayat Raj&Rural Development,Jangaon",RTI_telangana,Mulugu,Jangaon
Telangana,"Panchayat Raj&Rural Development,Mallampally",RTI_telangana,Mancherial,Mallampally
Telangana,"Panchayat Raj&Rural Development,Mancherial",RTI_telangana,Medak,Mancherial
Telangana,"Panchayat Raj&Rural Development,Medak",RTI_telangana,Mulugu,NA
Telangana,"Panchayat Raj&Rural Development,Mulugu",RTI_telangana,Nagarkurnool,Mulugu
Telangana,"Panchayat Raj&Rural Development,Nagarkurnool",RTI_telangana,Narayanpet,Nagarkurnool
Telangana,"Panchayat Raj&Rural Development,Narayanpet",RTI_telangana,Nalgonda,Narayanpet
Telangana,"Panchayat Raj&Rural Dvelopment,Devarakonda",RTI_telangana,Nalgonda,Devarakonda
Telangana,"Panchayat Raj&Rural Dvelopment,Haliya",RTI_telangana,Nalgonda,Haliya
Telangana,"Panchayat Raj&Rural Dvelopment,Miryalaguda",RTI_telangana,Nalgonda,Miryalaguda
Telangana,"Panchayat Raj&Rural Dvelopment,Munugode",RTI_telangana,Nalgonda,Munugode
Telangana,"Panchayat Raj&Rural Dvelopment,Nakrekal",RTI_telangana,Nizamabad,Nakrekal
Telangana,"Panchayat Raj&Rural(MB Intra Division)Department, Nizamabad",RTI_telangana,Peddapalli,NA
Telangana,"Panchayat Raj&RuralDevelopment (MB Grid)Department, Peddapally",RTI_telangana,Peddapally,Peddapally
Telangana,"PANCHAYAT RAJ, Dharmasagar",RTI_telangana,Hanumakonda,Dharmasagar
Telangana,"PANCHAYAT RAJ, Elkathurthi",RTI_telangana,Hanumakonda,Elkathurthi
Telangana,"PANCHAYAT RAJ, Hasanparthy",RTI_telangana,Hanumakonda,Hasanparthy
Telangana,"PANCHAYAT RAJ, Inavolu",RTI_telangana,Hanumakonda,Inavolu
Telangana,"PANCHAYAT RAJ, Kamalapur",RTI_telangana,Hanumakonda,Kamalapur
Telangana,"PANCHAYAT RAJ, Nadikuda",RTI_telangana,Hanumakonda,Nadikuda
Telangana,"PANCHAYAT RAJ, NAKKALAGUTTA",RTI_telangana,Hanumakonda,Hanumakonda (Nakkalagutta)
Telangana,"PANCHAYAT RAJ, Parkal",RTI_telangana,Hanumakonda,Parkal
Telangana,"PANCHAYAT RAJ, Shayampet",RTI_telangana,Hanumakonda,Shayampet
Telangana,"PANCHAYAT RAJ, Velair",RTI_telangana,Hanumakonda,Velair
Telangana,"Panchayat Raji and Rural Development Department,Hyderabad",RTI_telangana,Hyderabad,NA
Telangana,"Panchayath Raj & Rural Employement, Dharmsagar",RTI_telangana,Hanumakonda,Dharmasagar
Telangana,Panchayath Raj&Rural Department(Mandal Praja Parishad) Khanapur,RTI_telangana,Hanumakonda,Khanapur
Telangana,Panchayath Raj&Rural Department(Mandal Praja Parishad) Narsampet,RTI_telangana,Hanumakonda,Narsampet
Telangana,Panchayath Raj&Rural Department(Mandal Praja Parishad) Nekkonda,RTI_telangana,Hanumakonda,Nekkonda
Telangana,Panchayath Raj&Rural Department(Mandal Praja Parishad) Wardhannapet,RTI_telangana,Hanumakonda,Wardhannapet
Telangana,"Panchayath Raj&Rural Department(Mandal Praja Parishad), Rayaparthy",RTI_telangana,Hanumakonda,Rayaparthy
Telangana,Panchayath Raj&Rural Department(Mandal Praja Parishad)Chennaraopet,RTI_telangana,Hanumakonda,Chennaraopet
Telangana,Panchayath Raj&Rural Department(Mandal Praja Parishad)Geesugonda,RTI_telangana,Hanumakonda,Geesugonda
Telangana,Panchayath Raj&Rural Department(Mandal Praja Parishad)Nallabelly,RTI_telangana,Hanumakonda,Nallabelly
Telangana,Panchayath Raj&Rural Department(Mandal Praja Parishad)Parvathagiri,RTI_telangana,Hanumakonda,Parvathagiri
Telangana,Panchayath Raj&Rural Department(Mandal Praja Parishad)Sangem,RTI_telangana,Hanumakonda,Sangem
Telangana,"Panchayath Raj&Rural Department(Mandal Praja Parishad,)Duggondi",RTI_telangana,Hanumakonda,Duggondi
Telangana,"Panchayathraj &Rural Department,Makthal-I",RTI_telangana,Narayanpet,Makthal
Telangana,"Panchayathraj &Rural Department,Makthal-II",RTI_telangana,Narayanpet,Makthal
Telangana,"Panchayathraj &Rural Department,Marikal",RTI_telangana,Narayanpet,Marikal
Telangana,"Panchayathraj &Rural Department,Narayanpet",RTI_telangana,Narayanpet,Narayanpet
Telangana,"Panchayathraj&Rural Development,Mulugu",RTI_telangana,Mulugu,Mulugu
Telangana,"Panchayathraj&Rural Development,Tadvai",RTI_telangana,Mulugu,Tadvai
Telangana,"Panchayathraj&Rural Development,Venkatapuram",RTI_telangana,Mulugu,Venkatapuram
Telangana,"Panchayathraj&Rural(MPP ) Development,Venkatapur",RTI_telangana,Mulugu,Venkatapuram
Telangana,"Panchayathraj&Rural(MPP) Development,Wazeedu",RTI_telangana,Mulugu,Wazeedu
Telangana,"PanchayatRaj&Rural Development Department, Jayashankar",RTI_telangana,Jayashankar Bhupalpally,NA
Telangana,PANCHYATH RAJ&RURAL DEVELOPMENT DEPARTMENT(MissionBhagiratha)Shadnagar,RTI_telangana,Ranga Reddy,Shadnagar
Telangana,"PANCHYATH RAJ&RURAL DEVELOPMENT DEPARTMENT,Siddipet",RTI_telangana,Siddipet,NA
Telangana,"Planning Department ,Sircilla",RTI_telangana,Sircilla,NA
Telangana,"Planning Department, (Naspur)MANCHERIAL",RTI_telangana,Mancherial,NA
Telangana,"Planning Department, Adilabad(Kumarambheem Chowk)",RTI_telangana,Adilabad,NA
Telangana,"Planning Department, Bhongiri",RTI_telangana,Bhongiri,NA
Telangana,"Planning Department, Jagtial",RTI_telangana,Jagtial,NA
Telangana,"Planning Department, Jangaon",RTI_telangana,Jangaon,NA
Telangana,"Planning Department, Mahabubabad",RTI_telangana,Mahabubabad,NA
Telangana,"Planning Department, Nalgonda",RTI_telangana,Nalgonda,NA
Telangana,"Planning Department, Nirmal",RTI_telangana,Nirmal,NA
Telangana,"Planning Department, Peddapalli",RTI_telangana,Peddapalli,NA
Telangana,"Planning Department, Warangal",RTI_telangana,Warangal,NA
Telangana,"Planning Department,Hanumakonda",RTI_telangana,Hanamkonda,NA
Telangana,"Planning Department,Ibrahimpatnam(M)",RTI_telangana,Ibrahimpatnam(M),NA
Telangana,"Planning Department,Mahabubnagar",RTI_telangana,Mahabubnagar,NA
Telangana,"Planning Department,Medak",RTI_telangana,Medak,NA
Telangana,"Planning Department,Nirmal",RTI_telangana,Nirmal,NA
Telangana,"Planning Department,Vvpalem, Khammam",RTI_telangana,Khammam,NA
Telangana,"Planning Dept, Mahabubnagar",RTI_telangana,Mahabubnagar,NA
Telangana,"Planning Dept, Mulugu",RTI_telangana,Mulugu,NA
Telangana,"PlanningDepartment,Hyderabad",RTI_telangana,Hyderabad,NA
Telangana,PR & RD (DRDA Hanumakonda),RTI_telangana,Hanamkonda,NA
Telangana,"Prohibition & Excise Department,Gadwal",RTI_telangana,Gadwal,NA
Telangana,"Prohibition & Excise Department,kothagudem",RTI_telangana,Bhadradri Kothagudem,NA
Telangana,"Prohibition&Excise department,Kothagudem",RTI_telangana,Bhadradri Kothagudem,NA
Telangana,Raikal Municipality Office,RTI_telangana,,NA
Telangana,"Raja Bahadur Venkat Rama Reddy Telangana Police Academy,Hyderabad",RTI_telangana,Hyderabad,NA
Telangana,Rajanna Sircilla District collectorate,RTI_telangana,Rajanna Sircilla,NA
Telangana,Ramagundam Municipal Corporation,RTI_telangana,,NA
Telangana,"Ramagundam Municipal Corporation, Peddapalli",RTI_telangana,Peddapalli,NA
Telangana,RDO office Narsapur,RTI_telangana,,NA
Telangana,RDO(Revenue Department)Gadwal,RTI_telangana,Gadwal,NA
Telangana,"Registration and Stamps Department, BHADRACHALAM",RTI_telangana,BHADRACHALAM,NA
Telangana,"Registration and Stamps Department, Bhongir",RTI_telangana,Bhongir,NA
Telangana,"Registration and Stamps Department, Farooqnagar",RTI_telangana,Farooqnagar,NA
Telangana,"Registration and Stamps Department, KALLURU",RTI_telangana,KALLURU,NA
Telangana,"Registration and Stamps Department, KHAMMAM",RTI_telangana,Khammam,NA
Telangana,"Registration and Stamps Department, MADHIRA",RTI_telangana,MADHIRA,NA
Telangana,"Registration and Stamps Department, Mahabubnagar",RTI_telangana,Mahabubnagar,NA
Telangana,"Registration and Stamps Department, Miryalaguda",RTI_telangana,Miryalaguda,NA
Telangana,"Registration and Stamps Department, Nampally",RTI_telangana,Nampally,NA
Telangana,"Registration and Stamps Department, SRO KHAMMAM RURAL",RTI_telangana,Khammam,NA
Telangana,"Registration and Stamps Department, WYRA",RTI_telangana,WYRA,NA
Telangana,"Registration and Stamps Department, YELLANDU",RTI_telangana,YELLANDU,NA
Telangana,"Registration and Stamps Department, Bibinagar",RTI_telangana,Bibinagar,NA
Telangana,"Registration and Stamps Department, Chandur",RTI_telangana,Chandur,NA
Telangana,"Registration and Stamps Department, DEVARAKONDA",RTI_telangana,DEVARAKONDA,NA
Telangana,"Registration and Stamps Department, HUZURNAGAR",RTI_telangana,HUZURNAGAR,NA
Telangana,"Registration and Stamps Department, KODAD",RTI_telangana,KODAD,NA
Telangana,"Registration and Stamps Department, Mothkur",RTI_telangana,Mothkur,NA
Telangana,"Registration and Stamps Department, NAKRKEAL",RTI_telangana,NAKRKEAL,NA
Telangana,"Registration and Stamps Department, Nidamanoor",RTI_telangana,Nidamanoor,NA
Telangana,"Registration and Stamps Department, Ramannapet",RTI_telangana,Ramannapet,NA
Telangana,"Registration and Stamps Department, Yadagirigutta",RTI_telangana,Yadagirigutta,NA
Telangana,"Registration and Stamps Department,(Jogipet)Sangareddy",RTI_telangana,Sangareddy,NA
Telangana,"Registration and Stamps Department,(SADASIVPET)Sangareddy",RTI_telangana,Sangareddy,NA
Telangana,"Registration and Stamps Department,Adilabad",RTI_telangana,Adilabad,NA
Telangana,"Registration and Stamps Department,BURGAMPAHAD",RTI_telangana,BURGAMPAHAD,NA
Telangana,"Registration and Stamps Department,Choutuppal",RTI_telangana,Choutuppal,NA
Telangana,"Registration and Stamps Department,Hyderabad",RTI_telangana,Hyderabad,NA
Telangana,"Registration and Stamps Department,Hyderabad(South)",RTI_telangana,Hyderabad,NA
Telangana,"Registration and Stamps Department,Ibrahimpatnam,Rangareddy",RTI_telangana,Ranga Reddy,NA
Telangana,"Registration and Stamps Department,Karimnagar",RTI_telangana,Karimnagar,NA
Telangana,"Registration and Stamps Department,KASHIPUR",RTI_telangana,KASHIPUR,NA
Telangana,"Registration and Stamps Department,KOTHAGUDEM",RTI_telangana,Bhadradri Kothagudem,NA
Telangana,"Registration and Stamps Department,KUSUMANCHI",RTI_telangana,KUSUMANCHI,NA
Telangana,"Registration and Stamps Department,Nizamabad",RTI_telangana,Nizamabad,NA
Telangana,"Registration and Stamps Department,O.B NALGONDA",RTI_telangana,Nalgonda,NA
Telangana,"Registration and Stamps Department,SATHUPALLY",RTI_telangana,SATHUPALLY,NA
Telangana,"Registration and Stamps Department,Serilingampally",RTI_telangana,Serilingampally,NA
Telangana,"Registration and Stamps Department,SRO Achampet",RTI_telangana,SRO Achampet,NA
Telangana,"Registration and Stamps Department,SRO Alampur",RTI_telangana,SRO Alampur,NA
Telangana,"Registration and Stamps Department,SRO Armoor",RTI_telangana,SRO Armoor,NA
Telangana,"Registration and Stamps Department,SRO Atmakur",RTI_telangana,SRO Atmakur,NA
Telangana,"Registration and Stamps Department,SRO Banswada",RTI_telangana,SRO Banswada,NA
Telangana,"Registration and Stamps Department,SRO Bheemgal",RTI_telangana,SRO Bheemgal,NA
Telangana,"Registration and Stamps Department,SRO Bichkunda",RTI_telangana,SRO Bichkunda,NA
Telangana,"Registration and Stamps Department,SRO Bodhan",RTI_telangana,SRO Bodhan,NA
Telangana,"Registration and Stamps Department,SRO CHERIAL",RTI_telangana,SRO CHERIAL,NA
Telangana,"Registration and Stamps Department,SRO Domakonda",RTI_telangana,SRO Domakonda,NA
Telangana,"Registration and Stamps Department,SRO DUBBAK",RTI_telangana,SRO DUBBAK,NA
Telangana,"Registration and Stamps Department,SRO Gadwal",RTI_telangana,SRO Gadwal,NA
Telangana,"Registration and Stamps Department,SRO GAJWEL",RTI_telangana,SRO GAJWEL,NA
Telangana,"Registration and Stamps Department,SRO HUSNABAD",RTI_telangana,SRO HUSNABAD,NA
Telangana,"Registration and Stamps Department,SRO Jacherla",RTI_telangana,SRO Jacherla,NA
Telangana,"Registration and Stamps Department,SRO Kalwakurthy",RTI_telangana,SRO Kalwakurthy,NA
Telangana,"Registration and Stamps Department,SRO Kamareddy",RTI_telangana,Kamareddy,NA
Telangana,"Registration and Stamps Department,SRO Kollapur",RTI_telangana,SRO Kollapur,NA
Telangana,"Registration and Stamps Department,SRO Makthal",RTI_telangana,SRO Makthal,NA
Telangana,"Registration and Stamps Department,SRO MEDAK",RTI_telangana,Medak,NA
Telangana,"Registration and Stamps Department,SRO Nagarkurnool",RTI_telangana,Nagarkurnool,NA
Telangana,"Registration and Stamps Department,SRO NARAYANKHED",RTI_telangana,SRO NARAYANKHED,NA
Telangana,"Registration and Stamps Department,SRO Narayanpet",RTI_telangana,Narayanpet,NA
Telangana,"Registration and Stamps Department,SRO NARSAPUR",RTI_telangana,SRO NARSAPUR,NA
Telangana,"Registration and Stamps Department,SRO Nizamabad Rural",RTI_telangana,Nizamabad,NA
Telangana,"Registration and Stamps Department,SRO RAMAYAMPET",RTI_telangana,SRO RAMAYAMPET,NA
Telangana,"Registration and Stamps Department,SRO SANGAREDDY",RTI_telangana,Sangareddy,NA
Telangana,"Registration and Stamps Department,SRO SIDDIPET",RTI_telangana,Siddipet,NA
Telangana,"Registration and Stamps Department,SRO SIDDIPET RURAL",RTI_telangana,Siddipet,NA
Telangana,"Registration and Stamps Department,SRO TOOPRAN",RTI_telangana,SRO TOOPRAN,NA
Telangana,"Registration and Stamps Department,SRO Wanaparthy",RTI_telangana,Wanaparthy,NA
Telangana,"Registration and Stamps Department,SRO Yellareddy",RTI_telangana,SRO Yellareddy,NA
Telangana,"Registration and Stamps Department,SRO ZAHEERABAD",RTI_telangana,SRO ZAHEERABAD,NA
Telangana,"Registration and Stamps Department,Suryapet",RTI_telangana,Suryapet,NA
Telangana,"Renenue Department Sircilla, Rajanna Sircilla",RTI_telangana,Rajanna Sircilla,NA
Telangana,Revenue Bhupalpally,RTI_telangana,Jayashankar Bhupalapally,NA
Telangana,"Revenue Dartment Tahsildar office, Bibipet",RTI_telangana,Bibipet,NA
Telangana,"Revenue Department (Commercial Tax), Jangaon",RTI_telangana,Jangaon,NA
Telangana,"Revenue Department (Land Administration),Azad Nagar",RTI_telangana,Azad Nagar,NA
Telangana,"Revenue Department (Land Administration),Venkatapur",RTI_telangana,Venkatapur,NA
Telangana,Revenue Department (Land Administration)Wazeedu,RTI_telangana,Wazeedu,NA
Telangana,"Revenue Department , Bheemaram",RTI_telangana,Bheemaram,NA
Telangana,"Revenue Department , Farooqnagar Mandal",RTI_telangana,Farooqnagar Mandal,NA
Telangana,"Revenue Department , Jagtial",RTI_telangana,Jagtial,NA
Telangana,"Revenue Department , Jaipur",RTI_telangana,Jaipur,NA
Telangana,"Revenue Department , Mancherial",RTI_telangana,Mancherial,NA
Telangana,"Revenue Department , Naspur",RTI_telangana,Naspur,NA
Telangana,"Revenue Department ,B.R.A PCSSP Rajanna Sircilla",RTI_telangana,Rajanna Sircilla,NA
Telangana,"Revenue Department ,Boinpalli Rajanna Sircilla",RTI_telangana,Rajanna Sircilla,NA
Telangana,"Revenue Department ,Charla",RTI_telangana,Charla,NA
Telangana,"Revenue Department ,Chennur",RTI_telangana,Chennur,NA
Telangana,"Revenue Department ,Dammapeta",RTI_telangana,Dammapeta,NA
Telangana,"Revenue Department ,Dandepally",RTI_telangana,Dandepally,NA
Telangana,"Revenue Department ,Hajipur",RTI_telangana,Hajipur,NA
Telangana,"Revenue Department ,Kanthanapally",RTI_telangana,Kanthanapally,NA
Telangana,"Revenue Department ,Keesara",RTI_telangana,Keesara,NA
Telangana,"Revenue Department ,Konaraopet Rajanna Sircilla",RTI_telangana,Rajanna Sircilla,NA
Telangana,"Revenue Department ,Laxmidevipalli",RTI_telangana,Laxmidevipalli,NA
Telangana,"Revenue Department ,Luxettipet",RTI_telangana,Luxettipet,NA
Telangana,"Revenue Department ,Mancherial",RTI_telangana,Mancherial,NA
Telangana,"Revenue Department ,Mulakalapally",RTI_telangana,Mulakalapally,NA
Telangana,"Revenue Department ,Mustabad Rajanna Sircilla",RTI_telangana,Rajanna Sircilla,NA
Telangana,"Revenue Department ,palavancha",RTI_telangana,palavancha,NA
Telangana,"Revenue Department ,Rudrangi Rajanna Sircilla",RTI_telangana,Rajanna Sircilla,NA
Telangana,"Revenue Department ,Tahsildar office Kothagudem",RTI_telangana,Bhadradri Kothagudem,NA
Telangana,"Revenue Department ,Vemulawada Rural Rajanna Sircilla",RTI_telangana,Rajanna Sircilla,NA
Telangana,"Revenue Department ,Vemulawada(U)Rajanna Sircilla",RTI_telangana,Rajanna Sircilla,NA
Telangana,"Revenue Department ,Yellareddypet RajannaSircilla",RTI_telangana,Yellareddypet RajannaSircilla,NA
Telangana,Revenue Department Asifabad,RTI_telangana,Asifabad,NA
Telangana,Revenue Department Asifabad Division,RTI_telangana,Asifabad,NA
Telangana,Revenue Department Bejjur Mandal,RTI_telangana,NA,Bejjur
Telangana,Revenue Department Bhiknoor,RTI_telangana,Bhiknoor,NA
Telangana,Revenue Department Bhongiri Division,RTI_telangana,Bhongiri,NA
Telangana,Revenue Department Chandurth Rajanna Sircilla,RTI_telangana,Rajanna Sircilla,NA
Telangana,Revenue Department Chinthalamanepally Mandal,RTI_telangana,NA,Chinthalamanepally
Telangana,Revenue Department Ellanthakunta RajannaSircilla,RTI_telangana,Rajanna Sircilla,Ellanthakunta
Telangana,Revenue Department Gambhiraopet Rajanna Sircilla,RTI_telangana,Rajanna Sircilla,Gambhiraopet
Telangana,"Revenue Department GEETHA NAGAR, SIRICILLA",RTI_telangana,Rajanna Sircilla,GEETHA NAGAR
Telangana,Revenue Department Jagtial,RTI_telangana,Jagtial,NA
Telangana,Revenue Department Jainoor Mandal,RTI_telangana,NA,Jainoor
Telangana,Revenue Department Jaipur,RTI_telangana,,NA
Telangana,Revenue Department Kagaznagar Division,RTI_telangana,,NA
Telangana,Revenue Department Kagaznagar Mandal,RTI_telangana,,NA
Telangana,Revenue Department Kamareddy,RTI_telangana,Kamareddy,NA
Telangana,Revenue Department Kerameri Mandal,RTI_telangana,,NA
Telangana,Revenue Department Kotapally,RTI_telangana,,NA
Telangana,Revenue Department Koutla Mandal,RTI_telangana,,NA
Telangana,Revenue Department Lingapur Mandal,RTI_telangana,,NA
Telangana,Revenue Department Mancherial,RTI_telangana,Mancherial,NA
Telangana,Revenue Department Mandamarri,RTI_telangana,Mancherial,Mandamarri
Telangana,Revenue Department Narwa Mandal,RTI_telangana,Narayanpet,Narwa
Telangana,Revenue Department Palwancha,RTI_telangana,Bhadradri Kothagudem,Palwancha
Telangana,REVENUE DEPARTMENT Parkal,RTI_telangana,Hanumakonda,Parkal
Telangana,Revenue Department Penchikalpet Mandal,RTI_telangana,Kumuram Bheem Asifabad,Penchikalpet
Telangana,Revenue Department Rebbena Mandal,RTI_telangana,Kumuram Bheem Asifabad,Rebbena
Telangana,Revenue Department Sirpur-T Mandal,RTI_telangana,Kumuram Bheem Asifabad,Sirpur (T)
Telangana,Revenue Department Sirpur-U Mandal,RTI_telangana,Kumuram Bheem Asifabad,Sirpur (U)
Telangana,Revenue Department Sujathanagar,RTI_telangana,Bhadradri Kothagudem,Sujathanagar
Telangana,Revenue Department Tiryani Mandal,RTI_telangana,Kumuram Bheem Asifabad,Tiryani
Telangana,Revenue Department Veernapalli RajannaSircilla,RTI_telangana,Rajanna Sircilla,Veernapalli
Telangana,Revenue Department Wankidi Mandal,RTI_telangana,Kumuram Bheem Asifabad,Wankidi
Telangana,Revenue Department( Collectorate)Siddipet,RTI_telangana,Siddipet,NA
Telangana,Revenue Department( Survey and Land Records) Hanumakonda,RTI_telangana,Hanamkonda,NA
Telangana,"Revenue Department(Azad nagar),Mulugu",RTI_telangana,Mulugu,NA
Telangana,Revenue Department(Collectorate) Asifabad,RTI_telangana,Asifabad,NA
Telangana,"Revenue Department(Collectorate, Yadadri Bhuvanagiri)",RTI_telangana,Yadadri Bhuvanagiri,NA
Telangana,"Revenue Department(IDOC Complex ),Hanumakonda",RTI_telangana,Hanamkonda,NA
Telangana,Revenue Department(LA(Indutries)) Medchal-Malkajgiri District,RTI_telangana,Medchal,NA
Telangana,Revenue Department(Registration and Stamps Department)yellandu,RTI_telangana,yellandu,NA
Telangana,"Revenue Department(Registration and Stamps) Department,badrachalam",RTI_telangana,badrachalam,NA
Telangana,Revenue Department(Registration and StampsDepartment)kothagudem,RTI_telangana,Bhadradri Kothagudem,NA
Telangana,Revenue Department(SDC IPT & Railways)Khammam,RTI_telangana,Khammam,NA
Telangana,"Revenue Department(SDC LA Unit, SCCL), Peddapalli",RTI_telangana,Peddapalli,NA
Telangana,"Revenue Department(Survey and Land Records ),palwancha",RTI_telangana,palwancha,NA
Telangana,"Revenue Department, Bellamapally",RTI_telangana,Bellamapally,NA
Telangana,"Revenue Department, Bheemni",RTI_telangana,Bheemni,NA
Telangana,"Revenue Department, Vemanapalli",RTI_telangana,Vemanapalli,NA
Telangana,"Revenue Department, Devaruppula,Jangao",RTI_telangana,Jangao,NA
Telangana,"Revenue Department, Falaknuma, Bandlaguda, Hyderabad",RTI_telangana,Hyderabad,NA
Telangana,"Revenue Department, Kannepally",RTI_telangana,Kannepally,NA
Telangana,"Revenue Department, Nennel",RTI_telangana,Nennel,NA
Telangana,"Revenue Department, Tandur",RTI_telangana,Tandur,NA
Telangana,"Revenue Department, Tharigoppula,Jangaon",RTI_telangana,Jangaon,NA
Telangana,"Revenue Department, Addagudur",RTI_telangana,Addagudur,NA
Telangana,"Revenue department, Addagutta, Marredpally",RTI_telangana,Marredpally,NA
Telangana,"Revenue Department, Alladurg",RTI_telangana,Alladurg,NA
Telangana,"Revenue Department, Alwal",RTI_telangana,Alwal,NA
Telangana,"Revenue Department, Amangal Mandal",RTI_telangana,Amangal Mandal,NA
Telangana,"Revenue Department, Amberpet,Hyderabad",RTI_telangana,Hyderabad,NA
Telangana,"REVENUE DEPARTMENT, Ameenpur, Sangareddy",RTI_telangana,Sangareddy,NA
Telangana,"Revenue Department, Ameerpet, Hyderabad",RTI_telangana,Hyderabad,NA
Telangana,"REVENUE DEPARTMENT, ANDOLE, Sangareddy",RTI_telangana,Sangareddy,NA
Telangana,"Revenue Department, Asifnagar, Hyderabad",RTI_telangana,Hyderabad,NA
Telangana,"Revenue Department, Aswapuram",RTI_telangana,Aswapuram,NA
Telangana,"Revenue Department, Aswaraopeta",RTI_telangana,Aswaraopeta,NA
Telangana,"Revenue Department, Bachannapeta,Jangaon",RTI_telangana,Jangaon,NA
Telangana,"Revenue Department, Bachupally Mandal",RTI_telangana,Bachupally Mandal,NA
Telangana,"Revenue Department, Baghlingampally, Hyderabad",RTI_telangana,Hyderabad,NA
Telangana,"Revenue Department, Bahadurpura Mandal, Hyderabad",RTI_telangana,Hyderabad,NA
Telangana,"Revenue Department, Banjara Hills, Hyderabad",RTI_telangana,Hyderabad,NA
Telangana,"Revenue Department, Basar",RTI_telangana,Basar,NA
Telangana,"Revenue Department, Bellampally",RTI_telangana,Bellampally,NA
Telangana,"Revenue Department, Bhadrachalam",RTI_telangana,Bhadrachalam,NA
Telangana,"Revenue Department, Bhainsa",RTI_telangana,Bhainsa,NA
Telangana,"Revenue Department, Bheemaram",RTI_telangana,Bheemaram,NA
Telangana,"Revenue Department, Bhongir",RTI_telangana,Bhongir,NA
Telangana,"Revenue Department, Birkur",RTI_telangana,Birkur,NA
Telangana,"Revenue Department, Bowenpally, Secunderabad",RTI_telangana,Secunderabad,NA
Telangana,"Revenue Department, Buggaram",RTI_telangana,Buggaram,NA
Telangana,"Revenue Department, Burgampahad",RTI_telangana,Burgampahad,NA
Telangana,"Revenue Department, Chandrugonda",RTI_telangana,Chandrugonda,NA
Telangana,"Revenue Department, Chennaraopet",RTI_telangana,Chennaraopet,NA
Telangana,"Revenue Department, Chevella Mandal",RTI_telangana,Chevella Mandal,NA
Telangana,"Revenue Department, Chilipched",RTI_telangana,Chilipched,NA
Telangana,"Revenue Department, Chilpur,Jangaon",RTI_telangana,Jangaon,NA
Telangana,"Revenue Department, Choutuppal Division",RTI_telangana,Choutuppal Division,NA
Telangana,"REVENUE DEPARTMENT, Chowtakur, Sangareddy",RTI_telangana,Sangareddy,NA
Telangana,"Revenue Department, Collectorate, Kamareddy",RTI_telangana,Kamareddy,NA
Telangana,"Revenue Department, Dabeerpura",RTI_telangana,Dabeerpura,NA
Telangana,"Revenue Department, Damargidda",RTI_telangana,Damargidda,NA
Telangana,"Revenue Department, Dasturabad",RTI_telangana,Dasturabad,NA
Telangana,"Revenue Department, Dhanwada",RTI_telangana,Dhanwada,NA
Telangana,"Revenue Department, Dharmasagar",RTI_telangana,Dharmasagar,NA
Telangana,"Revenue Department, Dharoor",RTI_telangana,Dharoor,NA
Telangana,"Revenue Department, Dilawarpur",RTI_telangana,Dilawarpur,NA
Telangana,"Revenue Department, Dongli",RTI_telangana,Dongli,NA
Telangana,"Revenue Department, Gadwal",RTI_telangana,Gadwal,NA
Telangana,"Revenue Department, Gajwel",RTI_telangana,Gajwel,NA
Telangana,"Revenue Department, Ghanpur (Stn),Jangaon",RTI_telangana,Jangaon,NA
Telangana,"REVENUE DEPARTMENT, Gummadidala, Sangareddy",RTI_telangana,Sangareddy,NA
Telangana,"Revenue Department, Gundala",RTI_telangana,Gundala,NA
Telangana,"REVENUE DEPARTMENT, Hathnoora, Sangareddy",RTI_telangana,Sangareddy,NA
Telangana,"Revenue Department, Indervally",RTI_telangana,Indervally,NA
Telangana,"Revenue Department, Jangaon",RTI_telangana,Jangaon,NA
Telangana,"Revenue Department, Jannaram",RTI_telangana,Jannaram,NA
Telangana,"Revenue Department, Jayashankar Bhupalapally",RTI_telangana,Jayashankar Bhupalapally,NA
Telangana,"REVENUE DEPARTMENT, Jharasangam, Sangareddy",RTI_telangana,Sangareddy,NA
Telangana,"REVENUE DEPARTMENT, Jinnaram, Sangareddy",RTI_telangana,Sangareddy,NA
Telangana,"REVENUE DEPARTMENT, Jogipet, Sangareddy",RTI_telangana,Sangareddy,NA
Telangana,"REVENUE DEPARTMENT, kalher, Sangareddy",RTI_telangana,Sangareddy,NA
Telangana,"Revenue Department, Kamareddy",RTI_telangana,Kamareddy,NA
Telangana,"REVENUE DEPARTMENT, Kandi, Sangareddy",RTI_telangana,Sangareddy,NA
Telangana,"REVENUE DEPARTMENT, Kangti, Sangareddy",RTI_telangana,Sangareddy,NA
Telangana,"Revenue Department, Kapra",RTI_telangana,Kapra,NA
Telangana,"Revenue Department, Karakagudem",RTI_telangana,Karakagudem,NA
Telangana,"Revenue Department, kasipet",RTI_telangana,kasipet,NA
Telangana,"Revenue Department, Keesara Division(Medchal-Malkajgiri)",RTI_telangana,Medchal,NA
Telangana,"Revenue Department, Khaiaratabad",RTI_telangana,Khaiaratabad,NA
Telangana,"Revenue Department, Kodakandla,Jangaon",RTI_telangana,Jangaon,NA
Telangana,"REVENUE DEPARTMENT, KOHIR, Sangareddy",RTI_telangana,Sangareddy,NA
Telangana,"REVENUE DEPARTMENT, Kondapur, Sangareddy",RTI_telangana,Sangareddy,NA
Telangana,"Revenue Department, KT Doddi",RTI_telangana,KT Doddi,NA
Telangana,"Revenue Department, Kukatpally",RTI_telangana,Kukatpally,NA
Telangana,"Revenue Department, Lakdikapul Hyderabad",RTI_telangana,Hyderabad,NA
Telangana,"Revenue Department, Lakidikapool Hyderabad",RTI_telangana,Hyderabad,NA
Telangana,"Revenue Department, Langer House, Hyderabad",RTI_telangana,Hyderabad,NA
Telangana,"Revenue Department, leeja",RTI_telangana,leeja,NA
Telangana,"Revenue Department, Luxettipet",RTI_telangana,Luxettipet,NA
Telangana,"Revenue Department, Madnoor",RTI_telangana,Madnoor,NA
Telangana,"Revenue Department, Maldakal",RTI_telangana,Maldakal,NA
Telangana,"Revenue Department, Malkajgiri",RTI_telangana,Malkajgiri,NA
Telangana,"Revenue Department, Mancherial",RTI_telangana,Mancherial,NA
Telangana,"Revenue Department, Mandamarri",RTI_telangana,Mandamarri,NA
Telangana,"REVENUE DEPARTMENT, Manoor, Sangareddy",RTI_telangana,Sangareddy,NA
Telangana,"REVENUE DEPARTMENT, Mogudampally, Sangareddy",RTI_telangana,Sangareddy,NA
Telangana,"Revenue Department, Motakondur",RTI_telangana,Motakondur,NA
Telangana,"Revenue Department, Mothkur",RTI_telangana,Mothkur,NA
Telangana,"REVENUE DEPARTMENT, Munipally, Sangareddy",RTI_telangana,Sangareddy,NA
Telangana,"Revenue Department, Musheerabad Tahsil, Lower Tank Bund hyderabad",RTI_telangana,Hyderabad,NA
Telangana,"Revenue Department, Nadikuda Mandal",RTI_telangana,Nadikuda Mandal,NA
Telangana,"REVENUE DEPARTMENT, Nagalgidda Town, Sangareddy",RTI_telangana,Sangareddy,NA
Telangana,"Revenue Department, nagireddypet",RTI_telangana,nagireddypet,NA
Telangana,"Revenue Department, Nampally Hyderabad",RTI_telangana,Hyderabad,NA
Telangana,"Revenue Department, Nampally, Hyderabad",RTI_telangana,Hyderabad,NA
Telangana,"REVENUE DEPARTMENT, Narayankhed, Sangareddy",RTI_telangana,Sangareddy,NA
Telangana,"REVENUE DEPARTMENT, NARAYANKHED, Sangareddy",RTI_telangana,Sangareddy,NA
Telangana,"Revenue Department, Narmetta,Jangaon",RTI_telangana,Jangaon,NA
Telangana,"Revenue Department, Nasrullabad",RTI_telangana,Nasrullabad,NA
Telangana,"REVENUE DEPARTMENT, Nizampet town, Sangareddy",RTI_telangana,Sangareddy,NA
Telangana,"REVENUE DEPARTMENT, Nyalkal Village, Sangareddy",RTI_telangana,Sangareddy,NA
Telangana,"Revenue Department, O/o. Revenue Divisional Office, Yellareddy",RTI_telangana,Yellareddy,NA
Telangana,"Revenue Department, OLD URBAN VEMULAWADA Rajanna Sircilla",RTI_telangana,Rajanna Sircilla,NA
Telangana,"Revenue Department, Padara, Nagarkurnool",RTI_telangana,Nagarkurnool,NA
Telangana,"Revenue Department, Palakurthy,Jangaon",RTI_telangana,Jangaon,NA
Telangana,"Revenue Department, Palvancha",RTI_telangana,Palvancha,NA
Telangana,"REVENUE DEPARTMENT, Patancheru town, Sangareddy",RTI_telangana,Sangareddy,NA
Telangana,"Revenue Department, Pinapaka",RTI_telangana,Pinapaka,NA
Telangana,"Revenue Department, pitlam",RTI_telangana,pitlam,NA
Telangana,"REVENUE DEPARTMENT, Pulkal, Sangareddy",RTI_telangana,Sangareddy,NA
Telangana,"Revenue Department, Raghunathpally, Jangaon",RTI_telangana,Jangaon,NA
Telangana,"REVENUE DEPARTMENT, Raikode, Sangareddy",RTI_telangana,Sangareddy,NA
Telangana,"Revenue Department, Rajampet",RTI_telangana,Rajampet,NA
Telangana,"Revenue Department, Rajendranagar Division",RTI_telangana,Rajendranagar Division,NA
Telangana,"REVENUE DEPARTMENT, Sadasivpet, Sangareddy",RTI_telangana,Sangareddy,NA
Telangana,"Revenue Department, saidabad , Hyderabad",RTI_telangana,Hyderabad,NA
Telangana,"REVENUE DEPARTMENT, Sangareddy",RTI_telangana,Sangareddy,NA
Telangana,"REVENUE DEPARTMENT, Sangareddy town, Sangareddy",RTI_telangana,Sangareddy,NA
Telangana,"Revenue Department, Secunderabad, Hyderabad",RTI_telangana,Hyderabad,NA
Telangana,"Revenue Department, Siddipet",RTI_telangana,Siddipet,NA
Telangana,"REVENUE DEPARTMENT, Sirgapur, Sangareddy",RTI_telangana,Sangareddy,NA
Telangana,"Revenue Department, Tekulapalli",RTI_telangana,Tekulapalli,NA
Telangana,"Revenue Department, Thangallapalli Rajanna Sircilla",RTI_telangana,Rajanna Sircilla,NA
Telangana,"Revenue Department, Undavelly",RTI_telangana,Undavelly,NA
Telangana,"Revenue Department, Uppal",RTI_telangana,Uppal,NA
Telangana,"Revenue Department, Utnoor",RTI_telangana,Utnoor,NA
Telangana,"Revenue Department, Valigonda",RTI_telangana,Valigonda,NA
Telangana,"Revenue Department, Vikarabad",RTI_telangana,Vikarabad,NA
Telangana,"REVENUE DEPARTMENT, WATPALLE, Sangareddy",RTI_telangana,Sangareddy,NA
Telangana,"Revenue Department, Yadagirigutta",RTI_telangana,Yadagirigutta,NA
Telangana,"Revenue Department, Yellandu",RTI_telangana,Yellandu,NA
Telangana,"Revenue Department, Zaffergadh,Jangaon",RTI_telangana,Jangaon,NA
Telangana,"REVENUE DEPARTMENT, ZAHEERABAD Sangareddy",RTI_telangana,Sangareddy,NA
Telangana,"Revenue Department,.Pochampally",RTI_telangana,.Pochampally,NA
Telangana,"Revenue Department,Alair",RTI_telangana,Alair,NA
Telangana,"Revenue Department,Alampur",RTI_telangana,Alampur,NA
Telangana,"Revenue Department,Allapalli",RTI_telangana,Allapalli,NA
Telangana,"Revenue Department,Annapureddipally",RTI_telangana,Annapureddipally,NA
Telangana,"Revenue Department,Asifabad",RTI_telangana,Asifabad,NA
Telangana,"Revenue Department,Athamkur",RTI_telangana,Athamkur,NA
Telangana,"Revenue Department,Athmakur Mandal",RTI_telangana,Athmakur Mandal,NA
Telangana,"Revenue Department,Balanagar",RTI_telangana,Balanagar,NA
Telangana,"Revenue Department,Banswada",RTI_telangana,Banswada,NA
Telangana,"Revenue Department,Bhadrachalam",RTI_telangana,Bhadrachalam,NA
Telangana,"Revenue Department,Bheemdevarapally",RTI_telangana,Bheemdevarapally,NA
Telangana,"Revenue Department,Bibinagar",RTI_telangana,Bibinagar,NA
Telangana,"Revenue Department,Bichkunda",RTI_telangana,Bichkunda,NA
Telangana,"Revenue Department,Bijinepally",RTI_telangana,Bijinepally,NA
Telangana,"Revenue Department,BommalaRamaram",RTI_telangana,BommalaRamaram,NA
Telangana,"Revenue Department,Chennur",RTI_telangana,Chennur,NA
Telangana,"Revenue Department,Chinthalamanepally,Asifabad",RTI_telangana,Asifabad,NA
Telangana,"Revenue Department,Choutuppal",RTI_telangana,Choutuppal,NA
Telangana,"Revenue Department,Chunchupalli",RTI_telangana,Chunchupalli,NA
Telangana,"Revenue Department,Dahegaon",RTI_telangana,Dahegaon,NA
Telangana,"Revenue Department,Dandepally",RTI_telangana,Dandepally,NA
Telangana,"Revenue Department,Domakonda",RTI_telangana,Domakonda,NA
Telangana,"Revenue Department,Dummugudem",RTI_telangana,Dummugudem,NA
Telangana,"Revenue Department,Elkathurthy Mandal",RTI_telangana,Elkathurthy Mandal,NA
Telangana,"Revenue Department,Gadkesari(medchal)",RTI_telangana,Medchal,NA
Telangana,"Revenue Department,Gandhari",RTI_telangana,Gandhari,NA
Telangana,"Revenue Department,Gandimaisamma Dunidgal",RTI_telangana,Gandimaisamma Dunidgal,NA
Telangana,"Revenue Department,Gattu",RTI_telangana,Gattu,NA
Telangana,"Revenue Department,Ghanpur (Stn) Jangaon",RTI_telangana,Jangaon,NA
Telangana,"Revenue Department,Gundala",RTI_telangana,Gundala,NA
Telangana,"Revenue Department,Hajipur",RTI_telangana,Hajipur,NA
Telangana,"Revenue Department,Hasanparthy mandal",RTI_telangana,Hasanparthy mandal,NA
Telangana,"Revenue Department,Hyderabad",RTI_telangana,Hyderabad,NA
Telangana,"Revenue Department,Inavole",RTI_telangana,Inavole,NA
Telangana,"Revenue Department,Itikyal",RTI_telangana,Itikyal,NA
Telangana,"Revenue Department,Jainoor",RTI_telangana,Jainoor,NA
Telangana,"Revenue Department,Jannaram",RTI_telangana,Jannaram,NA
Telangana,"Revenue Department,Jawaharnagar, Bhupalpally",RTI_telangana,Jayashankar Bhupalapally,NA
Telangana,"Revenue Department,Jayashankar Bhupalpally",RTI_telangana,Jayashankar Bhupalapally,NA
Telangana,"Revenue Department,Jogulamba Gadwal",RTI_telangana,Jogulamba Gadwal,NA
Telangana,"Revenue Department,Jukkal",RTI_telangana,Jukkal,NA
Telangana,"Revenue Department,julurupadu",RTI_telangana,julurupadu,NA
Telangana,"Revenue Department,Kagaznagar",RTI_telangana,Kagaznagar,NA
Telangana,"Revenue Department,Kalwakurhty",RTI_telangana,Kalwakurhty,NA
Telangana,"Revenue Department,Kamalapur mandal",RTI_telangana,Kamalapur mandal,NA
Telangana,"Revenue Department,Kazipet",RTI_telangana,Kazipet,NA
Telangana,"Revenue Department,Kerameri",RTI_telangana,Kerameri,NA
Telangana,"Revenue Department,Kollapur",RTI_telangana,Kollapur,NA
Telangana,"Revenue Department,Kosgi",RTI_telangana,Kosgi,NA
Telangana,"Revenue Department,Kotapally",RTI_telangana,Kotapally,NA
Telangana,"Revenue Department,Kothur",RTI_telangana,Kothur,NA
Telangana,"Revenue Department,Koutla",RTI_telangana,Koutla,NA
Telangana,"Revenue Department,Kowdipally",RTI_telangana,Kowdipally,NA
Telangana,"Revenue Department,Krishna",RTI_telangana,Krishna,NA
Telangana,"Revenue Department,Kulcharam",RTI_telangana,Kulcharam,NA
Telangana,"Revenue Department,Lingapur",RTI_telangana,Lingapur,NA
Telangana,"Revenue Department,Machareddy",RTI_telangana,Machareddy,NA
Telangana,"Revenue Department,makthal Mandal",RTI_telangana,makthal Mandal,NA
Telangana,"Revenue Department,Malkajgiri",RTI_telangana,Malkajgiri,NA
Telangana,"Revenue Department,Manopad",RTI_telangana,Manopad,NA
Telangana,"Revenue Department,Manuguru",RTI_telangana,Manuguru,NA
Telangana,"Revenue Department,Medak",RTI_telangana,Medak,NA
Telangana,"Revenue Department,Medchal",RTI_telangana,Medchal,NA
Telangana,"Revenue Department,Medipally",RTI_telangana,Medipally,NA
Telangana,"Revenue Department,Muduchinthalapally",RTI_telangana,Muduchinthalapally,NA
Telangana,"Revenue Department,Narayanapur",RTI_telangana,Narayanapur,NA
Telangana,"Revenue Department,Naspur",RTI_telangana,Naspur,NA
Telangana,"Revenue Department,Nizamabad",RTI_telangana,Nizamabad,NA
Telangana,"Revenue Department,Palkonda, Mahabubnagar",RTI_telangana,Mahabubnagar,NA
Telangana,"Revenue Department,paloncha",RTI_telangana,paloncha,NA
Telangana,"Revenue Department,Penchikalpet",RTI_telangana,Penchikalpet,NA
Telangana,"Revenue Department,Quthbullapur",RTI_telangana,Quthbullapur,NA
Telangana,"Revenue Department,Rajapet",RTI_telangana,Rajapet,NA
Telangana,"Revenue Department,Ramareddy",RTI_telangana,Ramareddy,NA
Telangana,"Revenue Department,RDO Office Kothagudem",RTI_telangana,Bhadradri Kothagudem,NA
Telangana,"Revenue Department,Rebbena",RTI_telangana,Rebbena,NA
Telangana,"Revenue Department,Sadashivanagar",RTI_telangana,Sadashivanagar,NA
Telangana,"Revenue Department,SDC Trible wlefare Bhadrachalam",RTI_telangana,SDC Trible wlefare Bhadrachalam,NA
Telangana,"Revenue Department,Shamirpet",RTI_telangana,Shamirpet,NA
Telangana,"Revenue Department,Shayampet",RTI_telangana,Shayampet,NA
Telangana,"Revenue Department,Sirpur-T",RTI_telangana,Sirpur-T,NA
Telangana,"Revenue Department,Sirpur-U",RTI_telangana,Sirpur-U,NA
Telangana,"Revenue Department,Tadoor",RTI_telangana,Tadoor,NA
Telangana,"Revenue Department,Tadwai",RTI_telangana,Tadwai,NA
Telangana,"Revenue Department,Telkapally",RTI_telangana,Telkapally,NA
Telangana,"Revenue Department,Thimmajipet",RTI_telangana,Thimmajipet,NA
Telangana,"Revenue Department,Thorrur",RTI_telangana,Thorrur,NA
Telangana,"Revenue Department,Thurkapally",RTI_telangana,Thurkapally,NA
Telangana,"Revenue Department,Tiryani",RTI_telangana,Tiryani,NA
Telangana,"Revenue Department,Toopran",RTI_telangana,Toopran,NA
Telangana,"Revenue Department,Urkonda",RTI_telangana,Urkonda,NA
Telangana,"Revenue Department,Utkoor Mandal",RTI_telangana,Utkoor Mandal,NA
Telangana,"Revenue Department,Vangoor",RTI_telangana,Vangoor,NA
Telangana,"Revenue Department,Velair Mandal",RTI_telangana,Velair Mandal,NA
Telangana,"Revenue Department,Veldanda",RTI_telangana,Veldanda,NA
Telangana,"Revenue Department,Waddepally",RTI_telangana,Waddepally,NA
Telangana,"Revenue Department,Wankidi",RTI_telangana,Wankidi,NA
Telangana,"Revenue Department,Yeldurthy",RTI_telangana,Yeldurthy,NA
Telangana,"Revenue Department,Yerravally",RTI_telangana,Yerravally,NA
Telangana,"Revenue Departmentr,Rayaparthy",RTI_telangana,Rayaparthy,NA
Telangana,"Revenue Dept, Mavala",RTI_telangana,Mavala,NA
Telangana,Revenue Divisional Offficer Karimnagar,RTI_telangana,Karimnagar,NA
Telangana,Revenue Divisional Office Hanumakonda,RTI_telangana,Hanamkonda,NA
Telangana,Revenue Divisional Office Kalwakurthy,RTI_telangana,,NA
Telangana,Revenue Divisional Office Nagarkurnool,RTI_telangana,Nagarkurnool,NA
Telangana,"Revenue Divisional Office, Karimnagar",RTI_telangana,Karimnagar,NA
Telangana,"Revenue Divisional Office,Korutla",RTI_telangana,Korutla,NA
Telangana,Revenue Divisional Officer Huzurabad,RTI_telangana,,NA
Telangana,"Revenue( Endowemnts) Department, Kamareddy",RTI_telangana,Kamareddy,NA
Telangana,"Revenue( Excise and Prohibition )Department,Medak",RTI_telangana,Medak,NA
Telangana,"Revenue( Prohibition &Excise )Department,Naryanpet",RTI_telangana,Naryanpet,NA
Telangana,Revenue(Collectorate) Mulugu,RTI_telangana,Mulugu,NA
Telangana,"Revenue(Endowment)Department,Jangaon",RTI_telangana,Jangaon,NA
Telangana,"Revenue(Endowments) Department, Karimnagar",RTI_telangana,Karimnagar,NA
Telangana,"Revenue(Pro. & Excise) Department,Rangareddy",RTI_telangana,Ranga Reddy,NA
Telangana,"Revenue(Prohibition & Excise)Department,Khammam",RTI_telangana,Khammam,NA
Telangana,"Revenue(Prohibition & Excise)Department,Mancherial",RTI_telangana,Mancherial,NA
Telangana,"Revenue(Registration and Stamps) Department,Azampura",RTI_telangana,Azampura,NA
Telangana,"Revenue(Registration and Stamps) Department,Charminar",RTI_telangana,Charminar,NA
Telangana,"Revenue(Registration and Stamps) Department,DoodhBowli",RTI_telangana,DoodhBowli,NA
Telangana,"Revenue(Registration and Stamps) Department,Golconda",RTI_telangana,Golconda,NA
Telangana,"Revenue(Registration and Stamps) Department,S.R.Nagar",RTI_telangana,S.R.Nagar,NA
Telangana,"Roads & Building Dept, Errummanzil, Hyderabad",RTI_telangana,Hyderabad,NA
Telangana,Roads & Buildings Department Balkampet,RTI_telangana,,NA
Telangana,"Roads & Buildings Department,Jogulamba Gadwal",RTI_telangana,Jogulamba Gadwal,NA
Telangana,Roads and Buildings Jagtial District,RTI_telangana,Jagtial,NA
Telangana,Rural Development Agency(DRDA))Warangal,RTI_telangana,Warangal,NA
Telangana,RURAL DEVELOPMENT JAYASHANKAR BHUPALAPALLY,RTI_telangana,Jayashankar Bhupalapally,NA
Telangana,"SC Corporation Department,Medak",RTI_telangana,Medak,NA
Telangana,SC Corporation Department.Mulugu,RTI_telangana,Mulugu,NA
Telangana,"SC Development ,Mancherial",RTI_telangana,Mancherial,NA
Telangana,SC Development Department(Govt. SC Boys Hostel) Basheerabad,RTI_telangana,Basheerabad,NA
Telangana,SC Development Department(Govt. SC Boys Hostel) Doma,RTI_telangana,Doma,NA
Telangana,SC Development Department(Govt. SC Boys Hostel) Karankote,RTI_telangana,Karankote,NA
Telangana,SC Development Department(Govt. SC Boys Hostel) Kodangal,RTI_telangana,Kodangal,NA
Telangana,SC Development Department(Govt. SC Boys Hostel) Marikal,RTI_telangana,Marikal,NA
Telangana,SC Development Department(Govt. SC Boys Hostel) Mominpet,RTI_telangana,Mominpet,NA
Telangana,SC Development Department(Govt. SC Boys Hostel) Nawabpet,RTI_telangana,Nawabpet,NA
Telangana,SC Development Department(Govt. SC Boys Hostel) Patloor,RTI_telangana,Patloor,NA
Telangana,SC Development Department(Govt. SC Boys Hostel) Pudur,RTI_telangana,Pudur,NA
Telangana,SC Development Department(Govt. SC Boys Hostel) Siripura,RTI_telangana,Siripura,NA
Telangana,SC Development Department(Govt. SC Boys Hostel) Tandur,RTI_telangana,Tandur,NA
Telangana,SC Development Department(Govt. SC Boys Hostel) Yalal,RTI_telangana,Yalal,NA
Telangana,"SC Development Department(Govt. SC Boys Hostel), Pargi",RTI_telangana,Pargi,NA
Telangana,"SC Development Department(Govt. SC Boys Hostel, No. I) Karankote",RTI_telangana,No. I) Karankote,NA
Telangana,"SC Development Department(Govt. SC Boys Hostel, No. II) Vikarabad",RTI_telangana,Vikarabad,NA
Telangana,SC Development Department(Govt. SC College Boys Hostel) Vikarabad,RTI_telangana,Vikarabad,NA
Telangana,SC Development Department(Govt. SC College Boys Hostel)Tandur,RTI_telangana,Tandur,NA
Telangana,SC Development Department(Govt. SC Collegle Girls Hostel) Vikarabad,RTI_telangana,Vikarabad,NA
Telangana,SC Development Department(Govt. SC Girls Hostel) Tandur,RTI_telangana,Tandur,NA
Telangana,SC Development Department(Govt. SC Girls Hostel) Basheerabad,RTI_telangana,Basheerabad,NA
Telangana,SC Development Department(Govt. SC Girls Hostel) Kodangal,RTI_telangana,Kodangal,NA
Telangana,SC Development Department(Govt. SC Girls Hostel) Marpally,RTI_telangana,Marpally,NA
Telangana,"SC Development Department(Govt. SC Girls Hostel), Pargi",RTI_telangana,Pargi,NA
Telangana,"SC Development Department, Jangaon",RTI_telangana,Jangaon,NA
Telangana,"SC Development Department, Tandur",RTI_telangana,Tandur,NA
Telangana,"SC Development Department, Vikarabad",RTI_telangana,Vikarabad,NA
Telangana,"SC Development Department,Kamareddy",RTI_telangana,Kamareddy,NA
Telangana,"SC Development(TGSCCDC Ltd) Department,Adilabad",RTI_telangana,Adilabad,NA
Telangana,"SC Development(TGSWRS/JC(B))Department, DAMARGIDDA",RTI_telangana,DAMARGIDDA,NA
Telangana,"SC Development(TGSWRS/JC(G))Department, MADDUR",RTI_telangana,MADDUR,NA
Telangana,"SC Development(TGSWRS/JC(G))Department, MAKTHAL",RTI_telangana,MAKTHAL,NA
Telangana,"SC Development(TGSWRS/JC(G))Department, MARIKAL",RTI_telangana,MARIKAL,NA
Telangana,"SC Development(TGSWRS/JC(G))Department, NARAYANPET",RTI_telangana,Narayanpet,NA
Telangana,"SC Development(TGSWRS/JC(G))Department, UTKOOR",RTI_telangana,UTKOOR,NA
Telangana,"SC. Development Department,Bhupalpally",RTI_telangana,Jayashankar Bhupalapally,NA
Telangana,SC.Development Department( Social Welfare Officer (FAC)) Bhupalpally,RTI_telangana,Jayashankar Bhupalapally,NA
Telangana,SC.Development Department(GOVT SC BOYS HOSTEL)CHITYAL,RTI_telangana,CHITYAL,NA
Telangana,SC.Development Department(GOVT SC BOYS HOSTEL)MOGULLAPALLY,RTI_telangana,MOGULLAPALLY,NA
Telangana,SC.Development Department(GOVT SC GIRLS HOSTEL )JOOKAL,RTI_telangana,JOOKAL,NA
Telangana,SC.Development Department(GOVT SC GIRLS HOSTEL) REGONDA,RTI_telangana,REGONDA,NA
Telangana,SC.Development Department(GOVT SC GIRLS HOSTEL)CHITYAL,RTI_telangana,CHITYAL,NA
Telangana,SC.Development Department(GOVT SC GIRLS HOSTEL)MOGULLAPALLY,RTI_telangana,MOGULLAPALLY,NA
Telangana,SC.Development Department(GOVT SC. BOYS HOSTEL) MAHADEVPUR,RTI_telangana,MAHADEVPUR,NA
Telangana,SC.Development Department(GOVT SC. BOYS HOSTEL) JANGAID,RTI_telangana,JANGAID,NA
Telangana,SC.Development Department(Govt. SC. COLLEGE BOYS HOSTEL) BHUPALPALLY,RTI_telangana,Jayashankar Bhupalapally,NA
Telangana,SC.Development Department(Govt. SC. COLLEGE GIRLS HOSTEL) BHUPALPALLY,RTI_telangana,Jayashankar Bhupalapally,NA
Telangana,SC.Development Department(Govt.SC. GIRLS HOSTEL)MAHADEVPUR,RTI_telangana,MAHADEVPUR,NA
Telangana,Scheduled Caste (Govt.SC College Girls Hostel)Kalwakurthy,RTI_telangana,Kalwakurthy,NA
Telangana,Scheduled Caste (GovtSCBH)Department,RTI_telangana,Department,NA
Telangana,"Scheduled Caste Department(Govt.SCBH, B)Kalwakurthy",RTI_telangana,B)Kalwakurthy,NA
Telangana,"Scheduled Caste Department,Kalwakurthy",RTI_telangana,Kalwakurthy,NA
Telangana,Scheduled Caste Department,RTI_telangana,NA,NA
Telangana,Scheduled Caste Development (Govt.SC Ananda Nilayam ( Boys),RTI_telangana,NA,NA
Telangana,Scheduled Caste Development (Govt.SC College Boys Hostel )Achampet,RTI_telangana,Achampet,NA
Telangana,Scheduled Caste Development (Govt.SC College Boys Hostel )Kalwakurthy,RTI_telangana,Kalwakurthy,NA
Telangana,Scheduled Caste Development (Govt.SC College Boys Hostel)Nagarkurnool,RTI_telangana,Nagarkurnool,NA
Telangana,Scheduled Caste Development (Govt.SC College Girls Hostel) Achampet),RTI_telangana,Achampet),NA
Telangana,Scheduled Caste Development (Govt.SC College GirlsHostel)Nagarkurnool,RTI_telangana,Nagarkurnool,NA
Telangana,"Scheduled Caste Development (Govt.SCBH- A)Department,Nagarkurnool",RTI_telangana,Nagarkurnool,NA
Telangana,"Scheduled Caste Development (Govt.SCBH)Department,Balmoor",RTI_telangana,Balmoor,NA
Telangana,"Scheduled Caste Development (Govt.SCBh)Department,Raghupathipet",RTI_telangana,Raghupathipet,NA
Telangana,"Scheduled Caste Development (Govt.SCBH. C)Department,Nagarkurnool",RTI_telangana,Nagarkurnool,NA
Telangana,"Scheduled Caste Development (Govt.SCBH. D)Department ,Nagarkurnool",RTI_telangana,Nagarkurnool,NA
Telangana,"Scheduled Caste Development (GovtSCBH,)Department,Vangoor",RTI_telangana,Vangoor,NA
Telangana,Scheduled Caste Development Department(Govt.SCBH) Tadoor,RTI_telangana,Tadoor,NA
Telangana,"Scheduled Caste Development Department,Achampet",RTI_telangana,Achampet,NA
Telangana,"Scheduled Caste Development Department,Amrabad",RTI_telangana,Amrabad,NA
Telangana,"Scheduled Caste Development Department,Charakonda",RTI_telangana,Charakonda,NA
Telangana,"Scheduled Caste Development Department,Govt.SCGH, Nagarkurnool",RTI_telangana,Nagarkurnool,NA
Telangana,"Scheduled Caste Development Department,Jagtial",RTI_telangana,Jagtial,NA
Telangana,"Scheduled Caste Development Department,Kalwakurthy",RTI_telangana,Kalwakurthy,NA
Telangana,"Scheduled Caste Development Department,Kollapur",RTI_telangana,Kollapur,NA
Telangana,"Scheduled Caste Development Department,Lingal",RTI_telangana,Lingal,NA
Telangana,"Scheduled Caste Development Department,Mulugu",RTI_telangana,Mulugu,NA
Telangana,"Scheduled Caste Development Department,Nagarkurnool",RTI_telangana,Nagarkurnool,NA
Telangana,"Scheduled Caste Development Department,Palem",RTI_telangana,Palem,NA
Telangana,"Scheduled Caste Development Department,Peddakothapally",RTI_telangana,Peddakothapally,NA
Telangana,"Scheduled Caste Development Department,Pentlavally",RTI_telangana,Pentlavally,NA
Telangana,"Scheduled Caste Development Department,Polkampally",RTI_telangana,Polkampally,NA
Telangana,"Scheduled Caste Development Department,Telkapally",RTI_telangana,Telkapally,NA
Telangana,"Scheduled Caste Development Department,Vankeshwaram",RTI_telangana,Vankeshwaram,NA
Telangana,Scheduled Caste Development(TGSWREIS) MAHABUBNAGAR,RTI_telangana,Mahabubnagar,NA
Telangana,"Scheduled Castes (Coordn) Department, Jogulamba Gadwal",RTI_telangana,Jogulamba Gadwal,NA
Telangana,"Scheduled Castes Development (Coordn) Department, Nampally",RTI_telangana,Nampally,NA
Telangana,"Scheduled Castes Development (Coordn) Department, Sangareddy",RTI_telangana,Sangareddy,NA
Telangana,"School Education(Director of public Libraries)Depatment,Hyderabad",RTI_telangana,Hyderabad,NA
Telangana,"School Education Department ,Medak",RTI_telangana,Medak,NA
Telangana,School Education Department Jagtial,RTI_telangana,Jagtial,NA
Telangana,"School Education Department, BACHANNAPET",RTI_telangana,BACHANNAPET,NA
Telangana,"School Education Department, CHILPUR",RTI_telangana,CHILPUR,NA
Telangana,"School Education Department, DEVARUPPULA",RTI_telangana,DEVARUPPULA,NA
Telangana,"School Education Department, GHNAPUR STN",RTI_telangana,GHNAPUR STN,NA
Telangana,"School Education Department, Jagtial",RTI_telangana,Jagtial,NA
Telangana,"School Education Department, JANGAON",RTI_telangana,Jangaon,NA
Telangana,"School Education Department, KODAKANDLA",RTI_telangana,KODAKANDLA,NA
Telangana,"School Education Department, LINGALA GHANPUR",RTI_telangana,LINGALA GHANPUR,NA
Telangana,"School Education Department, NARMETTA",RTI_telangana,NARMETTA,NA
Telangana,"School Education Department, PALAKURTHY",RTI_telangana,PALAKURTHY,NA
Telangana,"School Education Department, RAGHUNATHPALLY",RTI_telangana,RAGHUNATHPALLY,NA
Telangana,"School Education Department, THARIGOPPULA",RTI_telangana,THARIGOPPULA,NA
Telangana,"School Education Department, ZAFFERGADH",RTI_telangana,ZAFFERGADH,NA
Telangana,"School Education Department,Bhupalpally",RTI_telangana,Jayashankar Bhupalapally,NA
Telangana,"School Education Department,Hyderabad",RTI_telangana,Hyderabad,NA
Telangana,"School Education Department,Jangaon",RTI_telangana,Jangaon,NA
Telangana,"School Education(Adult Education)Department,Mancherial",RTI_telangana,Mancherial,NA
Telangana,School Education(Library Office) Jangaon,RTI_telangana,Jangaon,NA
Telangana,"School Education, Kamareddy",RTI_telangana,Kamareddy,NA
Telangana,"School EDUCATION, MANCHERIAL",RTI_telangana,Mancherial,NA
Telangana,"School Education,Eturnagaram",RTI_telangana,Eturnagaram,NA
Telangana,"School Education,Govindraopet",RTI_telangana,Govindraopet,NA
Telangana,"School Education,Kannaigudem",RTI_telangana,Kannaigudem,NA
Telangana,"School Education,Mangapet",RTI_telangana,Mangapet,NA
Telangana,"School Education,Mulugu",RTI_telangana,Mulugu,NA
Telangana,"School Education,Nagarkurnool",RTI_telangana,Nagarkurnool,NA
Telangana,"School Education,Tadvai",RTI_telangana,Tadvai,NA
Telangana,"School Education,Venkatapur",RTI_telangana,Venkatapur,NA
Telangana,"School Education,Venkatapuram",RTI_telangana,Venkatapuram,NA
Telangana,"School Education,Wazeedu",RTI_telangana,Wazeedu,NA
Telangana,Social Welfare (SEC),RTI_telangana,,NA
Telangana,"Social Welfare Department, Jangaon",RTI_telangana,Jangaon,NA
Telangana,Society for Elimination of Rural Poverty,RTI_telangana,,NA
Telangana,State Audit Department,RTI_telangana,,NA
Telangana,State Disaster Response and Fire Service Warangal,RTI_telangana,Warangal,NA
Telangana,State Election Commission,RTI_telangana,,NA
Telangana,State Finance Corporation,RTI_telangana,,NA
Telangana,State Meat and Poultry Development Corporation,RTI_telangana,,NA
Telangana,State Mineral Development Corporation,RTI_telangana,,NA
Telangana,State Seeds Development Corporation,RTI_telangana,,NA
Telangana,"Superintendent District Head Quarters Hospital, Jadcherla",RTI_telangana,Jadcherla,NA
Telangana,Survey and Land Department Gadwal,RTI_telangana,,NA
Telangana,"Survey and Land Department, Khammam",RTI_telangana,Khammam,NA
Telangana,"Survey and Land Department, Anthaipally, Shamirpet",RTI_telangana,Shamirpet,NA
Telangana,"Survey and Land Department, Hanumakonda",RTI_telangana,Hanamkonda,NA
Telangana,"Survey and Land Department, Hyderabad",RTI_telangana,Hyderabad,NA
Telangana,"Survey and Land Department, Kamareddy",RTI_telangana,Kamareddy,NA
Telangana,"Survey and Land Department, Karimnagar",RTI_telangana,Karimnagar,NA
Telangana,"Survey and Land Department, Medak",RTI_telangana,Medak,NA
Telangana,"Survey and Land Department, Mulugu",RTI_telangana,Mulugu,NA
Telangana,"Survey and Land Department, Nagarkurnool",RTI_telangana,Nagarkurnool,NA
Telangana,"Survey and Land Department, Nalgonda",RTI_telangana,Nalgonda,NA
Telangana,"Survey and Land Department, Narayanaguda Hyderabad",RTI_telangana,Hyderabad,NA
Telangana,"Survey and Land Department, Narayanpet",RTI_telangana,Narayanpet,NA
Telangana,"Survey and Land Department, Naspur,Mancherial",RTI_telangana,Mancherial,NA
Telangana,"Survey and Land Department, Nizamabad",RTI_telangana,Nizamabad,NA
Telangana,"Survey and Land Department, Peddapally",RTI_telangana,Peddapally,NA
Telangana,"Survey and Land Department, Ranga Reddy",RTI_telangana,Ranga Reddy,NA
Telangana,"Survey and Land Department, Sangareddy",RTI_telangana,Sangareddy,NA
Telangana,"Survey and Land Department, Siddipet",RTI_telangana,Siddipet,NA
Telangana,"Survey and Land Department, Sircilla",RTI_telangana,Sircilla,NA
Telangana,"Survey and Land Department, Suryapet",RTI_telangana,Suryapet,NA
Telangana,"Survey and Land Department, Vikarabad",RTI_telangana,Vikarabad,NA
Telangana,"Survey and Land Department, Wanaparthy",RTI_telangana,Wanaparthy,NA
Telangana,"Survey and Land Department, Yadadri",RTI_telangana,Yadadri,NA
Telangana,"Survey and Land Department, Yellapally, Nirmal",RTI_telangana,Nirmal,NA
Telangana,"Survey and Land Department,Gachibowli",RTI_telangana,Gachibowli,NA
Telangana,"Survey and Land Department,Jangaon",RTI_telangana,Jangaon,NA
Telangana,"Survey and Land Department,Jankapur, Kumrambheem Asifabad",RTI_telangana,Kumrambheem Asifabad,Janakpur
Telangana,"Survey and Land Department,Mahabubabad",RTI_telangana,Mahabubabad,NA
Telangana,"Survey and Land Department,Palvancha, Bhadradri kothagudem",RTI_telangana,Bhadradri Kothagudem,palvancha
Telangana,"Survey and Land Department,Urban(Lakidikapool) Hyd",RTI_telangana,Urban(Lakidikapool) Hyd,Lakidapool
Telangana,"Survey and Land Department,Vidyanagar, Adilabad",RTI_telangana,Adilabad,Vidyanagar
Telangana,"Survey and Land Records,(Narayanguda)Hyderabad",RTI_telangana,Hyderabad,Narayanguda
Telangana,Tahsidar Jammikunta,RTI_telangana,Karimnagar,Jammikunta
Telangana,Tahsidar Kothapally,RTI_telangana,Karimnagar,Kothapally
Telangana,"Tahsil Office, Lingala Ghanpur",RTI_telangana,Jangaon,Lingalaghanpur
Telangana,Tahsildar Adilabad Urban Mandal,RTI_telangana,Adilabad,Adilabad Urban
Telangana,Tahsildar Bazarhathnoor Mandal,RTI_telangana,Adilabad,Bazarhathnoor
Telangana,Tahsildar Chigurumamidi,RTI_telangana,Karimnagar,Chigurumamidi
Telangana,Tahsildar Choppadandi,RTI_telangana,Karimnagar,Choppadandi
Telangana,Tahsildar Ellandakunta,RTI_telangana,Karimnagar,Ellandakunta
Telangana,Tahsildar Gangadhara,RTI_telangana,Karimnagar,Gangadhara
Telangana,Tahsildar Ganneruvaram,RTI_telangana,Karimnagar,Ganneruvaram
Telangana,Tahsildar Huzurabad,RTI_telangana,Karimnagar,Huzurabad
Telangana,Tahsildar Karimnagar Rural,RTI_telangana,Karimnagar,Karimnagar Rural
Telangana,Tahsildar Karimnagar Urban,RTI_telangana,Karimnagar,Karimnagar Urban
Telangana,Tahsildar Kollapur Office,RTI_telangana,Nagarkurnool,Kollapur
Telangana,Tahsildar Mahabubnagar Office,RTI_telangana,Mahabubnagar,Mahabubnagar
Telangana,Tahsildar Manakondur,RTI_telangana,Karimnagar,Manakondur
Telangana,Tahsildar Nagarkurnool Office,RTI_telangana,Nagarkurnool,Nagarkurnool
Telangana,Tahsildar Nereigonda Mandal,RTI_telangana,Nirmal,Neradigonda
Telangana,Tahsildar Office Gadiguda,RTI_telangana,Adilabad,Gadiguda
Telangana,Tahsildar Office Talamadugu,RTI_telangana,Adilabad,Talamadugu
Telangana,"Tahsildar Office ,Komuravelly",RTI_telangana,Siddipet,Komuravelli
Telangana,Tahsildar Office Adilabad,RTI_telangana,Adilabad,Adilabad
Telangana,Tahsildar Office Bela,RTI_telangana,Adilabad,Bela
Telangana,Tahsildar Office Bheempur,RTI_telangana,Adilabad,Bheempur
Telangana,Tahsildar Office Bhoraj,RTI_telangana,Adilabad,Bhoraj
Telangana,Tahsildar Office Boath,RTI_telangana,Adilabad,Boath
Telangana,Tahsildar Office Gudihathnoor,RTI_telangana,Adilabad,Gudihathnoor
Telangana,Tahsildar Office Ichoda,RTI_telangana,Adilabad,Ichoda
Telangana,Tahsildar Office Jainath,RTI_telangana,Adilabad,Jainath
Telangana,Tahsildar Office Narnoor,RTI_telangana,Adilabad,Narnoor
Telangana,Tahsildar office Narsapur,RTI_telangana,Medak,Narsapur
Telangana,Tahsildar Office Nizampet,RTI_telangana,Medak,Nizampet
Telangana,Tahsildar Office Parkal,RTI_telangana,Hanumakonda,Parkal
Telangana,Tahsildar Office Rural,RTI_telangana,Karimnagar,Rural
Telangana,Tahsildar Office Sirikonda,RTI_telangana,Nizamabad,Sirikonda
Telangana,Tahsildar Office Sonala,RTI_telangana,Adilabad,Sonala
Telangana,Tahsildar Office Utnoor,RTI_telangana,Adilabad,Utnoor
Telangana,"Tahsildar Office, Akbarpet-Bhoompally",RTI_telangana,Siddipet,Akbarpet-Bhoompally
Telangana,"Tahsildar Office, Akkannapet",RTI_telangana,Siddipet,Akkannapet
Telangana,"Tahsildar Office, Basheerabad",RTI_telangana,Vikarabad,Basheerabad
Telangana,"Tahsildar Office, Bayyaram",RTI_telangana,Mahabubabad,Bayyaram
Telangana,"Tahsildar Office, Bejjanki",RTI_telangana,Siddipet,Bejjanki
Telangana,"Tahsildar Office, Bomraspet",RTI_telangana,Vikarabad,Bomraspet
Telangana,"Tahsildar Office, Cherial",RTI_telangana,Siddipet,Cherial
Telangana,"Tahsildar Office, Chinnakodur",RTI_telangana,Siddipet,Chinnakodur
Telangana,"Tahsildar Office, Dhoolmitta",RTI_telangana,Siddipet,Dhoolmitta
Telangana,"Tahsildar Office, Dornakal",RTI_telangana,Mahabubabad,Dornakal
Telangana,"Tahsildar Office, Doulthabad",RTI_telangana,Vikarabad,Doulthabad
Telangana,"Tahsildar Office, Dubbak",RTI_telangana,Siddipet,Dubbak
Telangana,"Tahsildar Office, Dudyal",RTI_telangana,Siddipet,Dudyal
Telangana,"Tahsildar Office, Duggondi",RTI_telangana,Hanumakonda,Duggondi
Telangana,"Tahsildar Office, Gajwel",RTI_telangana,Siddipet,Gajwel
Telangana,"Tahsildar Office, Gandipet Mandal",RTI_telangana,Ranga Reddy,Gandipet
Telangana,"Tahsildar Office, Gundumal",RTI_telangana,Narayanpet,Gundumal
Telangana,"Tahsildar Office, Hayathnagar",RTI_telangana,Medchal–Malkajgiri,Hayathnagar
Telangana,"Tahsildar Office, Ibrahimpatnam",RTI_telangana,Ranga Reddy,Ibrahimpatnam
Telangana,"Tahsildar Office, Ibrahimpatnam Division",RTI_telangana,Ranga Reddy,Ibrahimpatnam
Telangana,"Tahsildar Office, Jagadevpur",RTI_telangana,Siddipet,Jagadevpur
Telangana,"Tahsildar Office, Jilled Chowdergudem",RTI_telangana,Ranga Reddy,Chowdergudem
Telangana,"Tahsildar Office, Kaddam",RTI_telangana,Nirmal,Kaddam
Telangana,"Tahsildar Office, Kadthal Mandal",RTI_telangana,Ranga Reddy,Kadthal
Telangana,"Tahsildar Office, Kandukur",RTI_telangana,Ranga Reddy,Kandukur
Telangana,"Tahsildar Office, Kathalapur",RTI_telangana,Jagtial,Kathlapur
Telangana,"Tahsildar Office, Keshampet Mandal",RTI_telangana,Ranga Reddy,Keshampet
Telangana,"Tahsildar Office, Khanapur",RTI_telangana,Warangal,Khanapur
Telangana,"Tahsildar Office, Khila Warangal",RTI_telangana,Hanumakonda,Khila Warangal
Telangana,"Tahsildar Office, Kodangal",RTI_telangana,Vikarabad,Kodangal
Telangana,"Tahsildar Office, Koheda",RTI_telangana,Siddipet,Koheda
Telangana,"Tahsildar Office, Kondapaka Mandal",RTI_telangana,Siddipet,Kondapaka
Telangana,"Tahsildar Office, Kondurgu Mandal",RTI_telangana,Ranga Reddy,Kondurgu
Telangana,"Tahsildar Office, Kothapally Mandal",RTI_telangana,Karimnagar,Kothapally
Telangana,"Tahsildar Office, Kubeer",RTI_telangana,Nirmal,Kubeer
Telangana,"Tahsildar Office, Kukunoorpally",RTI_telangana,Siddipet,Kukunoorpally
Telangana,"Tahsildar Office, Kuntala",RTI_telangana,Nirmal,Kuntala
Telangana,"Tahsildar Office, Laxmanchanda",RTI_telangana,Nirmal,Laxmanchanda
Telangana,"Tahsildar Office, Lingampet",RTI_telangana,Kamareddy,Lingampet
Telangana,"Tahsildar Office, Lokeshwaram",RTI_telangana,Nirmal,Lokeshwaram
Telangana,"Tahsildar Office, Maddur",RTI_telangana,Siddipet,Maddur
Telangana,"Tahsildar Office, Maddur Mandal",RTI_telangana,Narayanpet,Maddur
Telangana,"Tahsildar Office, Madgul Mandal",RTI_telangana,Vikarabad,Madgul
Telangana,"Tahsildar Office, Maheshwaram",RTI_telangana,Ranga Reddy,Maheshwaram
Telangana,"Tahsildar Office, Mallapur",RTI_telangana,Jagtial,Mallapur
Telangana,"Tahsildar Office, Mamada",RTI_telangana,Nirmal,Mamada
Telangana,"Tahsildar Office, Manchal",RTI_telangana,Medchal–Malkajgiri,Manchal
Telangana,"Tahsildar Office, Manoharabad",RTI_telangana,Medak,Manoharabad
Telangana,"Tahsildar Office, Marikal",RTI_telangana,Narayanpet,Marikal
Telangana,"Tahsildar Office, Markook",RTI_telangana,Siddipet,Markook
Telangana,"Tahsildar Office, Masiapet",RTI_telangana,Medak,Masiapet
Telangana,"Tahsildar Office, Medipalli",RTI_telangana,Jagtial,Medipalli
Telangana,"Tahsildar Office, Metpalli",RTI_telangana,Jagtial,Metpalli
Telangana,"Tahsildar Office, Mirdoddi",RTI_telangana,Siddipet,Mirdoddi
Telangana,"Tahsildar Office, Moinabad Mandal",RTI_telangana,Ranga Reddy,Moinabad
Telangana,"Tahsildar Office, Mudhole",RTI_telangana,Nirmal,Mudhole
Telangana,"Tahsildar Office, Mulugu",RTI_telangana,Mulugu,Mulugu
Telangana,"Tahsildar Office, Nallabelly",RTI_telangana,Hanumakonda,Nallabelly
Telangana,"Tahsildar Office, Nandigama Mandal",RTI_telangana,Ranga Reddy,Nandigama
Telangana,"Tahsildar Office, Nangnoor",RTI_telangana,Siddipet,Nangnoor
Telangana,"Tahsildar Office, Narayanaraopet",RTI_telangana,Siddipet,Narayanraopet
Telangana,"Tahsildar Office, Narayanpet",RTI_telangana,Narayanpet,Narayanpet
Telangana,"Tahsildar Office, Narsampet",RTI_telangana,Hanumakonda,Narsampet
Telangana,"Tahsildar Office, Narsapur (G)",RTI_telangana,Medak,Narsapur (G)
Telangana,"Tahsildar Office, Narsingi",RTI_telangana,Medak,Narsingi
Telangana,"Tahsildar Office, Nekkonda",RTI_telangana,Hanumakonda,Nekkonda
Telangana,"Tahsildar Office, Nirmal",RTI_telangana,Nirmal,Nirmal
Telangana,"Tahsildar Office, Nirmal (U)",RTI_telangana,Nirmal,Nirmal Urban
Telangana,"Tahsildar Office, Nirmal Rural",RTI_telangana,Nirmal,Nirmal Rural
Telangana,"Tahsildar Office, Nizamsagar",RTI_telangana,Kamareddy,Nizamsagar
Telangana,"Tahsildar Office, Parvathagiri",RTI_telangana,Hanumakonda,Parvathagiri
Telangana,"Tahsildar Office, Peddemul",RTI_telangana,Vikarabad,Peddemul
Telangana,"Tahsildar Office, Pembi",RTI_telangana,Nirmal,Pembi
Telangana,"Tahsildar Office, Rajendranagar Mandal",RTI_telangana,Ranga Reddy,Rajendranagar
Telangana,"Tahsildar Office, Ramayampet",RTI_telangana,Medak,Ramayampet
Telangana,"Tahsildar Office, Regode",RTI_telangana,Medak,Regode
Telangana,"Tahsildar Office, Sangem",RTI_telangana,Hanumakonda,Sangem
Telangana,"Tahsildar Office, Sarangapur",RTI_telangana,Nirmal,Sarangapur
Telangana,"Tahsildar Office, Saroornagar Mandal",RTI_telangana,Ranga Reddy,Saroornagar
Telangana,"Tahsildar Office, Seerole",RTI_telangana,Mahabubabad,Seerole
Telangana,"Tahsildar Office, Shabad Mandal",RTI_telangana,Ranga Reddy,Shabad
Telangana,"Tahsildar Office, Shadnagar",RTI_telangana,Ranga Reddy,Shadnagar
Telangana,"Tahsildar Office, Shankarampet-R",RTI_telangana,Medak,Shankarampet-R
Telangana,"Tahsildar Office, Shankarpaly",RTI_telangana,Ranga Reddy,Shankarpally
Telangana,"Tahsildar Office, Shivampet",RTI_telangana,Medak,Shivampet
Telangana,"Tahsildar Office, Siddipet (Urban)",RTI_telangana,Siddipet,Siddipet Urban
Telangana,"Tahsildar Office, Siddipet Rural",RTI_telangana,Siddipet,Siddipet Rural
Telangana,"Tahsildar Office, Soan",RTI_telangana,Nirmal,Soan
Telangana,"Tahsildar Office, Talakondapally Mandal",RTI_telangana,Ranga Reddy,Talakondapally
Telangana,"Tahsildar Office, Tandur",RTI_telangana,Vikarabad,Tandur
Telangana,"Tahsildar Office, Tanoor",RTI_telangana,Nirmal,Tanur
Telangana,"Tahsildar Office, Thoguta",RTI_telangana,Siddipet,Thoguta
Telangana,"Tahsildar Office, Toopran",RTI_telangana,Medak,Toopran
Telangana,"Tahsildar Office, Vikarabad",RTI_telangana,Vikarabad,Vikarabad
Telangana,"Tahsildar Office, Warangal",RTI_telangana,Hanumakonda,Warangal
Telangana,"Tahsildar Office, warangal",RTI_telangana,Hanumakonda,Warangal
Telangana,"Tahsildar Office, Wargal",RTI_telangana,Siddipet,Wargal
Telangana,"Tahsildar Office, Yacharam Mandal",RTI_telangana,Ranga Reddy,Yacharam
Telangana,"Tahsildar Office,Abdullapurmet Mandal",RTI_telangana,Rangareddy,Abdullapurmet
Telangana,"Tahsildar Office,Balapur Mandal",RTI_telangana,Rangareddy,Balapur
Telangana,"Tahsildar Office,Chegunta",RTI_telangana,Medak,Chegunta
Telangana,"Tahsildar Office,Chevella Division",RTI_telangana,Ranga Reddy,Chevella
Telangana,"Tahsildar Office,Chinnagudur",RTI_telangana,Mahabubabad,Chinnagudur
Telangana,"Tahsildar Office,Gangaram",RTI_telangana,Mahabubabad,Gangaram
Telangana,"Tahsildar Office,Gudur",RTI_telangana,Mahabubabad,Gudur
Telangana,"Tahsildar Office,Inugurthy",RTI_telangana,Mahabubabad,Inugurthy
Telangana,"Tahsildar Office,JAGTIAL",RTI_telangana,Jagtial,Jagtial
Telangana,"Tahsildar Office,Kandukur",RTI_telangana,Ranga Reddy,Kandukur
Telangana,"Tahsildar office,Kesamudram",RTI_telangana,Mahabubabad,Kesamudram
Telangana,"Tahsildar Office,Kothaguda",RTI_telangana,Mahabubabad,Kothaguda
Telangana,"Tahsildar Office,Kuravi",RTI_telangana,Mahabubabad,Kuravi
Telangana,"Tahsildar Office,Mahabubabad",RTI_telangana,Mahabubabad,Mahabubabad
Telangana,"Tahsildar Office,Maripeda",RTI_telangana,Mahabubabad,Maripeda
Telangana,"Tahsildar Office,Narsimhulapet",RTI_telangana,Mahabubabad,Narsimhulapet
Telangana,"Tahsildar Office,Nellikudur",RTI_telangana,Mahabubabad,Nellikudur
Telangana,"Tahsildar Office,Pedda Kodapgal",RTI_telangana,Kamareddy,Pedda Kodapgal
Telangana,"Tahsildar Office,Peddavangara",RTI_telangana,Mahabubabad,Peddavangara
Telangana,"Tahsildar Office,Raipole",RTI_telangana,Siddipet,Raipole
Telangana,"Tahsildar Office,Serilingampally Mandal",RTI_telangana,Rangareddy,Serilingampally
Telangana,"Tahsildar Office,Shamshabad",RTI_telangana,Rangareddy,Shamshabad
Telangana,"Tahsildar Office,Tekmal",RTI_telangana,Medak,Tekmal
Telangana,"Tahsildar Office,Thorrur",RTI_telangana,Mahabubabad,Thorrur
Telangana,"Tahsildar Office,Yalal",RTI_telangana,Vikarabad,Yalal
Telangana,Tahsildar Ramadugu,RTI_telangana,Karimnagar,Ramadugu
Telangana,Tahsildar Shankarapatnam,RTI_telangana,Karimnagar,Shankarapatnam
Telangana,Tahsildar Thimmapur,RTI_telangana,Karimnagar,Thimmapur
Telangana,"Tahsildar, Office,Garla",RTI_telangana,Mahabubabad,Garla
Telangana,"Tahsildar, Sathnala Mandal",RTI_telangana,Adilabad,Sathnala
Telangana,Tashildar korutla Office,RTI_telangana,Jagtial,Korutla
Telangana,Telanagana State Khadi & Village Industries Board,RTI_telangana,NA,NA
Telangana,"Telangan vaidya Vidhana parishad,Kothagudem",RTI_telangana,Bhadradri Kothagudem,NA
Telangana,"Telangana Fire Service Department, badrachalam",RTI_telangana,badrachalam,NA
Telangana,"Telangana Fire Service Department, badradri",RTI_telangana,badradri,NA
Telangana,"Telangana Fire Service Department, yellandu",RTI_telangana,yellandu,NA
Telangana,Telangana State AIDS Control Society,RTI_telangana,NA,NA
Telangana,Telangana State Election Commission,RTI_telangana,NA,NA
Telangana,Telangana State Electricity Regulatory Commission,RTI_telangana,NA,NA
Telangana,Telangana State Human Rights Commission,RTI_telangana,NA,NA
Telangana,Telangana State Information Commission,RTI_telangana,NA,NA
Telangana,Telangana State Mineral Development Corporation Khairthabad,RTI_telangana,NA,NA
Telangana,Telangana State Seed & Organic Certification Authority,RTI_telangana,NA,NA
Telangana,Telangana State Tourism Development Corporation Limited,RTI_telangana,NA,NA
Telangana,Telangana Vaidya vidhana parishad,RTI_telangana,NA,NA
Telangana,Telangana Vaidya Vidhana Parishad (Head Quarters Hospital)Mahabubnagar,RTI_telangana,Mahabubnagar,NA
Telangana,"Telangana Vaidya vidhana parishad ,yellandu",RTI_telangana,yellandu,NA
Telangana,Telangana Vaidya Vidhana Parishad(Area Hospital)Jadcherla,RTI_telangana,Jadcherla,NA
Telangana,"Telangana vaidya vidhana parishad, Mancherial",RTI_telangana,Mancherial,NA
Telangana,"Telangana Vaidya Vidhana Parishad,Aswaraopeta",RTI_telangana,Aswaraopeta,NA
Telangana,"Telangana Vaidya Vidhana Parishad,Bhadrachalam",RTI_telangana,Bhadrachalam,NA
Telangana,"Telangana Vaidya Vidhana Parishad,Burgampahad",RTI_telangana,Burgampahad,NA
Telangana,"Telangana Vaidya Vidhana Parishad,Manuguru",RTI_telangana,Manuguru,NA
Telangana,Telangana Vidya Vidhana Parishad(Community Health Centre )Balanagar,RTI_telangana,Balanagar,NA
Telangana,"TG Fire ServiceDept,DisasterResponse,Emergency&CivilDefence kothagudem",RTI_telangana,Bhadradri Kothagudem,NA
Telangana,TGNPDCL-Electricity,RTI_telangana,,
Telangana,"TGNPDCL-Electricity,Kothagudem",RTI_telangana,Bhadradri Kothagudem,NA
Telangana,"TGNPDCL-Electricity,Laxmidevipally",RTI_telangana,Laxmidevipally,NA
Telangana,"TGNPDCL-Electricity,Paloncha",RTI_telangana,Paloncha,NA
Telangana,"TGSRTC ,DM ACHAMPET",RTI_telangana,DM ACHAMPET,NA
Telangana,"TGSRTC ,DM ADILABAD",RTI_telangana,Adilabad,NA
Telangana,"TGSRTC ,DM ARMOOR",RTI_telangana,DM ARMOOR,NA
Telangana,"TGSRTC ,DM ASIFABAD",RTI_telangana,DM ASIFABAD,NA
Telangana,"TGSRTC ,DM BANDLAGUDA",RTI_telangana,DM BANDLAGUDA,NA
Telangana,"TGSRTC ,DM BHADRACHALAM",RTI_telangana,DM BHADRACHALAM,NA
Telangana,"TGSRTC ,DM BHAINSA",RTI_telangana,DM BHAINSA,NA
Telangana,"TGSRTC ,DM BHANSWADA",RTI_telangana,DM BHANSWADA,NA
Telangana,"TGSRTC ,DM Bharkathpura",RTI_telangana,DM Bharkathpura,NA
Telangana,"TGSRTC ,DM BHEL",RTI_telangana,DM BHEL,NA
Telangana,"TGSRTC ,DM BHODHAN",RTI_telangana,DM BHODHAN,NA
Telangana,"TGSRTC ,DM CONTONMENT",RTI_telangana,DM CONTONMENT,NA
Telangana,"TGSRTC ,DM DEVARAKONDA",RTI_telangana,DM DEVARAKONDA,NA
Telangana,"TGSRTC ,DM DILSUKHNAGAR",RTI_telangana,DM DILSUKHNAGAR,NA
Telangana,"TGSRTC ,DM Falaknuma",RTI_telangana,DM Falaknuma,NA
Telangana,"TGSRTC ,DM GADWAL",RTI_telangana,DM GADWAL,NA
Telangana,"TGSRTC ,DM GAJWEL(GPP)",RTI_telangana,DM GAJWEL(GPP),NA
Telangana,"TGSRTC ,DM GODAVARI KHANI,Peddapally",RTI_telangana,Peddapally,NA
Telangana,"TGSRTC ,DM H.C.U",RTI_telangana,DM H.C.U,NA
Telangana,"TGSRTC ,DM HAYATHNAGAR-I",RTI_telangana,DM HAYATHNAGAR-I,NA
Telangana,"TGSRTC ,DM HAYATHNAGAR-II",RTI_telangana,DM HAYATHNAGAR-II,NA
Telangana,"TGSRTC ,DM HUSNABAD,Siddipet",RTI_telangana,Siddipet,NA
Telangana,"TGSRTC ,DM HUZURABAD,Kareemnagar",RTI_telangana,Kareemnagar,NA
Telangana,"TGSRTC ,DM HYDERABAD-I",RTI_telangana,Hyderabad,NA
Telangana,"TGSRTC ,DM HYDERABAD-II",RTI_telangana,Hyderabad,NA
Telangana,"TGSRTC ,DM IBRAHIMPATNAM(BR)",RTI_telangana,DM IBRAHIMPATNAM(BR),NA
Telangana,"TGSRTC ,DM JAGITYAL",RTI_telangana,DM JAGITYAL,NA
Telangana,"TGSRTC ,DM JANAGAON",RTI_telangana,DM JANAGAON,NA
Telangana,"TGSRTC ,DM JEEDIMETLA",RTI_telangana,DM JEEDIMETLA,NA
Telangana,"TGSRTC ,DM KACHIGUDA",RTI_telangana,DM KACHIGUDA,NA
Telangana,"TGSRTC ,DM KALWAKURTY",RTI_telangana,DM KALWAKURTY,NA
Telangana,"TGSRTC ,DM KAMAREDDY",RTI_telangana,Kamareddy,NA
Telangana,"TGSRTC ,DM KARIMNAGAR-I",RTI_telangana,Karimnagar,NA
Telangana,"TGSRTC ,DM KARIMNAGAR-II",RTI_telangana,Karimnagar,NA
Telangana,"TGSRTC ,DM KHAMMAM",RTI_telangana,Khammam,NA
Telangana,"TGSRTC ,DM KODADA",RTI_telangana,DM KODADA,NA
Telangana,"TGSRTC ,DM KOLLAPUR",RTI_telangana,DM KOLLAPUR,NA
Telangana,"TGSRTC ,DM KORUTLA",RTI_telangana,DM KORUTLA,NA
Telangana,"TGSRTC ,DM KOTHAGUDEM",RTI_telangana,Bhadradri Kothagudem,NA
Telangana,"TGSRTC ,DM KUKATPALLY",RTI_telangana,DM KUKATPALLY,NA
Telangana,"TGSRTC ,DM KUSHAIGUDA",RTI_telangana,DM KUSHAIGUDA,NA
Telangana,"TGSRTC ,DM MADHIRA,Khammam",RTI_telangana,Khammam,NA
Telangana,"TGSRTC ,DM MAHABOOBABAD",RTI_telangana,DM MAHABOOBABAD,NA
Telangana,"TGSRTC ,DM MAHABOOBNAGAR",RTI_telangana,DM MAHABOOBNAGAR,NA
Telangana,"TGSRTC ,DM MAHESWARAM",RTI_telangana,DM MAHESWARAM,NA
Telangana,"TGSRTC ,DM MANCHERIAL",RTI_telangana,Mancherial,NA
Telangana,"TGSRTC ,DM MANTHANI,Peddapally",RTI_telangana,Peddapally,NA
Telangana,"TGSRTC ,DM MANUGURU,Kothagudem",RTI_telangana,Bhadradri Kothagudem,NA
Telangana,"TGSRTC ,DM MEDAK",RTI_telangana,Medak,NA
Telangana,"TGSRTC ,DM MEDCHAL",RTI_telangana,Medchal,NA
Telangana,"TGSRTC ,DM Mehdipatnam",RTI_telangana,DM Mehdipatnam,NA
Telangana,"TGSRTC ,DM METPALLY",RTI_telangana,DM METPALLY,NA
Telangana,"TGSRTC ,DM MIDHANI",RTI_telangana,DM MIDHANI,NA
Telangana,"TGSRTC ,DM MIRYALAGUDA",RTI_telangana,DM MIRYALAGUDA,NA
Telangana,"TGSRTC ,DM MIYAPUR-II",RTI_telangana,DM MIYAPUR-II,NA
Telangana,"TGSRTC ,DM Mushirabad-II",RTI_telangana,DM Mushirabad-II,NA
Telangana,"TGSRTC ,DM NAGARKURNOOL",RTI_telangana,Nagarkurnool,NA
Telangana,"TGSRTC ,DM NALGONDA",RTI_telangana,Nalgonda,NA
Telangana,"TGSRTC ,DM NARASAMPET",RTI_telangana,DM NARASAMPET,NA
Telangana,"TGSRTC ,DM NARAYANAPET",RTI_telangana,DM NARAYANAPET,NA
Telangana,"TGSRTC ,DM NARAYANKED",RTI_telangana,DM NARAYANKED,NA
Telangana,"TGSRTC ,DM NARKETPALLY",RTI_telangana,DM NARKETPALLY,NA
Telangana,"TGSRTC ,DM Nirmal",RTI_telangana,Nirmal,NA
Telangana,"TGSRTC ,DM NIZAMABAD-I",RTI_telangana,Nizamabad,NA
Telangana,"TGSRTC ,DM NIZAMABAD-II",RTI_telangana,Nizamabad,NA
Telangana,"TGSRTC ,DM PARAKAL",RTI_telangana,DM PARAKAL,NA
Telangana,"TGSRTC ,DM PICKET",RTI_telangana,DM PICKET,NA
Telangana,"TGSRTC ,DM RANIGUNJ-I",RTI_telangana,DM RANIGUNJ-I,NA
Telangana,"TGSRTC ,DM SANGAREDDY",RTI_telangana,Sangareddy,NA
Telangana,"TGSRTC ,DM SHADNAGAR",RTI_telangana,DM SHADNAGAR,NA
Telangana,"TGSRTC ,DM SIRICILLA",RTI_telangana,Rajanna Sircilla,NA
Telangana,"TGSRTC ,DM SURYAPET",RTI_telangana,Suryapet,NA
Telangana,"TGSRTC ,DM TANDUR",RTI_telangana,DM TANDUR,NA
Telangana,"TGSRTC ,DM TORRURU,Mahaboobabad",RTI_telangana,Mahaboobabad,NA
Telangana,"TGSRTC ,DM UPPAL",RTI_telangana,DM UPPAL,NA
Telangana,"TGSRTC ,DM VEMULAWADA",RTI_telangana,DM VEMULAWADA,NA
Telangana,"TGSRTC ,DM VIKARABAD",RTI_telangana,Vikarabad,NA
Telangana,"TGSRTC ,DM WANAPARTHY",RTI_telangana,Wanaparthy,NA
Telangana,"TGSRTC ,DM WARANGAL-I",RTI_telangana,Warangal,NA
Telangana,"TGSRTC ,DM WARANGAL-II",RTI_telangana,Warangal,NA
Telangana,"TGSRTC ,DM YADAGIRIGUTTA",RTI_telangana,DM YADAGIRIGUTTA,NA
Telangana,"TGSRTC ,DM ZAHEERABAD",RTI_telangana,DM ZAHEERABAD,NA
Telangana,"TGSRTC ,DMHyderabad",RTI_telangana,Hyderabad,NA
Telangana,"TGSRTC ,Karimnagar",RTI_telangana,Karimnagar,NA
Telangana,"TGSRTC ,Rangareddy",RTI_telangana,Ranga Reddy,NA
Telangana,"TGSRTC ,RM Medak",RTI_telangana,Medak,NA
Telangana,"TGSRTC ,RM Adilabad",RTI_telangana,Adilabad,NA
Telangana,"TGSRTC ,RM Karimnagar",RTI_telangana,Karimnagar,NA
Telangana,"TGSRTC ,RM Mahabubanagar",RTI_telangana,RM Mahabubanagar,NA
Telangana,"TGSRTC ,RM Nalgonda",RTI_telangana,Nalgonda,NA
Telangana,"TGSRTC ,RM Nizamabad",RTI_telangana,Nizamabad,NA
Telangana,"TGSRTC ,RM Office, JBS Secunderabad",RTI_telangana,JBS Secunderabad,NA
Telangana,"TGSRTC ,RM Rangareddy",RTI_telangana,Ranga Reddy,NA
Telangana,"TGSRTC ,SECUNDERABAD",RTI_telangana,SECUNDERABAD,NA
Telangana,TGSRTC DM MIYAPUR-i,RTI_telangana,,NA
Telangana,"TGSRTC DM SATHUPALLY,Khammam",RTI_telangana,Khammam,NA
Telangana,"TGSRTC DM,BHUPALAPALLI",RTI_telangana,BHUPALAPALLI,NA
Telangana,"TGSRTC RM,Hyderabad",RTI_telangana,Hyderabad,NA
Telangana,"TGSRTC, DM HANAMAKONDA",RTI_telangana,DM HANAMAKONDA,NA
Telangana,"TGSRTC, DM PARGI",RTI_telangana,DM PARGI,NA
Telangana,"TGSRTC, Kamareddy",RTI_telangana,Kamareddy,NA
Telangana,"TGSRTC, RM WARANGAL",RTI_telangana,Warangal,NA
Telangana,"TGSRTC,DM HAKIMPET",RTI_telangana,DM HAKIMPET,NA
Telangana,"TGSRTC,DM Rajendar nagar",RTI_telangana,DM Rajendar nagar,NA
Telangana,"TGSRTC,DM SIDHIPET",RTI_telangana,DM SIDHIPET,NA
Telangana,"TGSRTC,RM Khammam",RTI_telangana,Khammam,NA
Telangana,"TGTRANSCO, Mettugadda, Mahaboobnagar",RTI_telangana,Mahaboobnagar,NA
Telangana,"TGTRANSCO, Opp EFLU Osmania University, Hyderabad",RTI_telangana,Hyderabad,NA
Telangana,Tourism and Culture,RTI_telangana,,
Telangana,"TRANSPORT R&B DEPARTMENT,kothagudem",RTI_telangana,Bhadradri Kothagudem,NA
Telangana,"Transport R&B Department, Jayashankar Bhupalpally",RTI_telangana,Jayashankar Bhupalapally,NA
Telangana,"Transport R&B Department, Mahabubabad",RTI_telangana,Mahabubabad,NA
Telangana,"Transport R&B Department, Warangal",RTI_telangana,Warangal,NA
Telangana,"Transport R&B Department,Medchal",RTI_telangana,Medchal,NA
Telangana,"Transport R&B Department,Mulugu",RTI_telangana,Mulugu,NA
Telangana,"Transport R&B Department,Rangaraopally,Mulugu",RTI_telangana,Mulugu,NA
Telangana,"Transport R&B Development, Kamareddy",RTI_telangana,Kamareddy,NA
Telangana,"Transport R&B( National Highway)Department,Mulugu",RTI_telangana,Mulugu,NA
Telangana,"Transport Roads & Buildings Department, Jagtial",RTI_telangana,Jagtial,NA
Telangana,"Transport,R&B Dept(TELANGANA STATE ROAD TRANSPORT CORPORATION)khammam",RTI_telangana,Khammam,NA
Telangana,"Transport,R&B Circle Mahabubnagar",RTI_telangana,Mahabubnagar,NA
Telangana,"Transport,R&B Department, Jangaon",RTI_telangana,Jangaon,NA
Telangana,"Transport,R&B Department, Mancherial",RTI_telangana,Mancherial,NA
Telangana,"Transport,R&B Department, Medak",RTI_telangana,Medak,NA
Telangana,"Transport,Road&BuildingsDepartment,Rajanna Siricilla District",RTI_telangana,Rajanna Sircilla,NA
Telangana,"Transport,Roads and Buildings Department(Raparthi Nagar-2),Khammam",RTI_telangana,Khammam,NA
Telangana,"Transport,Roads and Buildings Department(South Buildings Division),Hyd",RTI_telangana,Hyd,NA
Telangana,"Transport,Roads and Buildings Department,Khammam",RTI_telangana,Khammam,NA
Telangana,"Transport,Roads and Buildings Dept ,Mancherial",RTI_telangana,Mancherial,NA
Telangana,"Transport,Roads& Buildings Department, Peddpalli",RTI_telangana,Peddapalli,NA
Telangana,"Transport,Roads& Buildings(D.T.O)Department, PEDDAPALLI",RTI_telangana,Peddapalli,NA
Telangana,"Transport,Roads& Buildings(UNIT OFFICE), RAMAGUNDAM, Peddapalli",RTI_telangana,Peddapalli,NA
Telangana,"Transport,Roads&Buildings Departmen(National Higways) ,kothagudem",RTI_telangana,Bhadradri Kothagudem,NA
Telangana,"Transport,Roads&Buildings Department,(R&B) Circle, Bhadradri",RTI_telangana,Bhadradri,NA
Telangana,"Transport,Roads&Buildings Department,(R&B) Division, Kothagudem",RTI_telangana,Bhadradri Kothagudem,NA
Telangana,"Transport,Roads&Buildings Department,Bhadrachalam",RTI_telangana,Bhadrachalam,NA
Telangana,"Transport,Roads&Buildings(Housing)(TG Rajiv Swagruha Corp Ltd),Hyd",RTI_telangana,Hyd,NA
Telangana,"Tribal Welfare (TGSWRS/JC) Department, Ramagundam, Peddapalli",RTI_telangana,Peddapalli,NA
Telangana,"Tribal Welfare (TGSWRS/JC) Department,,Darmaram, Peddapalli",RTI_telangana,Peddapalli,NA
Telangana,"Tribal Welfare Department, Hyderabad",RTI_telangana,Hyderabad,NA
Telangana,"Tribal Welfare Department, Jangaon",RTI_telangana,Jangaon,NA
Telangana,"Tribal Welfare Department, Mahabubnagar",RTI_telangana,Mahabubnagar,NA
Telangana,"Tribal Welfare Department,Badrachalam",RTI_telangana,Badrachalam,NA
Telangana,"Tribal Welfare Department,Ethurnagaram",RTI_telangana,Ethurnagaram,NA
Telangana,"Tribal Welfare Department,Hyderabad",RTI_telangana,Hyderabad,NA
Telangana,"Tribal Welfare Department,Khammam",RTI_telangana,Khammam,NA
Telangana,"Tribal Welfare Department,Medak",RTI_telangana,Medak,NA
Telangana,"Tribal Welfare Department,Mulugu",RTI_telangana,Mulugu,NA
Telangana,"Tribal Welfare Development, Kamareddy",RTI_telangana,Kamareddy,NA
Telangana,"Tribal Welfare Development, Mancherial",RTI_telangana,Mancherial,NA
Telangana,Tribal Welfare,RTI_telangana,NA,NA
Telangana,TS State Breweries Corporation,RTI_telangana,NA,NA
Telangana,TS State Electricity Board,RTI_telangana,NA,NA
Telangana,TS State Police Housing Corporation,RTI_telangana,NA,NA
Telangana,"TSRTC, Jangaon",RTI_telangana,Jangaon,NA
Telangana,"Veterinary and Animal Husbandry Depertment,Narayanpet",RTI_telangana,Narayanpet,NA
Telangana,"Veterinary and Animal HusbandryDepartment Indriyala,Pochampally",RTI_telangana,Pochampally,NA
Telangana,Veterinary and Animal HusbandryDepartment(Primary Veterinary Center) D,RTI_telangana,Yadadri Bhuvanagiri,Dattappaguda
Telangana,Veterinary and Animal HusbandryDepartment(Primary Veterinary Center) K,RTI_telangana,Yadadri Bhuvanagiri,Kattangur
Telangana,Veterinary and Animal HusbandryDepartment(Primary Veterinary Center) P,RTI_telangana,Yadadri Bhuvanagiri,Pochampally
Telangana,Veterinary and Animal HusbandryDepartment(Primary Veterinary Center) R,RTI_telangana,Yadadri Bhuvanagiri,Ramannapet or Rajapet
Telangana,Veterinary and Animal HusbandryDepartment(Primary Veterinary Center) S,RTI_telangana,Yadadri Bhuvanagiri,Sharajpet (Sharajpet/Sharajpet)
Telangana,Veterinary and Animal HusbandryDepartment(Primary Veterinary Center) V,RTI_telangana,Yadadri Bhuvanagiri,Valigonda
Telangana,Veterinary and Animal HusbandryDepartment(Primary Veterinary Center) W,RTI_telangana,Yadadri Bhuvanagiri,Wangapally area (uncertain)
Telangana,Veterinary and Animal HusbandryDepartment(Primary Veterinary Center)Ad,RTI_telangana,Yadadri Bhuvanagiri,Addagudur
Telangana,Veterinary and Animal HusbandryDepartment(Primary Veterinary Center)Gu,RTI_telangana,Yadadri Bhuvanagiri,Gundala
Telangana,Veterinary and Animal HusbandryDepartment(Primary Veterinary Center)Ku,RTI_telangana,Yadadri Bhuvanagiri,Motakondur / a K-starting area (uncertain)
Telangana,Veterinary and Animal HusbandryDepartment(Primary Veterinary Center)Ma,RTI_telangana,Yadadri Bhuvanagiri,Motakondur
Telangana,Veterinary and Animal HusbandryDepartment(Primary Veterinary Center)Pu,RTI_telangana,Yadadri Bhuvanagiri,Puttur / a P-starting area (uncertain)
Telangana,Veterinary and Animal HusbandryDepartment(Primary Veterinary Center)Ra,RTI_telangana,Yadadri Bhuvanagiri,Rajapet
Telangana,Veterinary and Animal HusbandryDepartment(Primary Veterinary Center)Th,RTI_telangana,Yadadri Bhuvanagiri,Thurkapally
Telangana,Veterinary and Animal HusbandryDepartment(Primary Veterinary Center)Ya,RTI_telangana,Yadadri Bhuvanagiri,Yadagirigutta
Telangana,"Veterinary and Animal HusbandryDepartment, Yadadri Bhuvanagiri",RTI_telangana,Yadadri Bhuvanagiri,NA
Telangana,"Veterinary and Animal HusbandryDepartment,Bhongiir",RTI_telangana,Bhongiir,NA
Telangana,Veterinary and Animal HusbandryDept(Area Veterinary Hospital) Mothkur,RTI_telangana,Mothkur,NA
Telangana,Veterinary and Animal HusbandryDept(AreaVeterinaryHospital )Ramannapet,RTI_telangana,Ramannapet,NA
Telangana,Veterinary and Animal HusbandryDept(Primary Veterinary Center) Raigiri,RTI_telangana,Raigiri,NA
Telangana,Veterinary and Animal HusbandryDept(Primary Veterinary Center)Alair,RTI_telangana,Alair,NA
Telangana,Veterinary and Animal HusbandryDept(Primary Veterinary Center)Jalalpur,RTI_telangana,Jalalpur,NA
Telangana,Veterinary and Animal HusbandryDept(Primary VeterinaryCenter)Bibinagar,RTI_telangana,Bibinagar,NA
Telangana,Veterinary and Animal HusbandryDept(PrimaryVeterinaryCenter) Kakkireni,RTI_telangana,Kakkireni,NA
Telangana,Veterinary and Animal HusbandryDept(PrimaryVeterinaryCenter)Choutuppal,RTI_telangana,Choutuppal,NA
Telangana,Veterinary and Animal HusbandryDept(PrimaryVeterinaryCenter)Narayanpur,RTI_telangana,Narayanpur,NA
Telangana,"Veterinary and Animal HusbandryDept(PrimaryVeterinaryCenter,Sharajpet)",RTI_telangana,Sharajpet),NA
Telangana,"Veterinary and Animal HusbandryDept,Juloor,Pochampally mandal",RTI_telangana,Pochampally mandal,NA
Telangana,"Veterinary and Animal HusbandryDept,Thummalguda,Ramannapet",RTI_telangana,Ramannapet,NA
Telangana,Veterinary and AnimalHusbandryDept(PrimaryVeterinaryCenter)Bollepalli,RTI_telangana,Bollepalli,NA
Telangana,Veterinary and AnimalHusbandryDept(PrimaryVeterinaryCenter)Peddakondur,RTI_telangana,Peddakondur,NA
Telangana,VeterinaryandAnimalHusbandryDept(PrimaryVeterinaryCenter)BommlaRamaram,RTI_telangana,BommlaRamaram,NA
Telangana,Weaker Section Housing Program,RTI_telangana,NA,NA
Telangana,Women Children Disabled & Senior Citizens Department(WCD&SC),RTI_telangana,NA,NA
Telangana,"Women Development & Child Welfare Department, Mulugu",RTI_telangana,Mulugu,NA
Telangana,"Women Development & child welfare Department,,Yellareddy",RTI_telangana,Yellareddy,NA
Telangana,"Women Development & child welfare Department,Banswada",RTI_telangana,Banswada,NA
Telangana,"Women Development & child welfare Department,Domakonda",RTI_telangana,Domakonda,NA
Telangana,"Women Development & child welfare Department,Kamareddy",RTI_telangana,Kamareddy,NA
Telangana,"Women Development & child welfare Department,Madnoor",RTI_telangana,Madnoor,NA
Telangana,"Women development and child welfare Department,palvancha",RTI_telangana,palvancha,NA
Telangana,"Women Development Child Welfare Department,Peddapalli",RTI_telangana,Peddapalli,NA
Telangana,"Women, Children Persons with Disabilities & Senior Citizens,Karimnagar",RTI_telangana,Karimnagar,NA
Telangana,"Women, children,Disabled&Senior citizen Depertment,Narayanpet",RTI_telangana,Narayanpet,NA
Telangana,"Youth Advancement Tourism&Culture Department,Hyderabad",RTI_telangana,Hyderabad,NA
Telangana,Youth Advancement&Tourism Department(Tourism Govt. of Telangana)Hyd,RTI_telangana,Hyd,NA
Telangana,"Youth Advancement,Tourism &Culture Department(Youth & Sports)Kamareddy",RTI_telangana,Kamareddy,NA
Telangana,"Youth Advancement,Tourism &Culture Department(Youth & Sports)Mulugu",RTI_telangana,Mulugu,NA
Telangana,"Youth Advancement,Tourism &Culture Department,Warangal",RTI_telangana,Warangal,NA
Telangana,"Youth Advancement,Tourism&Culture Department,YADADRI-BHUVANAGIRI",RTI_telangana,YADADRI-BHUVANAGIRI,NA
Telangana,"Zilla Praja Parishad, Jayashankar Bhupalpally",RTI_telangana,Jayashankar Bhupalapally,NA
