Department,District,Block
"Animal Husbadry & Veterinary Department(DVH), Nalgonda",Nalgonda,Nalgonda
"Animal Husbadry & Veterinary Department(ISDP),Nalgonda",Nalgonda,Nalgonda
"Animal Husbadry & Veterinary Department(PVC), Chendurthi",Chendurthi,Chendurthi
"Animal Husbadry & Veterinary Department(PVC), Hanmajipet",Hanmajipet,Hanmajipet
"Animal Husbadry & Veterinary Department(PVC), Mustabad",Mustabad,Mustabad
"Animal Husbadry & Veterinary Department(PVC), Vemulawada (U",Vemulawada (U,Vemulawada (U
Tahsildar Veenavanka,Karimnagar,Veenavanka
"Animal Husbadry & Veterinary Department(ADDL), Nalgonda",Nalgonda,NA
Animal Husbadry & Veterinary Department(AVH) Kollapoor,Kollapoor,NA
"Animal Husbadry & Veterinary Department(DV&AHO), Nagarkurnool",Nagarkurnool,NA
"Animal Husbadry & Veterinary Department(PVC) , Thangallapalli",Thangallapalli,NA
"Animal Husbadry & Veterinary Department(PVC), Amrabad",Amrabad,NA
"Animal Husbadry & Veterinary Department(PVC), Boinpalli",Boinpalli,NA
"Animal Husbadry & Veterinary Department(PVC), Cheerlavancha",Cheerlavancha,NA
"Animal Husbadry & Veterinary Department(PVC), Ellanthakunta",Ellanthakunta,NA
"Animal Husbadry & Veterinary Department(PVC), Galipalli",Galipalli,NA
"Animal Husbadry & Veterinary Department(PVC), Gambhiraopet",Gambhiraopet,NA
"Animal Husbadry & Veterinary Department(PVC), Gollapalli",Gollapalli,NA
"Animal Husbadry & Veterinary Department(PVC), Konaraopet",Konaraopet,NA
"Animal Husbadry & Veterinary Department(PVC), Lingal",Lingal,NA
"Animal Husbadry & Veterinary Department(PVC), Manala",Manala,NA
"Animal Husbadry & Veterinary Department(PVC), Nizamabad",Nizamabad,NA
"Animal Husbadry & Veterinary Department(PVC), Rudhrangi",Rudhrangi,NA
"Animal Husbadry & Veterinary Department(PVC), Uppununthala",Uppununthala,NA
"Animal Husbadry & Veterinary Department(PVC), Vilasagar",Vilasagar,NA
"Animal Husbadry & Veterinary Department(PVC), Yellareddypet",Yellareddypet,NA
Animal Husbandry & Veterinary Department(DVAHO) Mahabubnagar,Mahabubnagar,NA
Animal Husbandry & Veterinary Department(DVAHO)) Janagaon,) Janagaon,NA
"Animal Husbandry&Veterinary Department,Alwal",Alwal,NA
"Animal Husbandry&Veterinary Department,Balanagar",Balanagar,NA
"Animal Husbandry&Veterinary Department,Dabilpur",Dabilpur,NA
"Animal Husbandry&Veterinary Department,Devara Yamjal",Devara Yamjal,NA
"Animal Husbandry&Veterinary Department,Dundigal",Dundigal,NA
"Animal Husbandry&Veterinary Department,Ghatkesar",Ghatkesar,NA
"Animal Husbandry&Veterinary Department,Keesara",Keesara,NA
"Animal Husbandry&Veterinary Department,Kukatpally",Kukatpally,NA
"Animal Husbandry&Veterinary Department,Malkajgiri",Malkajgiri,NA
"Animal Husbandry&Veterinary Department,Medchal",Medchal,NA
"Animal Husbandry&Veterinary Department,Nagaram",Nagaram,NA
"Animal Husbandry&Veterinary Department,Pocharam",Pocharam,NA
"Animal Husbandry&Veterinary Department,Pudur",Pudur,NA
"Animal Husbandry&Veterinary Department,Quthbullapur",Quthbullapur,NA
"Animal Husbandry&Veterinary Department,Shamirpet",Shamirpet,NA
"Animal Husbandry&Veterinary Department,Uddemarry",Uddemarry,NA
"Animal Husbandry&Veterinary Department,Uppal",Uppal,NA
"Animal Husbandry&Veterinary Department,Uppal,M.C. Pally",M.C. Pally,NA
"BC Welfare Department,Mulugu",Mulugu,NA
Collectorate Mancherial,Mancherial,NA
"Cooperative Department,Jagtial",Jagtial,NA
"Drugs Control Administration, Siddipet",Siddipet,NA
"Educational Department,Narayanpet",Narayanpet,NA
"Ground Water Department, Suryapet",Suryapet,NA
"Ground Water Department, Vikarabad",Vikarabad,NA
"Ground Water Department, Yadadri Bhuvanagiri",Yadadri Bhuvanagiri,NA
"Ground Water Department, Adilabad",Adilabad,NA
"Ground Water Department, Hanamkonda",Hanamkonda,NA
"Ground Water Department, Hyderabad (Nampally)",Hyderabad,Nampally
"Ground Water Department, Jagitial District",Jagtial,NA
"Ground Water Department, Kamareddy District",Kamareddy,NA
"Ground Water Department, Karimnagar",Karimnagar,NA
"Ground Water Department, Komaram Bheem Asifabad",Komaram Bheem Asifabad,NA
"Ground Water Department, Mancherial",Mancherial,NA
"Ground Water Department, Medak District",Medak,NA
"Ground Water Department, Nagarkurnool District",Nagarkurnool,NA
"Ground Water Department, Nizamabad District",Nizamabad,NA
"Ground Water Department, Peddapalli District",Peddapalli,NA
"Ground Water Department, Rajanna Sircilla District",Rajanna Sircilla,NA
"Ground Water Department, Siddipet District",Siddipet,NA
"Ground Water Department, Wanaparthy",Wanaparthy,NA
"Ground Water Department, Warangal Rural District",Warangal,NA
Health Medical & Family Welfare Department(DM&HO) Narsampet,Narsampet,NA
Health Medical & Family Welfare Department(DM&HO) Wardhannapet,Wardhannapet,NA
Health Medical & Family Welfare Department(PHC) Chennaraopet,Chennaraopet,NA
Health Medical & Family Welfare Department(PHC) Medapally,Medapally,NA
Health Medical & Family Welfare Department(PHC) Nekkonda,Nekkonda,NA
Health Medical & Family Welfare Department(PHC) Paidipally,Paidipally,NA
Health Medical & Family Welfare Department(PHC) Parvathagiri,Parvathagiri,NA
"Health Medical & Family Welfare Department(PHC), Banojipet",Banojipet,NA
"Health Medical & Family Welfare Department(PHC), Geesugonda",Geesugonda,NA
"Health Medical & Family Welfare Department(PHC), Nallabelly",Nallabelly,NA
"Health Medical & Family Welfare Department(PHC), Sangem",Sangem,NA
"Health Medical & Family Welfare Department(PHC),Alankanipet",Alankanipet,NA
Health Medical & Family Welfare Department(PHC)Duggondi,Duggondi,NA
Health Medical & Family Welfare Department(PHC)Keshavapur,Keshavapur,NA
Health Medical & Family Welfare Department(PHC)Khanapur,Khanapur,NA
Health Medical & Family Welfare Department(PHC)Raiparthy,Raiparthy,NA
"Health Medical & Family Welfare (HM&FW),Koti ,Hyderabad",Hyderabad,NA
"Health,Medical and Family welfare Department,Palwancha",Palwancha,NA
"Health,Medical&Family welfare Department, Kamareddy",Kamareddy,NA
"Home Department(Addl DGP, CID),TG,Hyderabad",Hyderabad,NA
"Home Department(Anti-Narcotics Bureau),Hyderabd",Hyderabd,NA
"Industries &Commerce Department,Kazipet",Kazipet,NA
"Industries&Commerce Department, Kamareddy",Kamareddy,NA
"Industries&Commerce Department,Jagtial",Jagtial,NA
"Industries&Commerce Department,Medak",Medak,NA
Information Technology Electronics and Communications Department,NA,NA
Information Technology Electronics and Communications Department (IT),NA,NA
"Irrigation & CAD (IW&PW) Department, Division 4, Jangaon",Jangaon,Jangaon
"Irrigation & CAD(IW&PW) Department, Division No.3, K.C.Colony",Warangal,K.C.Colony
"Irrigation & CAD(IW&PW) Department, Division 5, Jangaon",Jangaon,NA
"Irrigation & CAD(IW&PW) Department, Division 6, Palakurthy",Palakurthy,NA
"Irrigation & CAD(IW&PW) Department, Division No.1, Parkal",Parkal,NA
"Irrigation & CAD(IW&PW) Department, Division No.2, Nakkalagutta",Nakkalagutta,NA
"Irrigation & CAD(IW&PW) Department, Division No.7, R.S.Ghanpur",R.S.Ghanpur,NA
"Irrigation & CAD(IW&PW) Department, Jangaon",Jangaon,NA
"Irrigation & CAD(IW&PW) Department, Irrigation Circle,Hanumakonda",Hanamkonda,NA
Media Academy of Telangana State,NA,NA
"Mines & Geology Department, Jayashankar Bhupalapally",Jayashankar Bhupalapally,Jayashankar Bhupalapally
"Minorities Welfare Department, Warangal",Warangal,NA
"Panchayat Raj&Rural Development, Jagitial",Jagtial,Jayashankar Bhupalapally
"Planning Department,Narayanpet",Narayanpet,NA
"Revenue Department,,Narayanpet",Narayanpet,Jayashankar Bhupalapally
"Revenue Dept,(Pentlavelly)Nagarkurnool",Nagarkurnool,NA
"S.C. Development Department,Kothagudem",Bhadradri Kothagudem,Jayashankar Bhupalapally
"Scheduled Castes Service (Coordn)Development Department,Kotagudem",Kotagudem,NA
"Tahsildar, Danthalapalli",Danthalapalli,Jayashankar Bhupalapally
Thasildar VSaidapoor,Karimnagar,Saidapur
"(R&B) NH Sub Division,Khammam",Khammam,Khammam
"(R&B) NH Sub Division,Kothagudem",Bhadradri Kothagudem,Kothagudem
"(R&B) NH Sub Division,Suryapet",Suryapet,Suryapet
Animal Husbadry & Veterinary Department((DV&AHO). Vikarabad,Vikarabad,. Vikarabad
"Animal Husbadry & Veterinary Departmentr,Warangal",Warangal,Warangal
Animal Husbandry & Veterinary Department(DVAHO).Mulugu,Mulugu,.Mulugu
"0/o Tahsildar, Chityal Mandal Jayashankar Bhupalpally District",Jayashankar Bhupalapally,Chityal Mandal Jayashankar Bhupalpally District
"Adult Education, lakdikapul Hyderabad",Hyderabad,lakdikapul Hyderabad
"Agricultural & Co-Opration Department,Nizamabad",Nizamabad,Nizamabad
"Agricultural &Cooperation Department(Agricultural Marketing),jangaon",Jangaon,jangaon
"Agricultural &Cooperation Department(MarkFed Office), Jangaon",Jangaon,Jangaon
Agriculture & Cooperation Department J Gadwal,NA,NA
"Agriculture & Cooperation Department, Ranga Reddy",Ranga Reddy,NA
"Agriculture & Cooperation Department, Alampur",Alampur,NA
"Agriculture & Cooperation Department, Gadwal",Gadwal,NA
"Agriculture & Cooperation Department,Hyderabad",Hyderabad,NA
"Agriculture & Co-operation Department,Hyderabad",Hyderabad,NA
"Agriculture &Cooperation Department,Kothagudem",Bhadradri Kothagudem,Kothagudem
"Agriculture &Cooperation Department,Laxmidevipally",Bhadradri Kothagudem,Laxmidevipally
"Agriculture &Cooperation Department,Medchal",Medchal-Malkajgiri,Medchal
Agriculture (SECT),NA,NA
Agriculture and cooperation Department(Horticulture and Sericulture),NA,NA
"Agriculture and Co-operation Department, Hyderabad",Hyderabad,NA
"Agriculture and co-operation department,Mahabubabad",Mahabubabad,NA
"Agriculture& Cooperation Department, Ghanpur (Stn)",Ghanpur (Stn),NA
"Agriculture& Cooperation Department, Bachannapet",Bachannapet,NA
"Agriculture& Cooperation Department, Devaruppula",Devaruppula,NA
"Agriculture& Cooperation Department, Jangaon",Jangaon,NA
"Agriculture& Cooperation Department, Kodakandla",Kodakandla,NA
"Agriculture& Cooperation Department, Lingala Ghanpur",Lingala Ghanpur,NA
"Agriculture& Cooperation Department, Palakurthy",Palakurthy,NA
"Agriculture& Cooperation Department, Raghunathpally",Raghunathpally,NA
"Agriculture& Cooperation Department, Tharigoppula",Tharigoppula,NA
"Agriculture& Cooperation Department, Wadlakonda Road",Wadlakonda Road,NA
"Agriculture& Cooperation Department, Wadlakonda Road,Jangaon",Jangaon,NA
"Agriculture& Cooperation Department, Zaffergadh",Zaffergadh,NA
"Agriculture& Cooperation Department,Chilpur",Chilpur,NA
"Agriculture& Cooperation Department,Ghanpur (Stn)",Ghanpur (Stn),NA
"Agriculture& Cooperation Department,Narmetta",Narmetta,NA
"Agriculture&Cooperatiion Department,Asifabad",Asifabad,NA
Agriculture&Cooperation ( AGRIL.MARKETING DEPARTMENT ) BHONGIR,BHONGIR,NA
"Agriculture&Cooperation (Horticulture )Department,Medak",Medak,NA
"Agriculture&Cooperation Department( Markiting),Narayanpet",Narayanpet,NA
"Agriculture&Cooperation Department(Agricultural Marketing ),Khammam",Khammam,NA
Agriculture&Cooperation Department(Markfed)Narayanpet,Narayanpet,NA
"Agriculture&Cooperation Department, ( R) Kodangal",( R) Kodangal,NA
"Agriculture&Cooperation Department, ( R) Tandur",( R) Tandur,NA
"Agriculture&Cooperation Department, ( R) Vikarabad",Vikarabad,NA
"Agriculture&Cooperation Department, Kamareddy",Kamareddy,NA
"Agriculture&Cooperation Department, Mahabubnagar",Mahabubnagar,NA
"Agriculture&Cooperation department, Makthal",Makthal,NA
"Agriculture&Cooperation Department, Mancherial",Mancherial,NA
"Agriculture&Cooperation department, Narayanpet",Narayanpet,NA
"Agriculture&Cooperation Department, Warangal",Warangal,NA
"Agriculture&Cooperation Department, Yadadri Bhuvanagir",Yadadri Bhuvanagir,NA
"Agriculture&Cooperation Department,Adilabad",Adilabad,NA
"Agriculture&Cooperation Department,Kamareddy",Kamareddy,NA
"Agriculture&Cooperation department,Kosgi",Kosgi,NA
"Agriculture&Cooperation Department,Mahabubnagar",Mahabubnagar,NA
"Agriculture&Cooperation Department,Medak",Medak,NA
"Agriculture&Cooperation Department,Mulugu",Mulugu,NA
"Agriculture&Cooperation Department,Nagarkurnool",Nagarkurnool,NA
"Agriculture&Cooperation Department,Nizamabad",Nizamabad,NA
"Agriculture&Cooperation Department,Vikarabad",Vikarabad,NA
Agriculture&Co-operationDept(ProfessorJayashankarTGAgroUniversity),NA,NA
"AGRIL. MARKET COMMITTEE, MOTHKUR",MOTHKUR,NA
"AGRIL.MARKET COMMITTEE VALIGONDA HQ, RAMANNAPET",RAMANNAPET,NA
"AGRIL.MARKET COMMITTEE, ALAIR,Yadadri",Yadadri,NA
"AGRIL.MARKET COMMITTEE,CHOTUPPAL",CHOTUPPAL,NA
"Animal Huasbandry&Fisheries Department,Kothagudem",Bhadradri Kothagudem,NA
Animal Husbadry & Veterinary Department,NA,NA
"Animal Husbadry & Veterinary Department((AVH), Peddapally",Peddapally,NA
Animal Husbadry & Veterinary Department((DV&AHO) Kothagudem,Bhadradri Kothagudem,NA
Animal Husbadry & Veterinary Department((DV&AHO) Medak,Medak,NA
Animal Husbadry & Veterinary Department((DV&AHO) Wanaparthy,Wanaparthy,NA
"Animal Husbadry & Veterinary Department((DV&AHO), Rajanna Sircilla",Rajanna Sircilla,NA
"Animal Husbadry & Veterinary Department((DV&AHO), Hanumakonda",Hanamkonda,NA
"Animal Husbadry & Veterinary Department((DV&AHO),KAMAREDDY",Kamareddy,NA
"Animal Husbadry & Veterinary Department((DV&AHO),Khammam",Khammam,NA
"Animal Husbadry & Veterinary Department((DV&AHO),Nirmal",Nirmal,NA
"Animal Husbadry & Veterinary Department((DV&AHO),Nizamabad",Nizamabad,NA
Animal Husbadry & Veterinary Department(A.V.H). Kodangl,. Kodangl,NA
Animal Husbadry & Veterinary Department(A.V.H). Marpally,. Marpally,NA
Animal Husbadry & Veterinary Department(A.V.H). Parigi,. Parigi,NA
Animal Husbadry & Veterinary Department(A.V.H). Vikarabad,Vikarabad,NA
Animal Husbadry & Veterinary Department(A.V.H).Thandur,.Thandur,NA
Animal Husbadry & Veterinary Department(ADDL) Adilabad,Adilabad,NA
Animal Husbadry & Veterinary Department(ADDL) Mahabubnagar,Mahabubnagar,NA
Animal Husbadry & Veterinary Department(ADDL) Sangareddy,Sangareddy,NA
"Animal Husbadry & Veterinary Department(ADDL), Hanumakonda",Hanamkonda,NA
"Animal Husbadry & Veterinary Department(ADDL), Karimnagar",Karimnagar,NA
"Animal Husbadry & Veterinary Department(ADDL),Nizamabad",Nizamabad,NA
"Animal Husbadry & Veterinary Department(AH, ISDP), Hanumakonda",Hanamkonda,NA
Animal Husbadry & Veterinary Department(AVH) Achampet,Achampet,NA
Animal Husbadry & Veterinary Department(AVH) Alampur,Alampur,NA
Animal Husbadry & Veterinary Department(AVH) Armoor,Armoor,NA
Animal Husbadry & Veterinary Department(AVH) Aswaraopeta,Aswaraopeta,NA
Animal Husbadry & Veterinary Department(AVH) Atmakur,Atmakur,NA
Animal Husbadry & Veterinary Department(AVH) Badepally,Badepally,NA
Animal Husbadry & Veterinary Department(AVH) Bhadrachalam,Bhadrachalam,NA
Animal Husbadry & Veterinary Department(AVH) Boath,Boath,NA
Animal Husbadry & Veterinary Department(AVH) Burgampahad,Burgampahad,NA
Animal Husbadry & Veterinary Department(AVH) Cherial,Cherial,NA
Animal Husbadry & Veterinary Department(AVH) Chevella,Chevella,NA
Animal Husbadry & Veterinary Department(AVH) Chityal,Chityal,NA
Animal Husbadry & Veterinary Department(AVH) Dubbak,Dubbak,NA
Animal Husbadry & Veterinary Department(AVH) Gadwal,Gadwal,NA
Animal Husbadry & Veterinary Department(AVH) Gajwel,Gajwel,NA
Animal Husbadry & Veterinary Department(AVH) Gudur,Gudur,NA
Animal Husbadry & Veterinary Department(AVH) Husnabad,Husnabad,NA
Animal Husbadry & Veterinary Department(AVH) Ibrahimpatnam,Ibrahimpatnam,NA
Animal Husbadry & Veterinary Department(AVH) Jagtial,Jagtial,NA
Animal Husbadry & Veterinary Department(AVH) Jogipet,Jogipet,NA
Animal Husbadry & Veterinary Department(AVH) Kalwakurthy,Kalwakurthy,NA
Animal Husbadry & Veterinary Department(AVH) Khanapur,Khanapur,NA
Animal Husbadry & Veterinary Department(AVH) KOTHAGUDEM,Bhadradri Kothagudem,NA
Animal Husbadry & Veterinary Department(AVH) Maheshwaram,Maheshwaram,NA
Animal Husbadry & Veterinary Department(AVH) Makthal,Makthal,NA
Animal Husbadry & Veterinary Department(AVH) Medak,Medak,NA
Animal Husbadry & Veterinary Department(AVH) Metpelly,Metpelly,NA
Animal Husbadry & Veterinary Department(AVH) Mulkanoor,Mulkanoor,NA
Animal Husbadry & Veterinary Department(AVH) Nagarkurnool,Nagarkurnool,NA
Animal Husbadry & Veterinary Department(AVH) Narayankhed,Narayankhed,NA
Animal Husbadry & Veterinary Department(AVH) Narsapur,Narsapur,NA
Animal Husbadry & Veterinary Department(AVH) Nirmal,Nirmal,NA
Animal Husbadry & Veterinary Department(AVH) Paloncha,Paloncha,NA
Animal Husbadry & Veterinary Department(AVH) Patancheru,Patancheru,NA
Animal Husbadry & Veterinary Department(AVH) Sadashivpet,Sadashivpet,NA
Animal Husbadry & Veterinary Department(AVH) Shadnagar,Shadnagar,NA
Animal Husbadry & Veterinary Department(AVH) Siddipet,Siddipet,NA
Animal Husbadry & Veterinary Department(AVH) Sircilla,Sircilla,NA
Animal Husbadry & Veterinary Department(AVH) Thungathurthy,Thungathurthy,NA
Animal Husbadry & Veterinary Department(AVH) Utnoor,Utnoor,NA
Animal Husbadry & Veterinary Department(AVH) Varni,Varni,NA
Animal Husbadry & Veterinary Department(AVH) Wanaparthy,Wanaparthy,NA
Animal Husbadry & Veterinary Department(AVH) YELLANDU,YELLANDU,NA
Animal Husbadry & Veterinary Department(AVH) Zaheerabad,Zaheerabad,NA
"Animal Husbadry & Veterinary Department(AVH), Bodhan",Bodhan,NA
"Animal Husbadry & Veterinary Department(AVH), Chandur",Chandur,NA
"Animal Husbadry & Veterinary Department(AVH), Chennur",Chennur,NA
"Animal Husbadry & Veterinary Department(AVH), Devarakonda",Devarakonda,NA
"Animal Husbadry & Veterinary Department(AVH), Godavarikhani",Godavarikhani,NA
"Animal Husbadry & Veterinary Department(AVH), Huzurabad",Huzurabad,NA
"Animal Husbadry & Veterinary Department(AVH), Huzurnagar",Huzurnagar,NA
"Animal Husbadry & Veterinary Department(AVH), Kodad",Kodad,NA
"Animal Husbadry & Veterinary Department(AVH), Luxettipet",Luxettipet,NA
"Animal Husbadry & Veterinary Department(AVH), Manthani",Manthani,NA
"Animal Husbadry & Veterinary Department(AVH), Miryalguda",Miryalguda,NA
"Animal Husbadry & Veterinary Department(AVH), Mudhole",Mudhole,NA
"Animal Husbadry & Veterinary Department(AVH), Nakreka",Nakreka,NA
"Animal Husbadry & Veterinary Department(AVH), Nereducherla",Nereducherla,NA
"Animal Husbadry & Veterinary Department(AVH), Nidmanoor",Nidmanoor,NA
"Animal Husbadry & Veterinary Department(AVH), Parkal",Parkal,NA
"Animal Husbadry & Veterinary Department(AVH), Pathergatti",Pathergatti,NA
"Animal Husbadry & Veterinary Department(AVH),Bheemgal",Bheemgal,NA
"Animal Husbadry & Veterinary Department(AVH),Madhira",Madhira,NA
"Animal Husbadry & Veterinary Department(AVH),MADNOOR",MADNOOR,NA
"Animal Husbadry & Veterinary Department(AVH),N.K.Palli",N.K.Palli,NA
"Animal Husbadry & Veterinary Department(AVH),Suryapet",Suryapet,NA
Animal Husbadry & Veterinary Department(AVH). Ghanpur(Stn,. Ghanpur(Stn,NA
Animal Husbadry & Veterinary Department(AVH). Mahabubabad,Mahabubabad,NA
Animal Husbadry & Veterinary Department(AVH). Maripeda,. Maripeda,NA
Animal Husbadry & Veterinary Department(AVH).BANSWADA,.BANSWADA,NA
Animal Husbadry & Veterinary Department(AVH).BICHKUNDA,.BICHKUNDA,NA
Animal Husbadry & Veterinary Department(AVH).DOMAKONDA,.DOMAKONDA,NA
Animal Husbadry & Veterinary Department(AVH).Eturunagaram,.Eturunagaram,NA
Animal Husbadry & Veterinary Department(AVH).Jangaon,Jangaon,NA
Animal Husbadry & Veterinary Department(AVH).KAMAREDDY,Kamareddy,NA
Animal Husbadry & Veterinary Department(AVH).Kodakandla,.Kodakandla,NA
Animal Husbadry & Veterinary Department(AVH).Muluggu,.Muluggu,NA
Animal Husbadry & Veterinary Department(AVH).Narsampet,.Narsampet,NA
Animal Husbadry & Veterinary Department(AVH).Sathupalli,.Sathupalli,NA
Animal Husbadry & Veterinary Department(AVH).Thimmampet,.Thimmampet,NA
Animal Husbadry & Veterinary Department(AVH).Venkatapuram,.Venkatapuram,NA
Animal Husbadry & Veterinary Department(AVH).Wardhannapet,.Wardhannapet,NA
Animal Husbadry & Veterinary Department(AVH).YELLAREDDY,.YELLAREDDY,NA
Animal Husbadry & Veterinary Department(AVH)Asifabad,Asifabad,NA
Animal Husbadry & Veterinary Department(AVH)Wankidi,Wankidi,NA
Animal Husbadry & Veterinary Department(DCBF) Godgarpally,Godgarpally,NA
Animal Husbadry & Veterinary Department(DV&AHO) Mahabubabad,Mahabubabad,NA
"Animal Husbadry & Veterinary Department(DV&AHO), Peddapally",Peddapally,NA
Animal Husbadry & Veterinary Department(DVH) Adilabad,Adilabad,NA
Animal Husbadry & Veterinary Department(DVH) Mahabubnagar,Mahabubnagar,NA
Animal Husbadry & Veterinary Department(DVH) Sangareddy,Sangareddy,NA
"Animal Husbadry & Veterinary Department(DVH), Karimnagar",Karimnagar,NA
"Animal Husbadry & Veterinary Department(DVH), Nizamabad",Nizamabad,NA
"Animal Husbadry & Veterinary Department(DVH),Khammam",Khammam,NA
Animal Husbadry & Veterinary Department(ISDP) Mahabubnagar,Mahabubnagar,NA
Animal Husbadry & Veterinary Department(ISDP) Sangareddy,Sangareddy,NA
"Animal Husbadry & Veterinary Department(PVC) ,choppadandi",choppadandi,NA
Animal Husbadry & Veterinary Department(PVC) Abdullapurmet,Abdullapurmet,NA
Animal Husbadry & Veterinary Department(PVC) Addakal,Addakal,NA
Animal Husbadry & Veterinary Department(PVC) AIZA,AIZA,NA
Animal Husbadry & Veterinary Department(PVC) Akunoor,Akunoor,NA
Animal Husbadry & Veterinary Department(PVC) Akupamula,Akupamula,NA
Animal Husbadry & Veterinary Department(PVC) Alladurg,Alladurg,NA
Animal Husbadry & Veterinary Department(PVC) Allipur,Allipur,NA
Animal Husbadry & Veterinary Department(PVC) Aloor,Aloor,NA
Animal Husbadry & Veterinary Department(PVC) ALOOR,ALOOR,NA
Animal Husbadry & Veterinary Department(PVC) Amangal,Amangal,NA
Animal Husbadry & Veterinary Department(PVC) Amarchintha,Amarchintha,NA
Animal Husbadry & Veterinary Department(PVC) Ambaripet,Ambaripet,NA
Animal Husbadry & Veterinary Department(PVC) Amdapur,Amdapur,NA
Animal Husbadry & Veterinary Department(PVC) Anajipur,Anajipur,NA
Animal Husbadry & Veterinary Department(PVC) ANANTHAPURAM,ANANTHAPURAM,NA
Animal Husbadry & Veterinary Department(PVC) Ankilla,Ankilla,NA
Animal Husbadry & Veterinary Department(PVC) Apparala,Apparala,NA
Animal Husbadry & Veterinary Department(PVC) Argul,Argul,NA
Animal Husbadry & Veterinary Department(PVC) Arnakonda,Arnakonda,NA
Animal Husbadry & Veterinary Department(PVC) Arutla,Arutla,NA
Animal Husbadry & Veterinary Department(PVC) Aswapuram,Aswapuram,NA
Animal Husbadry & Veterinary Department(PVC) Athmakur,Athmakur,NA
Animal Husbadry & Veterinary Department(PVC) ATHMAKUR (S,ATHMAKUR (S,NA
Animal Husbadry & Veterinary Department(PVC) Atmakur,Atmakur,NA
Animal Husbadry & Veterinary Department(PVC) Azamnagar,Azamnagar,NA
Animal Husbadry & Veterinary Department(PVC) B.D.Pally,B.D.Pally,NA
Animal Husbadry & Veterinary Department(PVC) Bairanpally,Bairanpally,NA
Animal Husbadry & Veterinary Department(PVC) Balanagar,Balanagar,NA
Animal Husbadry & Veterinary Department(PVC) Balapala,Balapala,NA
Animal Husbadry & Veterinary Department(PVC) Balemla,Balemla,NA
Animal Husbadry & Veterinary Department(PVC) Balsurkonda,Balsurkonda,NA
Animal Husbadry & Veterinary Department(PVC) Bandameedipally,Bandameedipally,NA
Animal Husbadry & Veterinary Department(PVC) Bantaram,Bantaram,NA
Animal Husbadry & Veterinary Department(PVC) Basar,Basar,NA
Animal Husbadry & Veterinary Department(PVC) Bayyaram,Bayyaram,NA
Animal Husbadry & Veterinary Department(PVC) Bazarhathnoor,Bazarhathnoor,NA
Animal Husbadry & Veterinary Department(PVC) Beernandi,Beernandi,NA
Animal Husbadry & Veterinary Department(PVC) Bejjanki,Bejjanki,NA
Animal Husbadry & Veterinary Department(PVC) Bejjur,Bejjur,NA
Animal Husbadry & Veterinary Department(PVC) Bela,Bela,NA
Animal Husbadry & Veterinary Department(PVC) Bellampally,Bellampally,NA
Animal Husbadry & Veterinary Department(PVC) Bhainsa,Bhainsa,NA
Animal Husbadry & Veterinary Department(PVC) Bhanoor,Bhanoor,NA
Animal Husbadry & Veterinary Department(PVC) Bhoompally,Bhoompally,NA
Animal Husbadry & Veterinary Department(PVC) Bhoothpur,Bhoothpur,NA
Animal Husbadry & Veterinary Department(PVC) Bhosi,Bhosi,NA
Animal Husbadry & Veterinary Department(PVC) Bhupalpally,Jayashankar Bhupalapally,NA
Animal Husbadry & Veterinary Department(PVC) Bodu,Bodu,NA
Animal Husbadry & Veterinary Department(PVC) Bommaraspet,Bommaraspet,NA
Animal Husbadry & Veterinary Department(PVC) Borancha,Borancha,NA
Animal Husbadry & Veterinary Department(PVC) Bowenpally,Bowenpally,NA
Animal Husbadry & Veterinary Department(PVC) Buneedu,Buneedu,NA
Animal Husbadry & Veterinary Department(PVC) CC Kunta,CC Kunta,NA
Animal Husbadry & Veterinary Department(PVC) Chalki,Chalki,NA
Animal Husbadry & Veterinary Department(PVC) Challagarige,Challagarige,NA
Animal Husbadry & Veterinary Department(PVC) Challasamudram,Challasamudram,NA
Animal Husbadry & Veterinary Department(PVC) Chandrugonda,Chandrugonda,NA
Animal Husbadry & Veterinary Department(PVC) Chegunta,Chegunta,NA
Animal Husbadry & Veterinary Department(PVC) Chelpur,Chelpur,NA
Animal Husbadry & Veterinary Department(PVC) Chengole,Chengole,NA
Animal Husbadry & Veterinary Department(PVC) Chepyal,Chepyal,NA
Animal Husbadry & Veterinary Department(PVC) Chilkur,Chilkur,NA
Animal Husbadry & Veterinary Department(PVC) Chinagunta Pally,Chinagunta Pally,NA
Animal Husbadry & Veterinary Department(PVC) ChincholiM,ChincholiM,NA
Animal Husbadry & Veterinary Department(PVC) Chinna Kodur,Chinna Kodur,NA
Animal Husbadry & Veterinary Department(PVC) Chinnaporla,Chinnaporla,NA
Animal Husbadry & Veterinary Department(PVC) Chintamadaka,Chintamadaka,NA
Animal Husbadry & Veterinary Department(PVC) Chiragpally,Chiragpally,NA
Animal Husbadry & Veterinary Department(PVC) CHIRRAKUNTA,CHIRRAKUNTA,NA
Animal Husbadry & Veterinary Department(PVC) Chitkul,Chitkul,NA
Animal Husbadry & Veterinary Department(PVC) Chittapur,Chittapur,NA
Animal Husbadry & Veterinary Department(PVC) Chityal,Chityal,NA
Animal Husbadry & Veterinary Department(PVC) Choutapally,Choutapally,NA
Animal Husbadry & Veterinary Department(PVC) Choutkur,Choutkur,NA
Animal Husbadry & Veterinary Department(PVC) Chowdariguda,Chowdariguda,NA
Animal Husbadry & Veterinary Department(PVC) Chowlamaddi,Chowlamaddi,NA
Animal Husbadry & Veterinary Department(PVC) Dabba,Dabba,NA
Animal Husbadry & Veterinary Department(PVC) Dahegaon,Dahegaon,NA
Animal Husbadry & Veterinary Department(PVC) Damargidda,Damargidda,NA
Animal Husbadry & Veterinary Department(PVC) Dammapeta,Dammapeta,NA
Animal Husbadry & Veterinary Department(PVC) Devarkadra,Devarkadra,NA
Animal Husbadry & Veterinary Department(PVC) Devnoor,Devnoor,NA
Animal Husbadry & Veterinary Department(PVC) Dhanwada,Dhanwada,NA
Animal Husbadry & Veterinary Department(PVC) Dharmapuri,Dharmapuri,NA
Animal Husbadry & Veterinary Department(PVC) DHARMAVARAM,DHARMAVARAM,NA
Animal Husbadry & Veterinary Department(PVC) DHAROOR,DHAROOR,NA
Animal Husbadry & Veterinary Department(PVC) Dharoor,Dharoor,NA
Animal Husbadry & Veterinary Department(PVC) Digwal,Digwal,NA
Animal Husbadry & Veterinary Department(PVC) Dilawarpur,Dilawarpur,NA
Animal Husbadry & Veterinary Department(PVC) Doma,Doma,NA
Animal Husbadry & Veterinary Department(PVC) Dondapahad,Dondapahad,NA
Animal Husbadry & Veterinary Department(PVC) Doswada,Doswada,NA
Animal Husbadry & Veterinary Department(PVC) Doultabad,Doultabad,NA
Animal Husbadry & Veterinary Department(PVC) Doulthabad,Doulthabad,NA
Animal Husbadry & Veterinary Department(PVC) DT Pally,DT Pally,NA
Animal Husbadry & Veterinary Department(PVC) Dubbacharla,Dubbacharla,NA
Animal Husbadry & Veterinary Department(PVC) Duddeda,Duddeda,NA
Animal Husbadry & Veterinary Department(PVC) Dummugudem,Dummugudem,NA
Animal Husbadry & Veterinary Department(PVC) Echoda,Echoda,NA
Animal Husbadry & Veterinary Department(PVC) Edbid,Edbid,NA
Animal Husbadry & Veterinary Department(PVC) Edula,Edula,NA
Animal Husbadry & Veterinary Department(PVC) Elegaon,Elegaon,NA
Animal Husbadry & Veterinary Department(PVC) Eliminedu,Eliminedu,NA
Animal Husbadry & Veterinary Department(PVC) Elkathurthy,Elkathurthy,NA
Animal Husbadry & Veterinary Department(PVC) Ensanpally,Ensanpally,NA
Animal Husbadry & Veterinary Department(PVC) Gajulapet,Gajulapet,NA
Animal Husbadry & Veterinary Department(PVC) Gandeed,Gandeed,NA
Animal Husbadry & Veterinary Department(PVC) Gangadhara,Gangadhara,NA
Animal Husbadry & Veterinary Department(PVC) Garidepally,Garidepally,NA
Animal Husbadry & Veterinary Department(PVC) Garshakurthy,Garshakurthy,NA
Animal Husbadry & Veterinary Department(PVC) Gattulppala Pally,Gattulppala Pally,NA
Animal Husbadry & Veterinary Department(PVC) Ghanpur,Ghanpur,NA
Animal Husbadry & Veterinary Department(PVC) GHATTU,GHATTU,NA
Animal Husbadry & Veterinary Department(PVC) Gimma,Gimma,NA
Animal Husbadry & Veterinary Department(PVC) GINNEDHARI,GINNEDHARI,NA
Animal Husbadry & Veterinary Department(PVC) Godhur,Godhur,NA
Animal Husbadry & Veterinary Department(PVC) Gokafaslwada,Gokafaslwada,NA
Animal Husbadry & Veterinary Department(PVC) Gollapally,Gollapally,NA
Animal Husbadry & Veterinary Department(PVC) Gomaram,Gomaram,NA
Animal Husbadry & Veterinary Department(PVC) Gongloor,Gongloor,NA
Animal Husbadry & Veterinary Department(PVC) Gopalpet,Gopalpet,NA
Animal Husbadry & Veterinary Department(PVC) Gopalpur,Gopalpur,NA
Animal Husbadry & Veterinary Department(PVC) Gorentla,Gorentla,NA
Animal Husbadry & Veterinary Department(PVC) Gottigakurd,Gottigakurd,NA
Animal Husbadry & Veterinary Department(PVC) Gudihathnoor,Gudihathnoor,NA
Animal Husbadry & Veterinary Department(PVC) Gummadidala,Gummadidala,NA
Animal Husbadry & Veterinary Department(PVC) Gundala,Gundala,NA
Animal Husbadry & Veterinary Department(PVC) Gundampally,Gundampally,NA
Animal Husbadry & Veterinary Department(PVC) Hathnoora,Hathnoora,NA
Animal Husbadry & Veterinary Department(PVC) Haveli Ganpur,Haveli Ganpur,NA
Animal Husbadry & Veterinary Department(PVC) Hayathnagar,Hayathnagar,NA
Animal Husbadry & Veterinary Department(PVC) Hindhupur,Hindhupur,NA
Animal Husbadry & Veterinary Department(PVC) Hunwada,Hunwada,NA
Animal Husbadry & Veterinary Department(PVC) Husnabad,Husnabad,NA
Animal Husbadry & Veterinary Department(PVC) Hyderguda,Hyderguda,NA
Animal Husbadry & Veterinary Department(PVC) Ibrahimpatnam,Ibrahimpatnam,NA
Animal Husbadry & Veterinary Department(PVC) Indervelly,Indervelly,NA
Animal Husbadry & Veterinary Department(PVC) Indhani,Indhani,NA
Animal Husbadry & Veterinary Department(PVC) Indurthi,Indurthi,NA
Animal Husbadry & Veterinary Department(PVC) Irvin,Irvin,NA
Animal Husbadry & Veterinary Department(PVC) Ismailkhanpet,Ismailkhanpet,NA
Animal Husbadry & Veterinary Department(PVC) ITIKYALA,ITIKYALA,NA
Animal Husbadry & Veterinary Department(PVC) Itkepally,Itkepally,NA
Animal Husbadry & Veterinary Department(PVC) ITYAL,ITYAL,NA
Animal Husbadry & Veterinary Department(PVC) Jagdevpur,Jagdevpur,NA
Animal Husbadry & Veterinary Department(PVC) Jainath,Jainath,NA
Animal Husbadry & Veterinary Department(PVC) Jaklair,Jaklair,NA
Animal Husbadry & Veterinary Department(PVC) JALLAPUR,JALLAPUR,NA
Animal Husbadry & Veterinary Department(PVC) Jankapur,Jankapur,NA
Animal Husbadry & Veterinary Department(PVC) Jannaram,Jannaram,NA
Animal Husbadry & Veterinary Department(PVC) Janpahad,Janpahad,NA
Animal Husbadry & Veterinary Department(PVC) Jeerlapally,Jeerlapally,NA
Animal Husbadry & Veterinary Department(PVC) Jherasangam,Jherasangam,NA
Animal Husbadry & Veterinary Department(PVC) Jinnaram,Jinnaram,NA
Animal Husbadry & Veterinary Department(PVC) julurupadu,julurupadu,NA
Animal Husbadry & Veterinary Department(PVC) Kadthal,Kadthal,NA
Animal Husbadry & Veterinary Department(PVC) Kagazmadnur,Kagazmadnur,NA
Animal Husbadry & Veterinary Department(PVC) KAGHAZNAGAR,KAGHAZNAGAR,NA
Animal Husbadry & Veterinary Department(PVC) KAKARLA,KAKARLA,NA
Animal Husbadry & Veterinary Department(PVC) Kaleshwaram,Kaleshwaram,NA
Animal Husbadry & Veterinary Department(PVC) Kalhair,Kalhair,NA
Animal Husbadry & Veterinary Department(PVC) Kalkoda,Kalkoda,NA
Animal Husbadry & Veterinary Department(PVC) Kalleda,Kalleda,NA
Animal Husbadry & Veterinary Department(PVC) Kallur,Kallur,NA
Animal Husbadry & Veterinary Department(PVC) KALMALCHERUVU,KALMALCHERUVU,NA
Animal Husbadry & Veterinary Department(PVC) Kalwarala,Kalwarala,NA
Animal Husbadry & Veterinary Department(PVC) Kamalapur,Kamalapur,NA
Animal Husbadry & Veterinary Department(PVC) Kandoor,Kandoor,NA
Animal Husbadry & Veterinary Department(PVC) Kandukur,Kandukur,NA
Animal Husbadry & Veterinary Department(PVC) Kangti,Kangti,NA
Animal Husbadry & Veterinary Department(PVC) Kankal,Kankal,NA
Animal Husbadry & Veterinary Department(PVC) Kankamamidi,Kankamamidi,NA
Animal Husbadry & Veterinary Department(PVC) Kankapur,Kankapur,NA
Animal Husbadry & Veterinary Department(PVC) Kapugallu,Kapugallu,NA
Animal Husbadry & Veterinary Department(PVC) Karakagudem,Karakagudem,NA
Animal Husbadry & Veterinary Department(PVC) Karanji T,Karanji T,NA
Animal Husbadry & Veterinary Department(PVC) Karasgutti,Karasgutti,NA
Animal Husbadry & Veterinary Department(PVC) Karni,Karni,NA
Animal Husbadry & Veterinary Department(PVC) Kataram,Kataram,NA
Animal Husbadry & Veterinary Department(PVC) Kathalapur,Kathalapur,NA
Animal Husbadry & Veterinary Department(PVC) Kattakommugudem,Kattakommugudem,NA
Animal Husbadry & Veterinary Department(PVC) Kawarampet,Kawarampet,NA
Animal Husbadry & Veterinary Department(PVC) Kerameri,Kerameri,NA
Animal Husbadry & Veterinary Department(PVC) Keshampet,Keshampet,NA
Animal Husbadry & Veterinary Department(PVC) KESHAVAPATNAM,KESHAVAPATNAM,NA
Animal Husbadry & Veterinary Department(PVC) Keshavapur,Keshavapur,NA
Animal Husbadry & Veterinary Department(PVC) Khillaghanapur,Khillaghanapur,NA
Animal Husbadry & Veterinary Department(PVC) Kishanagar,Kishanagar,NA
Animal Husbadry & Veterinary Department(PVC) Kistapur,Kistapur,NA
Animal Husbadry & Veterinary Department(PVC) Kistareddypet,Kistareddypet,NA
Animal Husbadry & Veterinary Department(PVC) Kodapak,Kodapak,NA
Animal Husbadry & Veterinary Department(PVC) Kodgal,Kodgal,NA
Animal Husbadry & Veterinary Department(PVC) Kodimial,Kodimial,NA
Animal Husbadry & Veterinary Department(PVC) Koheda,Koheda,NA
Animal Husbadry & Veterinary Department(PVC) Koheer,Koheer,NA
Animal Husbadry & Veterinary Department(PVC) Koilkonda,Koilkonda,NA
Animal Husbadry & Veterinary Department(PVC) Kollur,Kollur,NA
Animal Husbadry & Veterinary Department(PVC) Kollure,Kollure,NA
Animal Husbadry & Veterinary Department(PVC) Komararam,Komararam,NA
Animal Husbadry & Veterinary Department(PVC) Kondapak,Kondapak,NA
Animal Husbadry & Veterinary Department(PVC) Kondapur,Kondapur,NA
Animal Husbadry & Veterinary Department(PVC) Kondurg,Kondurg,NA
Animal Husbadry & Veterinary Department(PVC) Kongarakalan,Kongarakalan,NA
Animal Husbadry & Veterinary Department(PVC) Koritikal,Koritikal,NA
Animal Husbadry & Veterinary Department(PVC) Korutla,Korutla,NA
Animal Husbadry & Veterinary Department(PVC) Kosgi,Kosgi,NA
Animal Husbadry & Veterinary Department(PVC) KOTAPAHAD,KOTAPAHAD,NA
Animal Husbadry & Veterinary Department(PVC) Kothagadi,Kothagadi,NA
Animal Husbadry & Veterinary Department(PVC) Kothaguda,Kothaguda,NA
Animal Husbadry & Veterinary Department(PVC) Kothakota,Kothakota,NA
Animal Husbadry & Veterinary Department(PVC) Kothamolgara,Kothamolgara,NA
Animal Husbadry & Veterinary Department(PVC) Kothapet,Kothapet,NA
Animal Husbadry & Veterinary Department(PVC) Kothur,Kothur,NA
Animal Husbadry & Veterinary Department(PVC) Kouthala,Kouthala,NA
Animal Husbadry & Veterinary Department(PVC) Kowdipally,Kowdipally,NA
Animal Husbadry & Veterinary Department(PVC) Kubeer,Kubeer,NA
Animal Husbadry & Veterinary Department(PVC) KUDAKUDA,KUDAKUDA,NA
Animal Husbadry & Veterinary Department(PVC) Kulcharam,Kulcharam,NA
Animal Husbadry & Veterinary Department(PVC) Kulkacherla,Kulkacherla,NA
Animal Husbadry & Veterinary Department(PVC) Kuntala,Kuntala,NA
Animal Husbadry & Veterinary Department(PVC) Kyathoor,Kyathoor,NA
Animal Husbadry & Veterinary Department(PVC) Langer House,Langer House,NA
Animal Husbadry & Veterinary Department(PVC) Laxmanchanda,Laxmanchanda,NA
Animal Husbadry & Veterinary Department(PVC) Lemoor,Lemoor,NA
Animal Husbadry & Veterinary Department(PVC) Lingagiri,Lingagiri,NA
Animal Husbadry & Veterinary Department(PVC) Lokeshwaram,Lokeshwaram,NA
Animal Husbadry & Veterinary Department(PVC) Machavaram,Machavaram,NA
Animal Husbadry & Veterinary Department(PVC) Maddur,Maddur,NA
Animal Husbadry & Veterinary Department(PVC) Madhapur,Madhapur,NA
Animal Husbadry & Veterinary Department(PVC) Madoor,Madoor,NA
Animal Husbadry & Veterinary Department(PVC) Maganoor,Maganoor,NA
Animal Husbadry & Veterinary Department(PVC) Mahabubnagar,Mahabubnagar,NA
Animal Husbadry & Veterinary Department(PVC) Mahadevpur,Mahadevpur,NA
Animal Husbadry & Veterinary Department(PVC) Mahammadabad,Mahammadabad,NA
Animal Husbadry & Veterinary Department(PVC) Mahamutharam,Mahamutharam,NA
Animal Husbadry & Veterinary Department(PVC) Maharajpet,Maharajpet,NA
Animal Husbadry & Veterinary Department(PVC) Malakpet,Malakpet,NA
Animal Husbadry & Veterinary Department(PVC) MALDAKAL,MALDAKAL,NA
Animal Husbadry & Veterinary Department(PVC) Malial,Malial,NA
Animal Husbadry & Veterinary Department(PVC) Malkapur,Malkapur,NA
Animal Husbadry & Veterinary Department(PVC) Mallampally,Mallampally,NA
Animal Husbadry & Veterinary Department(PVC) Mallapur,Mallapur,NA
Animal Husbadry & Veterinary Department(PVC) Mamidalapalli,Mamidalapalli,NA
Animal Husbadry & Veterinary Department(PVC) manakondur,manakondur,NA
Animal Husbadry & Veterinary Department(PVC) Manchal,Manchal,NA
Animal Husbadry & Veterinary Department(PVC) MANDODDI,MANDODDI,NA
Animal Husbadry & Veterinary Department(PVC) Manikyapur,Manikyapur,NA
Animal Husbadry & Veterinary Department(PVC) Manjulapur,Manjulapur,NA
Animal Husbadry & Veterinary Department(PVC) Mannegudem,Mannegudem,NA
Animal Husbadry & Veterinary Department(PVC) Manoor,Manoor,NA
Animal Husbadry & Veterinary Department(PVC) MANOPADU,MANOPADU,NA
Animal Husbadry & Veterinary Department(PVC) Manuguru,Manuguru,NA
Animal Husbadry & Veterinary Department(PVC) MARAMUNAGALA,MARAMUNAGALA,NA
Animal Husbadry & Veterinary Department(PVC) Maredupally,Maredupally,NA
Animal Husbadry & Veterinary Department(PVC) Markook,Markook,NA
Animal Husbadry & Veterinary Department(PVC) Marrimusthiyala,Marrimusthiyala,NA
Animal Husbadry & Veterinary Department(PVC) Masaipet,Masaipet,NA
Animal Husbadry & Veterinary Department(PVC) Mattampally,Mattampally,NA
Animal Husbadry & Veterinary Department(PVC) Mediipally,Mediipally,NA
Animal Husbadry & Veterinary Department(PVC) Medipalli,Medipalli,NA
Animal Husbadry & Veterinary Department(PVC) Medipelly,Medipelly,NA
Animal Husbadry & Veterinary Department(PVC) Mekaguda,Mekaguda,NA
Animal Husbadry & Veterinary Department(PVC) Mellachervu,Mellachervu,NA
Animal Husbadry & Veterinary Department(PVC) Midjil,Midjil,NA
Animal Husbadry & Veterinary Department(PVC) Mirdoddi,Mirdoddi,NA
Animal Husbadry & Veterinary Department(PVC) Mirzapur,Mirzapur,NA
Animal Husbadry & Veterinary Department(PVC) Mogalgidda,Mogalgidda,NA
Animal Husbadry & Veterinary Department(PVC) Mogdampally,Mogdampally,NA
Animal Husbadry & Veterinary Department(PVC) Mogullapally,Mogullapally,NA
Animal Husbadry & Veterinary Department(PVC) Moinabad,Moinabad,NA
Animal Husbadry & Veterinary Department(PVC) Molangur,Molangur,NA
Animal Husbadry & Veterinary Department(PVC) Mominpet,Mominpet,NA
Animal Husbadry & Veterinary Department(PVC) Moosapet,Moosapet,NA
Animal Husbadry & Veterinary Department(PVC) Morangapally,Morangapally,NA
Animal Husbadry & Veterinary Department(PVC) Morapally,Morapally,NA
Animal Husbadry & Veterinary Department(PVC) Motlapally,Motlapally,NA
Animal Husbadry & Veterinary Department(PVC) MP BANJAR,MP BANJAR,NA
Animal Husbadry & Veterinary Department(PVC) Mudgul Chittampally,Mudgul Chittampally,NA
Animal Husbadry & Veterinary Department(PVC) Mujahidppur,Mujahidppur,NA
Animal Husbadry & Veterinary Department(PVC) Mulkalapally,Mulkalapally,NA
Animal Husbadry & Veterinary Department(PVC) MULKALPALLY,MULKALPALLY,NA
Animal Husbadry & Veterinary Department(PVC) Mulugu,Mulugu,NA
Animal Husbadry & Veterinary Department(PVC) Munagala,Munagala,NA
Animal Husbadry & Veterinary Department(PVC) Munigadapa,Munigadapa,NA
Animal Husbadry & Veterinary Department(PVC) Munipally,Munipally,NA
Animal Husbadry & Veterinary Department(PVC) Muslapur,Muslapur,NA
Animal Husbadry & Veterinary Department(PVC) Muthyampet,Muthyampet,NA
Animal Husbadry & Veterinary Department(PVC) Mutnoor,Mutnoor,NA
Animal Husbadry & Veterinary Department(PVC) Nadigudem,Nadigudem,NA
Animal Husbadry & Veterinary Department(PVC) Nadlapur,Nadlapur,NA
Animal Husbadry & Veterinary Department(PVC) Nagaligidda,Nagaligidda,NA
Animal Husbadry & Veterinary Department(PVC) Nagapur,Nagapur,NA
Animal Husbadry & Veterinary Department(PVC) Nagaram,Nagaram,NA
Animal Husbadry & Veterinary Department(PVC) Nagupalli,Nagupalli,NA
Animal Husbadry & Veterinary Department(PVC) nambala,nambala,NA
Animal Husbadry & Veterinary Department(PVC) Nanakramguda,Nanakramguda,NA
Animal Husbadry & Veterinary Department(PVC) Nandigaon,Nandigaon,NA
Animal Husbadry & Veterinary Department(PVC) Nandikandi,Nandikandi,NA
Animal Husbadry & Veterinary Department(PVC) Nanganoor,Nanganoor,NA
Animal Husbadry & Veterinary Department(PVC) Narayanapuram,Narayanapuram,NA
Animal Husbadry & Veterinary Department(PVC) Narayanpet,Narayanpet,NA
Animal Husbadry & Veterinary Department(PVC) Narnoor,Narnoor,NA
Animal Husbadry & Veterinary Department(PVC) Narsapur G,Narsapur G,NA
Animal Husbadry & Veterinary Department(PVC) Narsimhulapeta,Narsimhulapeta,NA
Animal Husbadry & Veterinary Department(PVC) Narsinghi,Narsinghi,NA
Animal Husbadry & Veterinary Department(PVC) Narsingi,Narsingi,NA
Animal Husbadry & Veterinary Department(PVC) Narwa,Narwa,NA
Animal Husbadry & Veterinary Department(PVC) Nawabpet,Nawabpet,NA
Animal Husbadry & Veterinary Department(PVC) Neradigonda,Neradigonda,NA
Animal Husbadry & Veterinary Department(PVC) Nizampet,Nizampet,NA
Animal Husbadry & Veterinary Department(PVC) Nizampur,Nizampur,NA
Animal Husbadry & Veterinary Department(PVC) NUTHANKAL,NUTHANKAL,NA
Animal Husbadry & Veterinary Department(PVC) Nyalkal,Nyalkal,NA
Animal Husbadry & Veterinary Department(PVC) Odipilavancha,Odipilavancha,NA
Animal Husbadry & Veterinary Department(PVC) P Dharmaram,P Dharmaram,NA
Animal Husbadry & Veterinary Department(PVC) pachunur,pachunur,NA
Animal Husbadry & Veterinary Department(PVC) Pahadisharif,Pahadisharif,NA
Animal Husbadry & Veterinary Department(PVC) Palamakula,Palamakula,NA
Animal Husbadry & Veterinary Department(PVC) Palgutta,Palgutta,NA
Animal Husbadry & Veterinary Department(PVC) Palmakole,Palmakole,NA
Animal Husbadry & Veterinary Department(PVC) Palsi,Palsi,NA
Animal Husbadry & Veterinary Department(PVC) PALWAI,PALWAI,NA
Animal Husbadry & Veterinary Department(PVC) Pangal,Pangal,NA
Animal Husbadry & Veterinary Department(PVC) Papannapet,Papannapet,NA
Animal Husbadry & Veterinary Department(PVC) Parlapalli,Parlapalli,NA
Animal Husbadry & Veterinary Department(PVC) Patwarigudem,Patwarigudem,NA
Animal Husbadry & Veterinary Department(PVC) PC Kunta,PC Kunta,NA
Animal Husbadry & Veterinary Department(PVC) Pebbair,Pebbair,NA
Animal Husbadry & Veterinary Department(PVC) Peddagudem,Peddagudem,NA
Animal Husbadry & Veterinary Department(PVC) Peddakadmoor,Peddakadmoor,NA
Animal Husbadry & Veterinary Department(PVC) Peddamandadi,Peddamandadi,NA
Animal Husbadry & Veterinary Department(PVC) Peddamul,Peddamul,NA
Animal Husbadry & Veterinary Department(PVC) Pegadapally,Pegadapally,NA
Animal Husbadry & Veterinary Department(PVC) Pembi,Pembi,NA
Animal Husbadry & Veterinary Department(PVC) Penchikaldhinne,Penchikaldhinne,NA
Animal Husbadry & Veterinary Department(PVC) Penchikalpet,Penchikalpet,NA
Animal Husbadry & Veterinary Department(PVC) Perur,Perur,NA
Animal Husbadry & Veterinary Department(PVC) Phanigir,Phanigir,NA
Animal Husbadry & Veterinary Department(PVC) Pinapaka,Pinapaka,NA
Animal Husbadry & Veterinary Department(PVC) Ponkal,Ponkal,NA
Animal Husbadry & Veterinary Department(PVC) Ponnari,Ponnari,NA
Animal Husbadry & Veterinary Department(PVC) Ponugode,Ponugode,NA
Animal Husbadry & Veterinary Department(PVC) Porumalla,Porumalla,NA
Animal Husbadry & Veterinary Department(PVC) Pregnapur,Pregnapur,NA
Animal Husbadry & Veterinary Department(PVC) Pudur,Pudur,NA
Animal Husbadry & Veterinary Department(PVC) Rachloor,Rachloor,NA
Animal Husbadry & Veterinary Department(PVC) Raghavapet,Raghavapet,NA
Animal Husbadry & Veterinary Department(PVC) Raikal,Raikal,NA
Animal Husbadry & Veterinary Department(PVC) Raikode,Raikode,NA
Animal Husbadry & Veterinary Department(PVC) Rajapur,Rajapur,NA
Animal Husbadry & Veterinary Department(PVC) Rajaram,Rajaram,NA
Animal Husbadry & Veterinary Department(PVC) RAMADUGU,RAMADUGU,NA
Animal Husbadry & Veterinary Department(PVC) Ramancha,Ramancha,NA
Animal Husbadry & Veterinary Department(PVC) Ramavaram,Ramavaram,NA
Animal Husbadry & Veterinary Department(PVC) Ramchandrapuram,Ramchandrapuram,NA
Animal Husbadry & Veterinary Department(PVC) Rangaiahpally,Rangaiahpally,NA
Animal Husbadry & Veterinary Department(PVC) Rangampet,Rangampet,NA
Animal Husbadry & Veterinary Department(PVC) Rangapet,Rangapet,NA
Animal Husbadry & Veterinary Department(PVC) Rangapur,Rangapur,NA
Animal Husbadry & Veterinary Department(PVC) Ravulapally,Ravulapally,NA
Animal Husbadry & Veterinary Department(PVC) REBBENA,REBBENA,NA
Animal Husbadry & Veterinary Department(PVC) Rechini,Rechini,NA
Animal Husbadry & Veterinary Department(PVC) Regode,Regode,NA
Animal Husbadry & Veterinary Department(PVC) Regonda,Regonda,NA
Animal Husbadry & Veterinary Department(PVC) Remaddula,Remaddula,NA
Animal Husbadry & Veterinary Department(PVC) Remmanguda,Remmanguda,NA
Animal Husbadry & Veterinary Department(PVC) Renikunta,Renikunta,NA
Animal Husbadry & Veterinary Department(PVC) REPALA,REPALA,NA
Animal Husbadry & Veterinary Department(PVC) Revojipet,Revojipet,NA
Animal Husbadry & Veterinary Department(PVC) Rudrar,Rudrar,NA
Animal Husbadry & Veterinary Department(PVC) Sangidi,Sangidi,NA
Animal Husbadry & Veterinary Department(PVC) Sanjeevraopet,Sanjeevraopet,NA
Animal Husbadry & Veterinary Department(PVC) Sarangapur,Sarangapur,NA
Animal Husbadry & Veterinary Department(PVC) Sarapaka,Sarapaka,NA
Animal Husbadry & Veterinary Department(PVC) Saroornagar,Saroornagar,NA
Animal Husbadry & Veterinary Department(PVC) Seri Lingampally,Seri Lingampally,NA
Animal Husbadry & Veterinary Department(PVC) Shabad,Shabad,NA
Animal Husbadry & Veterinary Department(PVC) Shamshabad,Shamshabad,NA
Animal Husbadry & Veterinary Department(PVC) Shanigaram,Shanigaram,NA
Animal Husbadry & Veterinary Department(PVC) ShankarampetA,ShankarampetA,NA
Animal Husbadry & Veterinary Department(PVC) ShankarampetR,ShankarampetR,NA
Animal Husbadry & Veterinary Department(PVC) Shankarpally,Shankarpally,NA
Animal Husbadry & Veterinary Department(PVC) Shanthapoor,Shanthapoor,NA
Animal Husbadry & Veterinary Department(PVC) Shanthinagar,Shanthinagar,NA
Animal Husbadry & Veterinary Department(PVC) SHANTINAGAR,SHANTINAGAR,NA
Animal Husbadry & Veterinary Department(PVC) Shivampet,Shivampet,NA
Animal Husbadry & Veterinary Department(PVC) Siddapur,Siddapur,NA
Animal Husbadry & Veterinary Department(PVC) SINGAPUR,SINGAPUR,NA
Animal Husbadry & Veterinary Department(PVC) Singatam,Singatam,NA
Animal Husbadry & Veterinary Department(PVC) Sirgapur,Sirgapur,NA
Animal Husbadry & Veterinary Department(PVC) Sirikonda,Sirikonda,NA
Animal Husbadry & Veterinary Department(PVC) SirpurT,SirpurT,NA
Animal Husbadry & Veterinary Department(PVC) SN PURAM,SN PURAM,NA
Animal Husbadry & Veterinary Department(PVC) Solipur,Solipur,NA
Animal Husbadry & Veterinary Department(PVC) Sonala,Sonala,NA
Animal Husbadry & Veterinary Department(PVC) Srirangapur,Srirangapur,NA
Animal Husbadry & Veterinary Department(PVC) sujathanagar,sujathanagar,NA
Animal Husbadry & Veterinary Department(PVC) Tadihathnoor,Tadihathnoor,NA
Animal Husbadry & Veterinary Department(PVC) Talakondapally,Talakondapally,NA
Animal Husbadry & Veterinary Department(PVC) Talamadugu,Talamadugu,NA
Animal Husbadry & Veterinary Department(PVC) Talelma,Talelma,NA
Animal Husbadry & Veterinary Department(PVC) Tamsi,Tamsi,NA
Animal Husbadry & Veterinary Department(PVC) Tankara,Tankara,NA
Animal Husbadry & Veterinary Department(PVC) Tatipally,Tatipally,NA
Animal Husbadry & Veterinary Department(PVC) Tekmal,Tekmal,NA
Animal Husbadry & Veterinary Department(PVC) Tekumatla,Tekumatla,NA
Animal Husbadry & Veterinary Department(PVC) Thadicherla,Thadicherla,NA
Animal Husbadry & Veterinary Department(PVC) Thadkal,Thadkal,NA
Animal Husbadry & Veterinary Department(PVC) Thammaram,Thammaram,NA
Animal Husbadry & Veterinary Department(PVC) Thimmaipalli,Thimmaipalli,NA
Animal Husbadry & Veterinary Department(PVC) Thimmapur,Thimmapur,NA
Animal Husbadry & Veterinary Department(PVC) Thoguta,Thoguta,NA
Animal Husbadry & Veterinary Department(PVC) Thormamidi,Thormamidi,NA
Animal Husbadry & Veterinary Department(PVC) Thornal,Thornal,NA
Animal Husbadry & Veterinary Department(PVC) Thungur,Thungur,NA
Animal Husbadry & Veterinary Department(PVC) Tippadampally,Tippadampally,NA
Animal Husbadry & Veterinary Department(PVC) Toopran,Toopran,NA
Animal Husbadry & Veterinary Department(PVC) Tukkuguda,Tukkuguda,NA
Animal Husbadry & Veterinary Department(PVC) U.N Tanda,U.N Tanda,NA
Animal Husbadry & Veterinary Department(PVC) UNDAVELLY,UNDAVELLY,NA
Animal Husbadry & Veterinary Department(PVC) Undyal,Undyal,NA
Animal Husbadry & Veterinary Department(PVC) UPPAIR,UPPAIR,NA
Animal Husbadry & Veterinary Department(PVC) Uppal,Uppal,NA
Animal Husbadry & Veterinary Department(PVC) Utkoor,Utkoor,NA
Animal Husbadry & Veterinary Department(PVC) VadloorBegumpet,VadloorBegumpet,NA
Animal Husbadry & Veterinary Department(PVC) Vangara,Vangara,NA
Animal Husbadry & Veterinary Department(PVC) Vavilala,Vavilala,NA
Animal Husbadry & Veterinary Department(PVC) VEDIRA,VEDIRA,NA
Animal Husbadry & Veterinary Department(PVC) veenavanka,veenavanka,NA
Animal Husbadry & Veterinary Department(PVC) Velgatur,Velgatur,NA
Animal Husbadry & Veterinary Department(PVC) Velgonda,Velgonda,NA
Animal Husbadry & Veterinary Department(PVC) Veloor,Veloor,NA
Animal Husbadry & Veterinary Department(PVC) Velugupally,Velugupally,NA
Animal Husbadry & Veterinary Department(PVC) Vempaty,Vempaty,NA
Animal Husbadry & Veterinary Department(PVC) Vemula,Vemula,NA
Animal Husbadry & Veterinary Department(PVC) Venguapet,Venguapet,NA
Animal Husbadry & Veterinary Department(PVC) Venkatrao Pally,Venkatrao Pally,NA
Animal Husbadry & Veterinary Department(PVC) Venkepally,Venkepally,NA
Animal Husbadry & Veterinary Department(PVC) Vennampalli,Vennampalli,NA
Animal Husbadry & Veterinary Department(PVC) Vinayakapuram,Vinayakapuram,NA
Animal Husbadry & Veterinary Department(PVC) Wadyal,Wadyal,NA
Animal Husbadry & Veterinary Department(PVC) Wankidi,Wankidi,NA
Animal Husbadry & Veterinary Department(PVC) Wardhamanakota,Wardhamanakota,NA
Animal Husbadry & Veterinary Department(PVC) Wargal,Wargal,NA
Animal Husbadry & Veterinary Department(PVC) Weepanagandla,Weepanagandla,NA
Animal Husbadry & Veterinary Department(PVC) Yacharam,Yacharam,NA
Animal Husbadry & Veterinary Department(PVC) Yalal,Yalal,NA
Animal Husbadry & Veterinary Department(PVC) Yapalguda,Yapalguda,NA
Animal Husbadry & Veterinary Department(PVC) Yeldurty,Yeldurty,NA
Animal Husbadry & Veterinary Department(PVC) Yellakonda,Yellakonda,NA
Animal Husbadry & Veterinary Department(PVC) Yellareddyguda,Yellareddyguda,NA
Animal Husbadry & Veterinary Department(PVC) Yelpugonda,Yelpugonda,NA
Animal Husbadry & Veterinary Department(PVC) Yenugumatla,Yenugumatla,NA
Animal Husbadry & Veterinary Department(PVC) YERRAGUNTA,YERRAGUNTA,NA
Animal Husbadry & Veterinary Department(PVC) Yerraram,Yerraram,NA
Animal Husbadry & Veterinary Department(PVC) Yousufpet,Yousufpet,NA
"Animal Husbadry & Veterinary Department(PVC), Bommakal",Bommakal,NA
"Animal Husbadry & Veterinary Department(PVC), Palem",Palem,NA
"Animal Husbadry & Veterinary Department(PVC), Yetham",Yetham,NA
"Animal Husbadry & Veterinary Department(PVC), Adavidevulapally",Adavidevulapally,NA
"Animal Husbadry & Veterinary Department(PVC), Alagadapa",Alagadapa,NA
"Animal Husbadry & Veterinary Department(PVC), Ammanabole",Ammanabole,NA
"Animal Husbadry & Veterinary Department(PVC), Anjanpally",Anjanpally,NA
"Animal Husbadry & Veterinary Department(PVC), Appajipeta",Appajipeta,NA
"Animal Husbadry & Veterinary Department(PVC), ARVAPALLY",ARVAPALLY,NA
"Animal Husbadry & Veterinary Department(PVC), Avancha",Avancha,NA
"Animal Husbadry & Veterinary Department(PVC), Balmoor",Balmoor,NA
"Animal Husbadry & Veterinary Department(PVC), Begumpet",Begumpet,NA
"Animal Husbadry & Veterinary Department(PVC), Bheemaram",Bheemaram,NA
"Animal Husbadry & Veterinary Department(PVC), Bheemini",Bheemini,NA
"Animal Husbadry & Veterinary Department(PVC), Bijinapally",Bijinapally,NA
"Animal Husbadry & Veterinary Department(PVC), Chalakurthy",Chalakurthy,NA
"Animal Husbadry & Veterinary Department(PVC), Chandampet",Chandampet,NA
"Animal Husbadry & Veterinary Department(PVC), Charakonda",Charakonda,NA
"Animal Husbadry & Veterinary Department(PVC), Chelpur",Chelpur,NA
"Animal Husbadry & Veterinary Department(PVC), Cherkupally",Cherkupally,NA
"Animal Husbadry & Veterinary Department(PVC), Cherlagouraram",Cherlagouraram,NA
"Animal Husbadry & Veterinary Department(PVC), Chinthapally",Chinthapally,NA
"Animal Husbadry & Veterinary Department(PVC), Chityala",Chityala,NA
"Animal Husbadry & Veterinary Department(PVC), Damaracherla",Damaracherla,NA
"Animal Husbadry & Veterinary Department(PVC), Dharmaram",Dharmaram,NA
"Animal Husbadry & Veterinary Department(PVC), Eligaid",Eligaid,NA
"Animal Husbadry & Veterinary Department(PVC), Gattuppal",Gattuppal,NA
"Animal Husbadry & Veterinary Department(PVC), Gundlapally",Gundlapally,NA
"Animal Husbadry & Veterinary Department(PVC), Gundoor",Gundoor,NA
"Animal Husbadry & Veterinary Department(PVC), Gurrampode",Gurrampode,NA
"Animal Husbadry & Veterinary Department(PVC), Haliya",Haliya,NA
"Animal Husbadry & Veterinary Department(PVC), Inole",Inole,NA
"Animal Husbadry & Veterinary Department(PVC), Itukulapahad",Itukulapahad,NA
"Animal Husbadry & Veterinary Department(PVC), Jaipur",Jaipur,NA
"Animal Husbadry & Veterinary Department(PVC), Junuthala",Junuthala,NA
"Animal Husbadry & Veterinary Department(PVC), Kamanpur",Kamanpur,NA
"Animal Husbadry & Veterinary Department(PVC), Kambalapally",Kambalapally,NA
"Animal Husbadry & Veterinary Department(PVC), Kanagal",Kanagal,NA
"Animal Husbadry & Veterinary Department(PVC), Kannekal",Kannekal,NA
"Animal Husbadry & Veterinary Department(PVC), Kattangur",Kattangur,NA
"Animal Husbadry & Veterinary Department(PVC), Kethepally",Kethepally,NA
"Animal Husbadry & Veterinary Department(PVC), Kodair",Kodair,NA
"Animal Husbadry & Veterinary Department(PVC), Kompally",Kompally,NA
"Animal Husbadry & Veterinary Department(PVC), Kondamallepally",Kondamallepally,NA
"Animal Husbadry & Veterinary Department(PVC), Kondrapole",Kondrapole,NA
"Animal Husbadry & Veterinary Department(PVC), Koppole",Koppole,NA
"Animal Husbadry & Veterinary Department(PVC), Kothapalli",Kothapalli,NA
"Animal Husbadry & Veterinary Department(PVC), Kummera",Kummera,NA
"Animal Husbadry & Veterinary Department(PVC), Madgulapally",Madgulapally,NA
"Animal Husbadry & Veterinary Department(PVC), Madharam",Madharam,NA
"Animal Husbadry & Veterinary Department(PVC), Mandamarri",Mandamarri,NA
"Animal Husbadry & Veterinary Department(PVC), Mangalpally",Mangalpally,NA
"Animal Husbadry & Veterinary Department(PVC), Manthati",Manthati,NA
"Animal Husbadry & Veterinary Department(PVC), Marriguda",Marriguda,NA
"Animal Husbadry & Veterinary Department(PVC), Medaram",Medaram,NA
"Animal Husbadry & Veterinary Department(PVC), Munugode",Munugode,NA
"Animal Husbadry & Veterinary Department(PVC), Mushampally",Mushampally,NA
"Animal Husbadry & Veterinary Department(PVC), Mutharam(mnt",Mutharam(mnt,NA
"Animal Husbadry & Veterinary Department(PVC), Muthyampet",Muthyampet,NA
"Animal Husbadry & Veterinary Department(PVC), Nadimpally",Nadimpally,NA
"Animal Husbadry & Veterinary Department(PVC), Nagarjunasagar",Nagarjunasagar,NA
"Animal Husbadry & Veterinary Department(PVC), Nampally",Nampally,NA
"Animal Husbadry & Veterinary Department(PVC), Narketpally",Narketpally,NA
"Animal Husbadry & Veterinary Department(PVC), Narlapoor",Narlapoor,NA
"Animal Husbadry & Veterinary Department(PVC), Nomula",Nomula,NA
"Animal Husbadry & Veterinary Department(PVC), PA.Pally",PA.Pally,NA
"Animal Husbadry & Veterinary Department(PVC), Padara",Padara,NA
"Animal Husbadry & Veterinary Department(PVC), Pamulapahad",Pamulapahad,NA
"Animal Husbadry & Veterinary Department(PVC), Parada",Parada,NA
"Animal Husbadry & Veterinary Department(PVC), Pedda Kotha Pally",Pedda Kotha Pally,NA
"Animal Husbadry & Veterinary Department(PVC), Peddavoora",Peddavoora,NA
"Animal Husbadry & Veterinary Department(PVC), Peddur",Peddur,NA
"Animal Husbadry & Veterinary Department(PVC), Pentlavelly",Pentlavelly,NA
"Animal Husbadry & Veterinary Department(PVC), Polepally Ramnagar",Polepally Ramnagar,NA
"Animal Husbadry & Veterinary Department(PVC), Pothapally",Pothapally,NA
"Animal Husbadry & Veterinary Department(PVC), Pullemla",Pullemla,NA
"Animal Husbadry & Veterinary Department(PVC), Puttpaka",Puttpaka,NA
"Animal Husbadry & Veterinary Department(PVC), Raginedu",Raginedu,NA
"Animal Husbadry & Veterinary Department(PVC), Shaligouraram",Shaligouraram,NA
"Animal Husbadry & Veterinary Department(PVC), Shivannaguda",Shivannaguda,NA
"Animal Husbadry & Veterinary Department(PVC), Siripuram",Siripuram,NA
"Animal Husbadry & Veterinary Department(PVC), Srinagar",Srinagar,NA
"Animal Husbadry & Veterinary Department(PVC), Sulthanabad",Sulthanabad,NA
"Animal Husbadry & Veterinary Department(PVC), Sunkishala",Sunkishala,NA
"Animal Husbadry & Veterinary Department(PVC), Tandur",Tandur,NA
"Animal Husbadry & Veterinary Department(PVC), Tapalpur",Tapalpur,NA
"Animal Husbadry & Veterinary Department(PVC), Tawklapur",Tawklapur,NA
"Animal Husbadry & Veterinary Department(PVC), Telkapally",Telkapally,NA
"Animal Husbadry & Veterinary Department(PVC), Telugupally",Telugupally,NA
"Animal Husbadry & Veterinary Department(PVC), Thadoor",Thadoor,NA
"Animal Husbadry & Veterinary Department(PVC), Thakkallapally",Thakkallapally,NA
"Animal Husbadry & Veterinary Department(PVC), Thandra",Thandra,NA
"Animal Husbadry & Veterinary Department(PVC), Thimmajipet",Thimmajipet,NA
"Animal Husbadry & Veterinary Department(PVC), Thipparthy",Thipparthy,NA
"Animal Husbadry & Veterinary Department(PVC), Thirumalagiri",Thirumalagiri,NA
"Animal Husbadry & Veterinary Department(PVC), Thudukurty",Thudukurty,NA
"Animal Husbadry & Veterinary Department(PVC), Thummadam",Thummadam,NA
"Animal Husbadry & Veterinary Department(PVC), Thummanpet",Thummanpet,NA
"Animal Husbadry & Veterinary Department(PVC), Thungapahad",Thungapahad,NA
"Animal Husbadry & Veterinary Department(PVC), Tripuraram",Tripuraram,NA
"Animal Husbadry & Veterinary Department(PVC), Urmadla",Urmadla,NA
"Animal Husbadry & Veterinary Department(PVC), Utlapally",Utlapally,NA
"Animal Husbadry & Veterinary Department(PVC), Vangoor",Vangoor,NA
"Animal Husbadry & Veterinary Department(PVC), Veldanda",Veldanda,NA
"Animal Husbadry & Veterinary Department(PVC), Veltoor",Veltoor,NA
"Animal Husbadry & Veterinary Department(PVC), Vemulapally",Vemulapally,NA
"Animal Husbadry & Veterinary Department(PVC), Waddeman",Waddeman,NA
"Animal Husbadry & Veterinary Department(PVC), YANAMBILE",YANAMBILE,NA
"Animal Husbadry & Veterinary Department(PVC),Akenepally",Akenepally,NA
"Animal Husbadry & Veterinary Department(PVC),Allapally",Allapally,NA
"Animal Husbadry & Veterinary Department(PVC),Aloor",Aloor,NA
"Animal Husbadry & Veterinary Department(PVC),Asnad",Asnad,NA
"Animal Husbadry & Veterinary Department(PVC),Athmakur",Athmakur,NA
"Animal Husbadry & Veterinary Department(PVC),Awadm",Awadm,NA
"Animal Husbadry & Veterinary Department(PVC),B.Gangaram",B.Gangaram,NA
"Animal Husbadry & Veterinary Department(PVC),B.L.Camp",B.L.Camp,NA
"Animal Husbadry & Veterinary Department(PVC),Balkonda",Balkonda,NA
"Animal Husbadry & Veterinary Department(PVC),Bayyanagudem",Bayyanagudem,NA
"Animal Husbadry & Veterinary Department(PVC),Beerolu",Beerolu,NA
"Animal Husbadry & Veterinary Department(PVC),Bonakal",Bonakal,NA
"Animal Husbadry & Veterinary Department(PVC),Borgaon _P",Borgaon _P,NA
"Animal Husbadry & Veterinary Department(PVC),Chennuru",Chennuru,NA
"Animal Husbadry & Veterinary Department(PVC),Cherla",Cherla,NA
"Animal Husbadry & Veterinary Department(PVC),Cherlapally",Cherlapally,NA
"Animal Husbadry & Veterinary Department(PVC),Cheruvumadharam",Cheruvumadharam,NA
"Animal Husbadry & Veterinary Department(PVC),Chimanpally",Chimanpally,NA
"Animal Husbadry & Veterinary Department(PVC),Chinnakalvala",Chinnakalvala,NA
"Animal Husbadry & Veterinary Department(PVC),Chinthakani",Chinthakani,NA
"Animal Husbadry & Veterinary Department(PVC),Choutpally",Choutpally,NA
"Animal Husbadry & Veterinary Department(PVC),Dandepally (Trib",Dandepally (Trib,NA
"Animal Husbadry & Veterinary Department(PVC),Dharmaram B",Dharmaram B,NA
"Animal Husbadry & Veterinary Department(PVC),Dharpally",Dharpally,NA
"Animal Husbadry & Veterinary Department(PVC),Dichpally",Dichpally,NA
"Animal Husbadry & Veterinary Department(PVC),Donabanda",Donabanda,NA
"Animal Husbadry & Veterinary Department(PVC),Donkeshwar",Donkeshwar,NA
"Animal Husbadry & Veterinary Department(PVC),Enkur",Enkur,NA
"Animal Husbadry & Veterinary Department(PVC),Govindapuram",Govindapuram,NA
"Animal Husbadry & Veterinary Department(PVC),Gubbagurthi",Gubbagurthi,NA
"Animal Husbadry & Veterinary Department(PVC),Gunjapadugu",Gunjapadugu,NA
"Animal Husbadry & Veterinary Department(PVC),Hazipur",Hazipur,NA
"Animal Husbadry & Veterinary Department(PVC),Indanpally",Indanpally,NA
"Animal Husbadry & Veterinary Department(PVC),Jakranpally",Jakranpally,NA
"Animal Husbadry & Veterinary Department(PVC),Jeellacheruvu",Jeellacheruvu,NA
"Animal Husbadry & Veterinary Department(PVC),Julapalli",Julapalli,NA
"Animal Husbadry & Veterinary Department(PVC),Kakarlapalli",Kakarlapalli,NA
"Animal Husbadry & Veterinary Department(PVC),Kalluru",Kalluru,NA
"Animal Husbadry & Veterinary Department(PVC),Kamalapuram",Kamalapuram,NA
"Animal Husbadry & Veterinary Department(PVC),Kamepalli",Kamepalli,NA
"Animal Husbadry & Veterinary Department(PVC),Kammarpally",Kammarpally,NA
"Animal Husbadry & Veterinary Department(PVC),Kandukuru",Kandukuru,NA
"Animal Husbadry & Veterinary Department(PVC),Kaspet (Trib",Kaspet (Trib,NA
"Animal Husbadry & Veterinary Department(PVC),Katherasala",Katherasala,NA
"Animal Husbadry & Veterinary Department(PVC),Khammam (R",Khammam,NA
"Animal Husbadry & Veterinary Department(PVC),Khammampadu",Khammam,NA
"Animal Husbadry & Veterinary Department(PVC),Kissannagar",Kissannagar,NA
"Animal Husbadry & Veterinary Department(PVC),Kistaram",Kistaram,NA
"Animal Husbadry & Veterinary Department(PVC),Kolanoor",Kolanoor,NA
"Animal Husbadry & Veterinary Department(PVC),Konijerla",Konijerla,NA
"Animal Husbadry & Veterinary Department(PVC),Kotagiri",Kotagiri,NA
"Animal Husbadry & Veterinary Department(PVC),Kotapally",Kotapally,NA
"Animal Husbadry & Veterinary Department(PVC),Kurnavalli",Kurnavalli,NA
"Animal Husbadry & Veterinary Department(PVC),Kusumanchi",Kusumanchi,NA
"Animal Husbadry & Veterinary Department(PVC),L.K.Faram",L.K.Faram,NA
"Animal Husbadry & Veterinary Department(PVC),M.V.Palem",M.V.Palem,NA
"Animal Husbadry & Veterinary Department(PVC),Madanpally",Madanpally,NA
"Animal Husbadry & Veterinary Department(PVC),Makloor",Makloor,NA
"Animal Husbadry & Veterinary Department(PVC),Mancherial",Mancherial,NA
"Animal Husbadry & Veterinary Department(PVC),Morthad",Morthad,NA
"Animal Husbadry & Veterinary Department(PVC),Mucherla",Mucherla,NA
"Animal Husbadry & Veterinary Department(PVC),Mudakpally",Mudakpally,NA
"Animal Husbadry & Veterinary Department(PVC),Mudigonda",Mudigonda,NA
"Animal Husbadry & Veterinary Department(PVC),Nadikuda",Nadikuda,NA
"Animal Husbadry & Veterinary Department(PVC),Nandipet",Nandipet,NA
"Animal Husbadry & Veterinary Department(PVC),Navipet",Navipet,NA
"Animal Husbadry & Veterinary Department(PVC),Neelwai",Neelwai,NA
"Animal Husbadry & Veterinary Department(PVC),Nennel",Nennel,NA
"Animal Husbadry & Veterinary Department(PVC),Oded",Oded,NA
"Animal Husbadry & Veterinary Department(PVC),Odela",Odela,NA
"Animal Husbadry & Veterinary Department(PVC),Oorugonda",Oorugonda,NA
"Animal Husbadry & Veterinary Department(PVC),Pachalnadkuda",Pachalnadkuda,NA
"Animal Husbadry & Veterinary Department(PVC),Pakabanda",Pakabanda,NA
"Animal Husbadry & Veterinary Department(PVC),Paladuru",Paladuru,NA
"Animal Husbadry & Veterinary Department(PVC),Papatapally",Papatapally,NA
"Animal Husbadry & Veterinary Department(PVC),Pathakaraigudem",Pathakaraigudem,NA
"Animal Husbadry & Veterinary Department(PVC),Pathipaka",Pathipaka,NA
"Animal Husbadry & Veterinary Department(PVC),Peddarathpalli",Peddarathpalli,NA
"Animal Husbadry & Veterinary Department(PVC),Pentakurd",Pentakurd,NA
"Animal Husbadry & Veterinary Department(PVC),Penuballi",Penuballi,NA
"Animal Husbadry & Veterinary Department(PVC),Perkit",Perkit,NA
"Animal Husbadry & Veterinary Department(PVC),Pipri",Pipri,NA
"Animal Husbadry & Veterinary Department(PVC),Pothangal",Pothangal,NA
"Animal Husbadry & Veterinary Department(PVC),Ramagundam",Ramagundam,NA
"Animal Husbadry & Veterinary Department(PVC),Raspally",Raspally,NA
"Animal Husbadry & Veterinary Department(PVC),Renjal",Renjal,NA
"Animal Husbadry & Veterinary Department(PVC),Renjarla",Renjarla,NA
"Animal Husbadry & Veterinary Department(PVC),Rudrur",Rudrur,NA
"Animal Husbadry & Veterinary Department(PVC),Shayampet",Shayampet,NA
"Animal Husbadry & Veterinary Department(PVC),Singareni",Singareni,NA
"Animal Husbadry & Veterinary Department(PVC),Sirikonda",Sirikonda,NA
"Animal Husbadry & Veterinary Department(PVC),Siripuram",Siripuram,NA
"Animal Husbadry & Veterinary Department(PVC),Srirampur",Srirampur,NA
"Animal Husbadry & Veterinary Department(PVC),Sublaid",Sublaid,NA
"Animal Husbadry & Veterinary Department(PVC),Surbiryal",Surbiryal,NA
"Animal Husbadry & Veterinary Department(PVC),Telikunta",Telikunta,NA
"Animal Husbadry & Veterinary Department(PVC),Thakkellapadu",Thakkellapadu,NA
"Animal Husbadry & Veterinary Department(PVC),Thallada",Thallada,NA
"Animal Husbadry & Veterinary Department(PVC),Thallampadu",Thallampadu,NA
"Animal Husbadry & Veterinary Department(PVC),Thanikella",Thanikella,NA
"Animal Husbadry & Veterinary Department(PVC),Thimmapur",Thimmapur,NA
"Animal Husbadry & Veterinary Department(PVC),Thimmaraopeta",Thimmaraopeta,NA
"Animal Husbadry & Veterinary Department(PVC),Thirumalayapalem",Thirumalayapalem,NA
"Animal Husbadry & Veterinary Department(PVC),V.Kistapuram",V.Kistapuram,NA
"Animal Husbadry & Veterinary Department(PVC),V.Venkatapuram",V.Venkatapuram,NA
"Animal Husbadry & Veterinary Department(PVC),Velpur",Velpur,NA
"Animal Husbadry & Veterinary Department(PVC),Vemanpally",Vemanpally,NA
"Animal Husbadry & Veterinary Department(PVC),Vemsoor",Vemsoor,NA
"Animal Husbadry & Veterinary Department(PVC),Wyra",Wyra,NA
"Animal Husbadry & Veterinary Department(PVC),Yedpally",Yedpally,NA
"Animal Husbadry & Veterinary Department(PVC),Yerrupalem",Yerrupalem,NA
Animal Husbadry & Veterinary Department(PVC). E.Bayyaram,. E.Bayyaram,NA
Animal Husbadry & Veterinary Department(PVC). Ippugudem,. Ippugudem,NA
Animal Husbadry & Veterinary Department(PVC). Korivi,. Korivi,NA
Animal Husbadry & Veterinary Department(PVC). Lingalaghanpur,. Lingalaghanpur,NA
Animal Husbadry & Veterinary Department(PVC). Narmetta,. Narmetta,NA
Animal Husbadry & Veterinary Department(PVC). Neermala,. Neermala,NA
Animal Husbadry & Veterinary Department(PVC). Palakurthy,. Palakurthy,NA
Animal Husbadry & Veterinary Department(PVC). Uppugal,. Uppugal,NA
Animal Husbadry & Veterinary Department(PVC). Zaffergadh,. Zaffergadh,NA
Animal Husbadry & Veterinary Department(PVC).Alankanipet,.Alankanipet,NA
Animal Husbadry & Veterinary Department(PVC).Alubaka,.Alubaka,NA
Animal Husbadry & Veterinary Department(PVC).AMBARIPET,.AMBARIPET,NA
Animal Husbadry & Veterinary Department(PVC).ATHMAKUR,.ATHMAKUR,NA
Animal Husbadry & Veterinary Department(PVC).Bachannapet,.Bachannapet,NA
Animal Husbadry & Veterinary Department(PVC).Banjipet,.Banjipet,NA
Animal Husbadry & Veterinary Department(PVC).Basherabad,.Basherabad,NA
Animal Husbadry & Veterinary Department(PVC).BHAVANIPET,.BHAVANIPET,NA
Animal Husbadry & Veterinary Department(PVC).Bhupathipet,.Bhupathipet,NA
Animal Husbadry & Veterinary Department(PVC).BIBIPET,.BIBIPET,NA
Animal Husbadry & Veterinary Department(PVC).BIKNOOR,.BIKNOOR,NA
Animal Husbadry & Veterinary Department(PVC).BIRKUR,.BIRKUR,NA
Animal Husbadry & Veterinary Department(PVC).Chennaraopet,.Chennaraopet,NA
Animal Husbadry & Veterinary Department(PVC).Chennur,.Chennur,NA
Animal Husbadry & Veterinary Department(PVC).Chinnaboinapally,.Chinnaboinapally,NA
Animal Husbadry & Veterinary Department(PVC).Chinnagudur,.Chinnagudur,NA
Animal Husbadry & Veterinary Department(PVC).Chinthanekkonda,.Chinthanekkonda,NA
Animal Husbadry & Veterinary Department(PVC).Dammannapet,.Dammannapet,NA
Animal Husbadry & Veterinary Department(PVC).Dantalapally,.Dantalapally,NA
Animal Husbadry & Veterinary Department(PVC).Devaruppula,.Devaruppula,NA
Animal Husbadry & Veterinary Department(PVC).Dharmasagar,.Dharmasagar,NA
Animal Husbadry & Veterinary Department(PVC).DONGLI,.DONGLI,NA
Animal Husbadry & Veterinary Department(PVC).Dornakal,.Dornakal,NA
Animal Husbadry & Veterinary Department(PVC).Duggondi,.Duggondi,NA
Animal Husbadry & Veterinary Department(PVC).Edunuthala,.Edunuthala,NA
Animal Husbadry & Veterinary Department(PVC).Erjerla,.Erjerla,NA
Animal Husbadry & Veterinary Department(PVC).Fort Warangal,Warangal,NA
Animal Husbadry & Veterinary Department(PVC).GALIPUR,.GALIPUR,NA
Animal Husbadry & Veterinary Department(PVC).GANDHARI,.GANDHARI,NA
Animal Husbadry & Veterinary Department(PVC).GANDIVET,.GANDIVET,NA
Animal Husbadry & Veterinary Department(PVC).Ganugapahad,.Ganugapahad,NA
Animal Husbadry & Veterinary Department(PVC).GARGUL,.GARGUL,NA
Animal Husbadry & Veterinary Department(PVC).Garla,.Garla,NA
Animal Husbadry & Veterinary Department(PVC).Gavicherla,.Gavicherla,NA
Animal Husbadry & Veterinary Department(PVC).Geesugonda,.Geesugonda,NA
Animal Husbadry & Veterinary Department(PVC).Govindaraopet,.Govindaraopet,NA
Animal Husbadry & Veterinary Department(PVC).Hanamkonda,Hanamkonda,NA
Animal Husbadry & Veterinary Department(PVC).HANMAJIPET,.HANMAJIPET,NA
Animal Husbadry & Veterinary Department(PVC).Hasanparthy,.Hasanparthy,NA
Animal Husbadry & Veterinary Department(PVC).Inugurthy,.Inugurthy,NA
Animal Husbadry & Veterinary Department(PVC).Jangalapally,.Jangalapally,NA
Animal Husbadry & Veterinary Department(PVC).JANGAMPALLY,.JANGAMPALLY,NA
Animal Husbadry & Veterinary Department(PVC).Jhally,.Jhally,NA
Animal Husbadry & Veterinary Department(PVC).JUKKAL,.JUKKAL,NA
Animal Husbadry & Veterinary Department(PVC).K.Gandhampally,.K.Gandhampally,NA
Animal Husbadry & Veterinary Department(PVC).Kallem,.Kallem,NA
Animal Husbadry & Veterinary Department(PVC).KARADPALLY,.KARADPALLY,NA
Animal Husbadry & Veterinary Department(PVC).Kesamudram,.Kesamudram,NA
Animal Husbadry & Veterinary Department(PVC).Khanapur,.Khanapur,NA
Animal Husbadry & Veterinary Department(PVC).Komalla,.Komalla,NA
Animal Husbadry & Veterinary Department(PVC).Kommala,.Kommala,NA
Animal Husbadry & Veterinary Department(PVC).KOWLAS,.KOWLAS,NA
Animal Husbadry & Veterinary Department(PVC).Laxmipuram,.Laxmipuram,NA
Animal Husbadry & Veterinary Department(PVC).Laxmkidevipet,.Laxmkidevipet,NA
Animal Husbadry & Veterinary Department(PVC).LINGAMPET,.LINGAMPET,NA
Animal Husbadry & Veterinary Department(PVC).MACHAREDDY,.MACHAREDDY,NA
Animal Husbadry & Veterinary Department(PVC).Madaguda,.Madaguda,NA
Animal Husbadry & Veterinary Department(PVC).Madikonda,.Madikonda,NA
Animal Husbadry & Veterinary Department(PVC).Malkapur,.Malkapur,NA
Animal Husbadry & Veterinary Department(PVC).Mallampally,.Mallampally,NA
Animal Husbadry & Veterinary Department(PVC).Mallikudurla,.Mallikudurla,NA
Animal Husbadry & Veterinary Department(PVC).Mangapeta,.Mangapeta,NA
Animal Husbadry & Veterinary Department(PVC).MATHMAL,.MATHMAL,NA
Animal Husbadry & Veterinary Department(PVC).Mecharajpally,.Mecharajpally,NA
Animal Husbadry & Veterinary Department(PVC).Medapally,.Medapally,NA
Animal Husbadry & Veterinary Department(PVC).MENOOR,.MENOOR,NA
Animal Husbadry & Veterinary Department(PVC).Mondrai,.Mondrai,NA
Animal Husbadry & Veterinary Department(PVC).Mulkalapally,.Mulkalapally,NA
Animal Husbadry & Veterinary Department(PVC).Mulkanoor,.Mulkanoor,NA
Animal Husbadry & Veterinary Department(PVC).Nagasamunder,.Nagasamunder,NA
Animal Husbadry & Veterinary Department(PVC).NAGIREDDYPET,.NAGIREDDYPET,NA
Animal Husbadry & Veterinary Department(PVC).Nagulavancha,.Nagulavancha,NA
Animal Husbadry & Veterinary Department(PVC).Naikpally,.Naikpally,NA
Animal Husbadry & Veterinary Department(PVC).Nallabelly,.Nallabelly,NA
Animal Husbadry & Veterinary Department(PVC).Narlapur,.Narlapur,NA
Animal Husbadry & Veterinary Department(PVC).Nawabpet,.Nawabpet,NA
Animal Husbadry & Veterinary Department(PVC).Nekkonda,.Nekkonda,NA
Animal Husbadry & Veterinary Department(PVC).Nellikudur,.Nellikudur,NA
Animal Husbadry & Veterinary Department(PVC).NIZAMSAGAR,.NIZAMSAGAR,NA
Animal Husbadry & Veterinary Department(PVC).Nuguru,.Nuguru,NA
Animal Husbadry & Veterinary Department(PVC).Padamatikeshavapur,.Padamatikeshavapur,NA
Animal Husbadry & Veterinary Department(PVC).PALAVNCHA,.PALAVNCHA,NA
Animal Husbadry & Veterinary Department(PVC).Panthini,.Panthini,NA
Animal Husbadry & Veterinary Department(PVC).Paravathagiri,.Paravathagiri,NA
Animal Husbadry & Veterinary Department(PVC).PEDDAKODAPGAL,.PEDDAKODAPGAL,NA
Animal Husbadry & Veterinary Department(PVC).Peddamupparam,.Peddamupparam,NA
Animal Husbadry & Veterinary Department(PVC).Peddapendyal,.Peddapendyal,NA
Animal Husbadry & Veterinary Department(PVC).Pembarthy,.Pembarthy,NA
Animal Husbadry & Veterinary Department(PVC).Perikavedu,.Perikavedu,NA
Animal Husbadry & Veterinary Department(PVC).PITLAM,.PITLAM,NA
Animal Husbadry & Veterinary Department(PVC).Quilashpur,.Quilashpur,NA
Animal Husbadry & Veterinary Department(PVC).Raghunathpalli,.Raghunathpalli,NA
Animal Husbadry & Veterinary Department(PVC).Rajupeta,.Rajupeta,NA
Animal Husbadry & Veterinary Department(PVC).RAMAREDDY,.RAMAREDDY,NA
Animal Husbadry & Veterinary Department(PVC).Rayaparthy,.Rayaparthy,NA
Animal Husbadry & Veterinary Department(PVC).Roheer,.Roheer,NA
Animal Husbadry & Veterinary Department(PVC).RYTHUNAGAR,.RYTHUNAGAR,NA
Animal Husbadry & Veterinary Department(PVC).S.S.NAGAR,.S.S.NAGAR,NA
Animal Husbadry & Veterinary Department(PVC).Sangem,.Sangem,NA
Animal Husbadry & Veterinary Department(PVC).Somaram,.Somaram,NA
Animal Husbadry & Veterinary Department(PVC).Tadvai,.Tadvai,NA
Animal Husbadry & Veterinary Department(PVC).TADWAI,.TADWAI,NA
Animal Husbadry & Veterinary Department(PVC).Tanoor,.Tanoor,NA
Animal Husbadry & Veterinary Department(PVC).Tharigoppula,.Tharigoppula,NA
Animal Husbadry & Veterinary Department(PVC).Thimmampet,.Thimmampet,NA
Animal Husbadry & Veterinary Department(PVC).Thogarrai,.Thogarrai,NA
Animal Husbadry & Veterinary Department(PVC).Thorrur,.Thorrur,NA
Animal Husbadry & Veterinary Department(PVC).Upparapally,.Upparapally,NA
Animal Husbadry & Veterinary Department(PVC).Velair,.Velair,NA
Animal Husbadry & Veterinary Department(PVC).VELLUTLA,.VELLUTLA,NA
Animal Husbadry & Veterinary Department(PVC).Venkatapur,.Venkatapur,NA
Animal Husbadry & Veterinary Department(PVC).Vidhyanagar,.Vidhyanagar,NA
Animal Husbadry & Veterinary Department(PVC).Waddepally,.Waddepally,NA
Animal Husbadry & Veterinary Department(PVC).Wanaparthy,Wanaparthy,NA
Animal Husbadry & Veterinary Department(PVC).Wazeedu,.Wazeedu,NA
Animal Husbadry & Veterinary Department(PVC)ANANTHRAM,ANANTHRAM,NA
Animal Husbadry & Veterinary Department(PVC)chigurmamidi,chigurmamidi,NA
Animal Husbadry & Veterinary Department(PVC)CHIVEMLA,CHIVEMLA,NA
Animal Husbadry & Veterinary Department(PVC)GADDIPALLY,GADDIPALLY,NA
Animal Husbadry & Veterinary Department(PVC)JAINOOR,JAINOOR,NA
Animal Husbadry & Veterinary Department(PVC)Mothey,Mothey,NA
Animal Husbadry & Veterinary Department(PVC)PENPAHAD,PENPAHAD,NA
Animal Husbadry & Veterinary Department(PVC)SIRPURU,SIRPURU,NA
Animal Husbadry & Veterinary Department(PVC)THIRUMALAGIRI,THIRUMALAGIRI,NA
Animal Husbadry & Veterinary Department(PVC)Tiryani,Tiryani,NA
Animal Husbadry & Veterinary Department(RPCP) Jalalpur,Jalalpur,NA
Animal Husbadry & Veterinary Department(RPCP) Zaheerabad,Zaheerabad,NA
Animal Husbadry & Veterinary Department(SSVH) Narayanguda,Narayanguda,NA
"Animal Husbadry & Veterinary Department,Bhukthapur",Bhukthapur,NA
Animal Husbadry & Veterinary Departmentr Rangareddy Dist,Ranga Reddy,NA
"Animal Husbadry & Veterinary Departmentr,Mancherial",Mancherial,NA
"Animal husbandary dairy development and fisheries department,Hyderabad",Hyderabad,NA
"Animal Husbandry & Fisheries Department, Warangal",Warangal,NA
"Animal Husbandry & Fisheries Department,Kamareddy",Kamareddy,NA
Animal Husbandry & Veterinary Department(DVAHO),,NA
Animal Husbandry & Veterinary Department(DVAHO) Suryapet,Suryapet,NA
"Animal Husbandry & Veterinary Department(DVAHO), Hyderabad",Hyderabad,NA
"Animal Husbandry & Veterinary Department(DVAHO), Karimnagar",Karimnagar,NA
"Animal Husbandry & Veterinary Department(DVAHO), Siddipet",Siddipet,NA
"Animal Husbandry & Veterinary Department(RAHTC, Karimnagar",Karimnagar,NA
Animal Husbandry & Veterinary Department(RAHTC.Mamnoor,Mamnoor,NA
"Animal husbandry &Fisheries Department,Masab Tank, Hyderabad",Hyderabad,NA
"Animal Husbandry &Fisheries Department,Vidya Nagar,Kothagudem",Bhadradri Kothagudem,NA
Animal Husbandry and Fisheries,,NA
Animal Husbandry&Fisheries Department Rajanna Siricilla,Rajanna Sircilla,NA
"Animal Husbandry&Fisheries Department, Jangaon",Jangaon,NA
"Animal Husbandry&Fisheries Department, Mancherial",Mancherial,NA
"Animal Husbandry&Fisheries Department, Peddpalli",Peddapalli,NA
"Animal Husbandry&Fisheries Department,Medak",Medak,NA
"Animal Husbandry&Fisheries Department,Mulugu",Mulugu,NA
"Animal Husbandry&Fisheries Department,Nagarkurnool",Nagarkurnool,NA
Asst. Director of Agriculture ( R) Pargi,Pargi,NA
Asst.Directore of Agriculture (Soil Testing Laboratory) Warangal,Warangal,NA
"Backward Classes Welfare Department,Hyderabad",Hyderabad,NA
"Backward Classes Welfare Department,Kothagudem",Bhadradri Kothagudem,NA
"BC welfare Development Department,Medak",Medak,NA
"BC Welfare Development Department,Warangal",Warangal,NA
"BC Development Department, Rajanna Sircilla District",Rajanna Sircilla,NA
"BC Development Department,Khammam",Khammam,NA
"BC Development Department,Mahabubabad",Mahabubabad,NA
BC Welfare Department Secretariat,,NA
"BC Welfare Department, Jangaon",Jangaon,NA
"BC Welfare Department,Adilabad",Adilabad,NA
"BC Welfare Department,Malkajgiri",Malkajgiri,NA
"BC Welfare Department,Medak",Medak,NA
"BC Welfare Department,Nizamabad",Nizamabad,NA
"BC Welfare Development ,Mancherial",Mancherial,NA
"BC Welfare( MJPTBCWR schools)Department,Narayanpet",Narayanpet,NA
"BC Welfare, Govt. BC Boys Hostel, Jainath",Jainath,NA
"BC Welfare,Dist. BC Development Office, Adilabad",Adilabad,NA
"BC Welfare,Govt. BC Boys Hostel, Adilabad",Adilabad,NA
"BC Welfare,Govt. BC Boys Hostel, Indervelly",Indervelly,NA
"BC Welfare,Govt. BC Boys Hostel, Talamadugu",Talamadugu,NA
"BC Welfare,Govt. BC Boys Hostel,Utnoor",Utnoor,NA
"BC Welfare,Govt. BC College Boys Hostel, Adilabad",Adilabad,NA
"BC Welfare,Govt. BC College Boys Hostel, Boath",Boath,NA
"BC Welfare,Govt. BC College Boys Hostel, Echoda,Dasnapur (Head Quarter",Dasnapur (Head Quarter,NA
"BC Welfare,Govt. BC College Girls Hostel, Adilabad",Adilabad,NA
"BC Welfare,Govt. BC College Girls Hostel, Echoda (Head Quarter Adilaba",Echoda (Head Quarter Adilaba,NA
"BC Welfare,Govt. BC Girls Hostel, Echoda",Echoda,NA
"BC Welfare,Govt.BC College Boys Hostel,Bazarhathnoor",Bazarhathnoor,NA
"BC Welfare,Near SBH Bank, Utnoor",Utnoor,NA
"CE(R&B)Electrical, Errummanzi",Errummanzi,NA
"Chief Engineer, Irrigation, Khammam",Khammam,NA
"Chief Planning Office, Jayashankar Bhupalpally",Jayashankar Bhupalapally,NA
"Chief Rationing Officer's Unit, Hyderabad",Hyderabad,NA
"Chief Rationing Officer's Unit, Nampally",Nampally,NA
Civil Supplies Cooperation,,NA
Civil Supplies Corporation,,NA
Civil Supplies Department Malakpet Hyderabad,Hyderabad,NA
collectorate Narayanpet,Narayanpet,NA
"Community Health Centre,Balanagar, Mahabubnagar",Mahabubnagar,NA
"Consumer Affairs & Food Civil Supplies, Nalgonda",Nalgonda,NA
"Consumer Affairs &Civil supplies, Department,Khammam",Khammam,NA
"Consumer Affairs ,Food &CS Department(Legal Metrology)Medak",Medak,NA
Consumer Affairs Food & Civil Supplies Department Sangareddy,Sangareddy,NA
"Consumer Affairs Food & Civil Supplies Department, Nizamabad",Nizamabad,NA
"Consumer Affairs Food & Civil Supplies Department, Varadaiah Nagar",Varadaiah Nagar,NA
"Consumer Affairs Food & Civil Supplies Department, Warangal",Warangal,NA
"Consumer Affairs Food & Civil Supplies, L.B.Nagar",L.B.Nagar,NA
"Consumer Affairs& Civil Supplies Department,Medak",Medak,NA
"Consumer Affairs& CS Department,Mulugu",Mulugu,NA
"Consumer Affairs&Civil supplies , Adilabad",Adilabad,NA
"Consumer Affairs&Civil Supplies , Nizamabad",Nizamabad,NA
"Consumer Affairs&Civil Supplies Department, Secunderabad",Secunderabad,NA
"Consumer Affairs&Civil Supplies Department,Kamareddy",Kamareddy,NA
Consumer Affairs&CS Department(Legal Metrology ) Kamareddy,Kamareddy,NA
Consumer Affairs&CS Department(Legal metrology )Mulugu,Mulugu,NA
"Consumer Affairs&CS Department, Hyd",Hyd,NA
"Consumer Affairs&CS Department,Adilabad",Adilabad,NA
"Consumer Affairs&CS Department,Asifabad",Asifabad,NA
"Consumer Affairs&CS Department,Hyderabad",Hyderabad,NA
"Consumer Affairs&CS Department,Karimnagar",Karimnagar,NA
"Consumer Affairs&CS Department,Khammam",Khammam,NA
"Consumer Affairs&CS Department,Kothagudem",Bhadradri Kothagudem,NA
"Consumer Affairs&CS Department,Mahabubabad",Mahabubabad,NA
"Consumer Affairs&CS Department,Mahabubnagar",Mahabubnagar,NA
"Consumer Affairs&CS Department,Manzoornagar",Manzoornagar,NA
"Consumer Affairs&CS Department,Nagarkurnool",Nagarkurnool,NA
"Consumer Affairs&CS Department,Nalgonda",Nalgonda,NA
"Consumer Affairs&CS Department,Narayanpet",Narayanpet,NA
"Consumer Affairs&CS Department,Naspur",Naspur,NA
"Consumer Affairs&CS Department,Nirmal",Nirmal,NA
"Consumer Affairs&CS Department,Nizamabad",Nizamabad,NA
"Consumer Affairs&CS Department,Rangareddy",Ranga Reddy,NA
"Consumer Affairs&CS Department,Sangareddy",Sangareddy,NA
"Consumer Affairs&CS Department,Siddipet",Siddipet,NA
"Consumer Affairs&CS Department,Suryapet",Suryapet,NA
"Consumer Affairs&CS Department,Vikarabad",Vikarabad,NA
"Consumer Affairs&CS Department,Wanaparthy",Wanaparthy,NA
"Consumer Affairs&CS Department,Warangal",Warangal,NA
"Consumer Affairs&CS Department,Yadadri Bhuvanagiri",Yadadri Bhuvanagiri,NA
"Consumer Affairs&CS(Civil Supplies Corporation Ltd) Department,Mulugu",Mulugu,NA
"Consumer Affairs&CS(Legal Metrology) Department,Bhupalpally",Jayashankar Bhupalapally,NA
"Consumer Affairs, Food and Civil Supplies (Commission-II)Nampally",Food and Civil Supplies (Commission-II)Nampally,NA
"Consumer Affairs, Food and Civil Supplies (Commission-III)Nampally",Food and Civil Supplies (Commission-III)Nampally,NA
"Consumer Affairs, Food and Civil Supplies Department, Jyothinagar",Jyothinagar,NA
"Consumer Affairs, Food and Civil Supplies Department, Adilabad",Adilabad,NA
"Consumer Affairs,Food and Civil Supplies(Commission-I)Nampally",Food and Civil Supplies(Commission-I)Nampally,NA
"Consumer Affairs,Food and CS Department ,Kothagudem",Bhadradri Kothagudem,NA
"Consumer Affairs,Food and CS Department ,palavancha(Kothagudem)",Bhadradri Kothagudem,NA
"Consumer Affairs,Food& Civil Supplies Departement,Peddapalli",Peddapalli,NA
"Consumer Affairs,Food& Civil Supplies Department, Jangaon",Jangaon,NA
"Consumer Affairs,Food& Civil Supplies Department,Rajanna Sircilla",Rajanna Sircilla,NA
"Consumer Affairs,Food&Civil Supplies Department,Gadwal",Gadwal,NA
"Consumer Affairs,Food&CS Department(Legal Metrology),Peddapalli",Peddapalli,NA
"Consumer Affairs,Food&CS Department, Jangaon",Jangaon,NA
"Consumer Afffair, Food & Civil Supplies Department, Mahabubnagar",Mahabubnagar,NA
"Conusmer Affairs Food and Civil Supply Department ,Hyderabad",Hyderabad,NA
Cooperation Department,,NA
Cooperation Department Komuram Bheem Asifabad,,NA
Cooperation Department(Cooperation & Registrar) Mulugu,Mulugu,NA
"Cooperation Department, Nagarkunool",Nagarkunool,NA
"Cooperation Department,Medak",Medak,NA
"Cooperation Department,Narayanpet",Narayanpet,NA
Dairy Development Corporation,,NA
Department of co-operation,,NA
Department of Co-operation,,NA
"Department of Technical Education,Nampally",Nampally,NA
"Deputy Director of Adult Education, Karimnagar",Karimnagar,NA
Director of Sugar and Cane Commissioner,,NA
"Directorate of Economics & Statistics (DE&S),Planning Department ,Hyde",Hyde,NA
"Dist.Survey & Land Records, Jayashankar Bhupalpally",Jayashankar Bhupalapally,NA
"Distrcit Industries Centre, Karimnagar",Karimnagar,NA
"District B.C, Development Office, Mahabubnagar",Mahabubnagar,NA
"District (R&B) Office, Mancherial",Mancherial,NA
District Agriculture Office Jagtial,Jagtial,NA
District Agriculture Office Jayashankar Bhupalpally,Jayashankar Bhupalapally,NA
District Agriculture Officer Warangal,Warangal,NA
District Audit Officer Medchal Malkajgiri,Medchal,NA
"District B.C. Welfare Office, Karimnagar",Karimnagar,NA
District BC Development Office Peddapalli,Peddapalli,NA
District Civil Supply Office Anthaipally,,NA
District Civil Supply Officer Jagtial,Jagtial,NA
"District Civil Supply Officer, Karimnagar",Karimnagar,NA
"District Co operative Office, Jangaon",Jangaon,NA
District Collector Hanumakonda,Hanamkonda,NA
District Collector Karimnagr,,NA
"District Collector Office, Mahabubabad",Mahabubabad,NA
"District Collector Office, Warangal",Warangal,NA
"District Collectorate , adilabad",Adilabad,NA
District Collectorate Jagtial,Jagtial,NA
District Collectorate Jangaon,Jangaon,NA
District Collectorate Medchal & Malkajgiri,Medchal,NA
District Collectorate Medchal Malkajgiri,Medchal,NA
District Collectorate Nagarkurnool,Nagarkurnool,NA
"District Collectorate, Adilabad",Adilabad,NA
District Cooperative office Hanumakonda,Hanamkonda,NA
"District Cooperative office, Karimnagar",Karimnagar,NA
District Educational Officer Peddapalli,Peddapalli,NA
"District Fire Officer, Kashmirgadda, Karimnagar",Karimnagar,NA
District Forest office mahabubnagar,Mahabubnagar,NA
"District Horticulture & Sericulture Officer, Mahabubnagar",Mahabubnagar,NA
District Hospital Peddapally,,NA
District Medical and Health Office Rajanna Sircilla,Rajanna Sircilla,NA
"District Minorities Welfare Office, Karimnagar",Karimnagar,NA
District Minority Welfare Nagarkurnool,Nagarkurnool,NA
District Panchayat Office Medchal Malkajgiri,Medchal,NA
"District Prohibition & Excise Office, Karimnagar",Karimnagar,NA
District Public Relations Office Peddapalli,Peddapalli,NA
District Revenue Office Khammam,Khammam,NA
"District Rural Development Agency (MGNREGS Wing), Kumuram Bheem Asifab",Kumuram Bheem Asifab,NA
DISTRICT SCHEDULED CASTES SERVICE CO-OPERATIVE DEVELOPMENT SOCIETY LTD,,NA
District Survey Office Jagtial,Jagtial,NA
"District Treasury Office, Karimnagar",Karimnagar,NA
"District Veterinary and Animal Husbandry Office, Nalgonda",Nalgonda,NA
"District Veterinary Hospital, Hyderabad",Hyderabad,NA
District Youth and Sports Mahabubnagar,Mahabubnagar,NA
DM CHENGICHERLA,,NA
Drugs Control Administration,,NA
"Drugs Control Administration, Adilabad",Adilabad,NA
"Drugs Control Administration, Bhadradri Kothagudem",Bhadradri Kothagudem,NA
"Drugs Control Administration, Bhupalpally",Jayashankar Bhupalapally,NA
"Drugs Control Administration, Gadwal",Gadwal,NA
"Drugs Control Administration, Hanumakonda",Hanamkonda,NA
"Drugs Control Administration, Hyderabad",Hyderabad,NA
"Drugs Control Administration, Jagithyal",Jagithyal,NA
"Drugs Control Administration, Jangoan",Jangoan,NA
"Drugs Control Administration, Kamareddy",Kamareddy,NA
"Drugs Control Administration, Karimnagar",Karimnagar,NA
"Drugs Control Administration, Khammam",Khammam,NA
"Drugs Control Administration, Kumurambheem Asifabad",Kumurambheem Asifabad,NA
"Drugs Control Administration, Mahabubabad",Mahabubabad,NA
"Drugs Control Administration, Mahabubnagar",Mahabubnagar,NA
"Drugs Control Administration, Mancherial",Mancherial,NA
"Drugs Control Administration, Medak",Medak,NA
"Drugs Control Administration, Nagarkurnool",Nagarkurnool,NA
"Drugs Control Administration, Nalgonda",Nalgonda,NA
"Drugs Control Administration, Narayanpet",Narayanpet,NA
"Drugs Control Administration, Nirmal",Nirmal,NA
"Drugs Control Administration, Nizamabad",Nizamabad,NA
"Drugs Control Administration, Patancheru",Patancheru,NA
"Drugs Control Administration, Pedapalli",Pedapalli,NA
"Drugs Control Administration, Rajanna Siricilla",Rajanna Sircilla,NA
"Drugs Control Administration, Ranga Reddy",Ranga Reddy,NA
"Drugs Control Administration, RangaReddy",Ranga Reddy,NA
"Drugs Control Administration, Sangareddy",Sangareddy,NA
"Drugs Control Administration, Shameerpet",Shameerpet,NA
"Drugs Control Administration, Siricilla",Rajanna Sircilla,NA
"Drugs Control Administration, Suryapet",Suryapet,NA
"Drugs Control Administration, Vikarabad",Vikarabad,NA
"Drugs Control Administration, Wanaparthy",Wanaparthy,NA
"Drugs Control Administration, Warangal",Warangal,NA
"Drugs Control Administration, Yadadri Bhuvanagiri",Yadadri Bhuvanagiri,NA
"Dy. Executive Information Engineer office, Karimnagar",Karimnagar,NA
Edu Dept(Smt Durgabai DeshmukhWomens Technical Training Institute)HYD,HYD,NA
Education Department(Government Polytechnic) Cherial(Siddipet),Siddipet,NA
"Education Department(Govt. Institute of Electronics),Secunderabad",Secunderabad,NA
"Education Department(Govt. Polytechnic Station Ghapur, shivunipally",shivunipally,NA
"Education Dept(Government Institute of Leather Technology),Rangareddy",Ranga Reddy,NA
"Education Dept(Government Model Residential Polytechnic), Manuguru",Manuguru,NA
Education Dept(Government Polytechnic for Women) Suryapet,Suryapet,NA
"Education Dept(Government Polytechnic for Women), Jogipet, Sangareddy",Sangareddy,NA
"Education Dept(Government Polytechnic), Bhadradi kothagudem",Bhadradri Kothagudem,NA
"Education(Higher edu)Dept(GOVT MODEL RESIDENTIAL POLYTECHNIC),LALTEKDI",LALTEKDI,NA
Education(Higher Education)Department(Government Polytechnic) Narsapur,Department(Government Polytechnic) Narsapur,NA
"Education(Higher Education)Department(Government Polytechnic), Madhira",Madhira,NA
"Education(Higher Education)Department(GOVERNMENT POLYTECHNIC), PARKAL",PARKAL,NA
"Education(Higher Education)Department(Government Polytechnic),Nalgonda",Nalgonda,NA
Education(Higher Education)Department(Govt Polytechnic )Husnabad,Husnabad,NA
"Education(Higher education)Department(Govt. Polytechnic), Kataram",Kataram,NA
"Education(Higher Education)Department(Govt. Polytechnic), Nirmal (174)",Nirmal,NA
"Education(Higher education)Department(Govt. Polytechnic), Warangal",Warangal,NA
"Education(Higher Education)Department(GOVT. POLYTECHNIC, SIDDIPET)",Siddipet,NA
"Education(Higher Education)Department(Govt.Polytechnic for Women,)Secu",)Secu,NA
"Education(Higher education)Department(Intermediate Education ),kothagu",kothagu,NA
"Education(Higher Education)Department(KDR GOVT POLYTECHNIC),WANAPARTHY",Wanaparthy,NA
"Education(Higher Education)Department(Q. Q. Govt -Polytechnic), HYD",HYD,NA
"Education(Higher Education)Department(SRRS GOVT. POLYTECHNIC),SIRCILLA",SIRCILLA,NA
Education(Higher Education)Dept(Government Polytechnic )Shadnagar,Dept(Government Polytechnic )Shadnagar,NA
"Education(Higher Education)Dept(Government Polytechnic), Bellampally",Bellampally,NA
"Education(Higher Education)Dept(Government Polytechnic), Maheshwaram",Maheshwaram,NA
"Education(Higher Education)Dept(Government Polytechnic),Mahabubnagar",Mahabubnagar,NA
"Education(Higher education)Dept(GOVT POLYTECHNIC), NAGARJUNA SAGAR",NAGARJUNA SAGAR,NA
"Education(Higher Education)Dept(GOVT POLYTECHNIC), NANDIPET, NIZAMABAD",Nizamabad,NA
"Education(Higher education)Dept(Govt Polytechnic)Asif nagar,HYD",HYD,NA
"Education(Higher education)Dept(Govt. Polytechnic), Kotagiri (190)",Kotagiri (190),NA
"Education(Higher Education)Dept(GOVT.POLYTECHNIC FOR WOMEN), MEDAK",Medak,NA
"Education(Higher Education)Dept(Govt.Polytechnic For Women),Siddipet",Siddipet,NA
"Education(Higher Education)Dept(GOVT.POLYTECHNIC), NAVIPET, NIZAMABAD",Nizamabad,NA
Education(Higher education)Dept(GOVTPOLYTECHNICCOLLEGE)GONPAD(V)GADWAL,Dept(GOVTPOLYTECHNICCOLLEGE)GONPAD(V)GADWAL,NA
"Education(Higher Education)Dept(JN Government Polytechnic), Ramathapur",Ramathapur,NA
"Education(Higher Education)Dept(SGM Govt. Polytechnic), Abdullapurmet",Abdullapurmet,NA
"Education(Higher education)Dept,GOVT POLYTECHNIC COLLEGE,NIZAMABAD",Nizamabad,NA
"Education(School Education)Department Samstha, Peddapalli",Peddapalli,NA
"Education(SCHOOL EDUCATION)Department,kotagudem",kotagudem,NA
"EFST(Telangana State Forest Development Cooperation Ltd)Department,Hyd",Hyd,NA
"EFST(Telangana State Forest Development Cooperation Ltd)Dept,Mulugu",Mulugu,NA
"EFST(Telangana State Forest Development Corp Ltd)Dept,Kaghaznaga",Kaghaznaga,NA
"EFST(Telangana State Forest Development Corp Ltd)Dept,Kothagudem",Bhadradri Kothagudem,NA
"EFST(Telangana State Forest Development Corp Ltd)Dept,Paloncha",Paloncha,NA
"EFST(Telangana State Forest Development Corp Ltd)Dept,Sathupalli",Sathupalli,NA
EFST(TG State Forest Development Crop Ltd)Dept(Eco-Tourism),Dept(Eco-Tourism),NA
EFST(TG State Forest Development Crop Ltd)Dept(Eco-Tourism)RR,Dept(Eco-Tourism)RR,NA
"EFST(TG State Forest Development Crop Ltd)Dept,Medak",Medak,NA
"Endowment, Karimnagar",Karimnagar,NA
"Energy Department (TGTRANSCO) Mint Compound, Hyderabad",Hyderabad,NA
"Energy Department (TGTRANSCO) Erragadda, Hyderabad",Hyderabad,NA
"Energy Department (TGTRANSCO) Erramanjil Colony, Hyderabad",Hyderabad,NA
Energy Department (TGTRANSCO) Karimnagar,Karimnagar,NA
Energy Department (TGTRANSCO) Khammam,Khammam,NA
Energy Department (TGTRANSCO) Nalgonda,Nalgonda,NA
Energy Department (TGTRANSCO) Warangal,Warangal,NA
"Energy Department (TGTRANSCO) , Adilabad",Adilabad,NA
"Energy Department (TGTRANSCO) Khairatabad, Hyderabad",Hyderabad,NA
"Energy Department (TGTRANSCO), Nizamabad",Nizamabad,NA
"Energy Department(TGGENCO),BHADRADRI KOTHAGUDEM",Bhadradri Kothagudem,NA
"Energy Department(TGGENCO),Hyderabad",Hyderabad,NA
Energy Department(TGGENCO)Gadwal,Gadwal,NA
Energy Department(TGGENCO)Jayashankar Bhupalpally,Jayashankar Bhupalapally,NA
Energy Department(TGGENCO)Kamareddy,Kamareddy,NA
Energy Department(TGGENCO)NAGARKURNOOL,Nagarkurnool,NA
Energy Department(TGGENCO)Nalgonda,Nalgonda,NA
Energy Department(TGGENCO)Nizamabad,Nizamabad,NA
Energy Department(TGGENCO)Peddapally,Peddapally,NA
"Energy Department(TGGENCO)Ramagundam ,Peddapalli",Peddapalli,NA
Energy Department(TGGENCO)Suryapet,Suryapet,NA
"Energy Department(TGGENCO, Thermal Power Station Stages-V & VI)",Thermal Power Station Stages-V & VI),NA
"Energy Department(TGGENCO,Power Station Stage-VII, Paloncha)",Paloncha),NA
Energy Department(TGSPDCL) Gadwal,Gadwal,NA
Energy Department(TGSPDCL)Gadwal,Gadwal,NA
"Energy Department, TGSPDCL, Medak",Medak,NA
Energy Forest,,NA
"Energy(TGNPDCL)Department,Banswada",Banswada,NA
"Energy(TGNPDCL)Department,Kamareddy",Kamareddy,NA
"Energy(TGNPDCL)Department,Mulugu",Mulugu,NA
"Energy(TGNPDCL)Department,Yellareddy",Yellareddy,NA
"Environment , Forest , science & Technology ,Hyderabad",Hyderabad,NA
"Environment , Forest , science & Technology ,R.C Puram",R.C Puram,NA
"Environment , Forest , science & Technology, Head",Head,NA
"Environment , Forest , science & Technology, Hyderabad",Hyderabad,NA
"Environment , Forest , science & Technology, Kothagudem",Bhadradri Kothagudem,NA
"Environment , Forest , science & Technology, Medchal",Medchal,NA
"Environment , Forest , science & Technology, Nalgonda",Nalgonda,NA
"Environment , Forest , science & Technology, Nizamabad",Nizamabad,NA
"Environment , Forest , science & Technology, R.C Puram",R.C Puram,NA
"Environment , Forest , science & Technology, Ramagundam",Ramagundam,NA
"Environment , Forest , science & Technology, Rangareddy",Ranga Reddy,NA
"Environment , Forest , science & Technology, Sangareddy",Sangareddy,NA
"Environment , Forest , science & Technology, Warangal",Warangal,NA
Environment Protection Training and Research Institute (EPTRI),,NA
"Environment,Forest ,Sciences&Tech Department,Khammam",Khammam,NA
"Environment,forest science&Tech Department,Medak",Medak,NA
"Environment,Forest,Science&Tech Department, Kamareddy",Kamareddy,NA
"Environment,Forest,Science&Tech Department,Eturnagaram",Eturnagaram,NA
"Environment,Forest,Science&Tech Department,Mulugu",Mulugu,NA
"Environment,Forest,Science&Tech Department,Tadvai",Tadvai,NA
"Environment,Forest,Science&Tech Department,Venkatapuram",Venkatapuram,NA
"Environment,Forests,Science &Tech Department,kothagudem",Bhadradri Kothagudem,NA
"Environment,Forests,Science &Technology Department,Hyderabad",Hyderabad,NA
"Environment,Forests,Science&Tech Department Mancherial",Mancherial,NA
"Environment,Forests,Science&Tech Department, Chennur",Chennur,NA
"Environment,Forests,Science&Tech Department, Jangaon",Jangaon,NA
"Environment,Forests,Science&Tech Department, Jannaram",Jannaram,NA
"Environment,Forests,Science&Tech Department, Luxettipet",Luxettipet,NA
"Environment,Forests,Science&Tech Department,Chennur",Chennur,NA
"Environment,Forests,Science&Tech Department,Devapur",Devapur,NA
"Environment,Forests,Science&Tech Department,Neelwai",Neelwai,NA
"Environment,Forests,Science&Tech DepartmentKotapally",Science&Tech DepartmentKotapally,NA
"Environmental Forest science &Technology Department ,Hyderabad",Hyderabad,NA
"Finance Department (Audit),Jangaon",Jangaon,NA
"Finance Department (Treasury),Jangaon",Jangaon,NA
Finance Department( Sub-Treasuries & Accounts) Kukatpally,Kukatpally,NA
Finance Department( Sub-Treasuries & Accounts) Medipally (Uppal),Medipally (Uppal),NA
Finance Department( Sub-Treasuries & Accounts)Medchal,Medchal,NA
Finance Department( Treasury) Mahabubabad,Mahabubabad,NA
Finance Department(DIVISIONAL SUB TREASURY OFFICE)ARMOOR,ARMOOR,NA
"Finance Department(DIVISIONAL SUB TREASURY OFFICE,Bodhan,NIZAMABAD",Nizamabad,NA
Finance Department(Pay&Accounts ) Mahabubabad,Mahabubabad,NA
"Finance Department(State Audit), Kothagudem",Bhadradri Kothagudem,NA
"Finance Department(State audit),kothagudem",Bhadradri Kothagudem,NA
"Finance Department(SUB TREASURY OFFICE ,BHEEMGAL,Nizamabad",Nizamabad,NA
"Finance Department(Sub Treasury), Ghanpur (Stn),Jangaon",Jangaon,NA
"Finance Department(Sub Treasury), Kodakandla",Kodakandla,NA
Finance Department(Treasuries & Accounts)Medchal-Malkajgiri District,Medchal,NA
Finance Department(Treasuries&Accounts ) Hyd,Hyd,NA
"Finance Department,Kamareddy",Kamareddy,NA
"Finance Department,Karimnagar",Karimnagar,NA
"Finance Department,NIZAMABAD",Nizamabad,NA
"Finance( Audit )Department,Medak",Medak,NA
"Finance( Audit)Department,Hyderabad",Hyderabad,NA
"Finance( Treasury )Department,Mancherial",Mancherial,NA
"Finance(Audit )Department,Bhupalpally",Jayashankar Bhupalapally,NA
"Finance(Pay & Accounts)Department,paloncha",paloncha,NA
"Finance(Pay &Accounts)Department,Hyderabad",Hyderabad,NA
Finance(Pay&Accounts) Rajanna Siricilla,Rajanna Sircilla,NA
"Finance(State Audit) Department,(Multi Zone-I), Warangal",Warangal,NA
"Finance(State Audit) Department,Hyd",Hyd,NA
"Finance(State Audit) Department,Mulugu",Mulugu,NA
"Finance(State Audit) Department,Peddapalli",Peddapalli,NA
"Finance(State Audit) Department,Suryapet",Suryapet,NA
"Finance(State Audit)Department, Hyderabad",Hyderabad,NA
"Finance(State Audit)Department, Mahabubnagar",Mahabubnagar,NA
"Finance(State Audit)Department, Nizamabad",Nizamabad,NA
"Finance(Treasuries and Accounts) Department,Adilabad",Adilabad,NA
"Finance(Treasuries and accounts)Department,Narayanpet",Narayanpet,NA
Finance(Treasury )Department Warangal,Warangal,NA
"Finance(Treasury )Department, Wardhannapet",Wardhannapet,NA
"Finance(Treasury )Department, Narsampet",Narsampet,NA
"Finance(Treasury)Department, Medak",Medak,NA
"Finance(TRESURIES & ACCOUNTS)Department,Bhupalpalli",Bhupalpalli,NA
Fire Service,,NA
"Fire Station, Choppadandi",Choppadandi,NA
"Fire Station, Huzurabad",Huzurabad,NA
"Fire Station, Karimnagar",Karimnagar,NA
"Fire Station, Kashmirgadda",Kashmirgadda,NA
"Fire Station, Manakondur",Manakondur,NA
Fisheries Corporation,,NA
"Fisheries Department,Shamirpet(Malkajigiri)",Shamirpet(Malkajigiri),NA
"GAD(I&public Relations) Department,Kamareddy",Kamareddy,NA
"GAD(I&Public Relations)Department, Narayanpet",Narayanpet,NA
"GAD(Information& Public Relation )Department,Medak",Medak,NA
General Administration Department,,NA
"General Administration Department,Hyd",Hyd,NA
"General Administration Department,Hyderabad",Hyderabad,NA
Government College of Nursing Rajanna Sircilla,Rajanna Sircilla,NA
"Government General Hospital, Karimnagar",Karimnagar,NA
"Government Polytechnic, Yadagirigutta",Yadagirigutta,NA
Ground Water Department Peddapalli,Peddapalli,NA
"Ground Water Department, Nalgonda",Nalgonda,NA
"Ground Water Department, Jangoan District",Jangoan District,NA
"Ground Water Department, Jayashankar Bhupalapally",Jayashankar Bhupalapally,NA
"Ground Water Department, Jogulamba Gadwal District",Jogulamba Gadwal,NA
"Ground Water Department, Khammam",Khammam,NA
"Ground Water Department, Mahabubabad District",Mahabubabad,NA
"Ground Water Department, Mahabubnagar District",Mahabubnagar,NA
"Ground Water Department, Medchal-Malkajgiri District",Medchal,NA
"Ground Water Department, Mulugu",Mulugu,NA
"Ground Water Department, Narayanpet",Narayanpet,NA
"Ground Water Department, Nimal",Nimal,NA
"Ground Water Department, Rangareddy District",Ranga Reddy,NA
"Ground Water Department, Sangareddy",Sangareddy,NA
"Ground water department,Bhadradri Kothagudem",Bhadradri Kothagudem,NA
"Ground Water Department,Bhadradri Kothagudem",Bhadradri Kothagudem,NA
"Ground Water Department,Hyderabad(Khairathabad)",Hyderabad,NA
Handicrafts Welfare,,NA
"Health Medical & Family Welfare Department,ADILABAD",Adilabad,NA
"Health Medical & Family Welfare Department,ASIFABAD (Komaram Bheem)",ASIFABAD (Komaram Bheem),NA
"Health Medical & Family Welfare Department,BHUPALPALLY (JAYASHANKER)",Jayashankar Bhupalapally,NA
"Health Medical & Family Welfare Department,GADWAL (JOGULAMBA)",GADWAL (JOGULAMBA),NA
"Health Medical & Family Welfare Department,HANAMAKONDA",HANAMAKONDA,NA
"Health Medical & Family Welfare Department,HYDERABAD",Hyderabad,NA
"Health Medical & Family Welfare Department,JAGITYAL",JAGITYAL,NA
"Health Medical & Family Welfare Department,JANAGOAN",JANAGOAN,NA
"Health Medical & Family Welfare Department,KAMAREDDY",Kamareddy,NA
"Health Medical & Family Welfare Department,KARIMNAGAR",Karimnagar,NA
"Health Medical & Family Welfare Department,KHAMMAM",Khammam,NA
"Health Medical & Family Welfare Department,KOTHAGUDEM (BADADRI)",Bhadradri Kothagudem,NA
"Health Medical & Family Welfare Department,MAHABUBABAD",Mahabubabad,NA
"Health Medical & Family Welfare Department,MAHABUBNAGAR",Mahabubnagar,NA
"Health Medical & Family Welfare Department,MEDAK",Medak,NA
"Health Medical & Family Welfare Department,MEDCHAL",Medchal,NA
"Health Medical & Family Welfare Department,MULUGU",Mulugu,NA
"Health Medical & Family Welfare Department,NAGARKURNOOL",Nagarkurnool,NA
"Health Medical & Family Welfare Department,NALGONDA",Nalgonda,NA
"Health Medical & Family Welfare Department,NARAYANPET",Narayanpet,NA
"Health Medical & Family Welfare Department,NIRMAL",Nirmal,NA
"Health Medical & Family Welfare Department,NIZAMABAD",Nizamabad,NA
"Health Medical & Family Welfare Department,PEDDAPALLY",PEDDAPALLY,NA
"Health Medical & Family Welfare Department,RANGA REDDY",Ranga Reddy,NA
"Health Medical & Family Welfare Department,SANGAREDDY",Sangareddy,NA
"Health Medical & Family Welfare Department,SIDDIPET",Siddipet,NA
"Health Medical & Family Welfare Department,SURYAPET",Suryapet,NA
"Health Medical & Family Welfare Department,VIKARABAD",Vikarabad,NA
"Health Medical & Family Welfare Department,WANAPARTHY",Wanaparthy,NA
"Health Medical & Family Welfare Department,WARANGAL",Warangal,NA
"Health Medical & Family Welfare Department,YADADRI",YADADRI,NA
"Health Medical & Family Welfare, MANCHERIAL",Mancherial,NA
"Health Medical & Family Welfare, SIRICILLA",Rajanna Sircilla,NA
"Health Medical &Family Welfare, Nizamabad",Nizamabad,NA
"Health, Medical & Family Welfare Department, (Drug Inspector), Jangaon",Jangaon,NA
"Health, Medical & Family Welfare Department, Jangaon",Jangaon,NA
"Health, Medical And Family Welfare Department, Begum Bazar Hyderabad",Hyderabad,NA
"Health, Medical And Family Welfare Department, Hyderabad",Hyderabad,NA
"Health, Medical and Family Welfare",Medical and Family Welfare,NA
"Health,Medical &Family Welfare department(Area Hospital) Bellampally",Medical &Family Welfare department(Area Hospital) Bellampally,NA
"Health,Medical &Family Welfare Department(Drugs Control)Bhupalpally",Jayashankar Bhupalapally,NA
"Health,medical &family welfare Department(RAJIV AROGYA SRI HEALTH CARE",medical &family welfare Department(RAJIV AROGYA SRI HEALTH CARE,NA
"Health,Medical &Family Welfare department, Chennur",Chennur,NA
"Health,Medical &Family Welfare, Khaleelwadi, Nizamabad",Nizamabad,NA
"Health,Medical And Family Welfare Department (Hospital), Peddapally",Peddapally,NA
"Health,Medical and Family Welfare Department, Narayanpet",Narayanpet,NA
"Health,Medical and Family Welfare Department,Hyderabad",Hyderabad,NA
"Health,Medical and Family welfare Department,kothagudem",Bhadradri Kothagudem,NA
"Health,Medical and Family welfare Department,Shamirpet",Shamirpet,NA
"Health,Medical&Family Department(PHC) BIBINAGAR,Yadadri",Yadadri,NA
"Health,Medical&Family Department, Addagudur",Addagudur,NA
"Health,Medical&Family Department, Bollepally",Bollepally,NA
"Health,Medical&Family Department, KONDAMADUGU",KONDAMADUGU,NA
"Health,Medical&Family Department, Velvarthy",Velvarthy,NA
"Health,Medical&Family Department,bommalaramram",bommalaramram,NA
"Health,Medical&Family Department,Motakondur",Motakondur,NA
"Health,Medical&Family Department,Munipampula",Munipampula,NA
"Health,Medical&Family Department,Pochampally",Pochampally,NA
"Health,Medical&Family Department,Rajapet",Rajapet,NA
"Health,Medical&Family Department,Ramannapet",Ramannapet,NA
"Health,Medical&Family Department,S.Narayanapur",S.Narayanapur,NA
"Health,Medical&Family Department,Sharajipet",Sharajipet,NA
"Health,Medical&Family Department,Thangadapally",Thangadapally,NA
"Health,Medical&Family Department,thurkapally",thurkapally,NA
"Health,Medical&Family Department,VARKATPALLY",VARKATPALLY,NA
"Health,Medical&Family Department,Vemulakonda",Vemulakonda,NA
"Health,Medical&Family Department,Yadadri",Yadadri,NA
"Health,Medical&Family Department,Yadagirigutta",Yadagirigutta,NA
"Health,Medical&Family Welfare Department(Drugs),Medak",Medak,NA
"Health,Medical&Family welfare Department,Mulugu",Mulugu,NA
"Health,Medical&family welfare dept(TG INDUSTRIALHEALTHCLINIC LIMITED)",Medical&family welfare dept(TG INDUSTRIALHEALTHCLINIC LIMITED),NA
"Health,medical&Family Welfare, Mahabuababd",Mahabuababd,NA
"Health,medical&Family Welfare, Mahabubabad",Mahabubabad,NA
"Higher Education (Intermediate Education), Rajanna Sircilla",Rajanna Sircilla,NA
"Higher Education Department , Hyderabad",Hyderabad,NA
Higher Education Department( Intermediate Education)Jangaon,Jangaon,NA
"Higher Education Department(Polytechnic for Womens (SC)), Karimnagar",Karimnagar,NA
"Higher Education( Intermediate Education)Department,Medak",Medak,NA
"HIGHER EDUCATION(Collegiate Education)Department,Eturnagaram",Eturnagaram,NA
"HIGHER EDUCATION(Collegiate Education)Department,Mulugu",Mulugu,NA
Higher Education(Govt Medical college)Nagarkurnool,Nagarkurnool,NA
Higher Education(Intermediate Education )Kamareddy,Kamareddy,NA
"Higher Education(Intermediate Education)Department,Mulugu",Mulugu,NA
Higher Education(SATAVAHANA UNIVERSITY)KARIMNAGAR,Karimnagar,NA
Higher Education(Technical Education )Kosgi,Kosgi,NA
"Higher Education(TS Council of Higher Education)Department,Hyd",Hyd,NA
"Higher(GOVERNMENT DEGREE COLLEGE)Department, SIRCILLA",SIRCILLA,NA
"Home (Fire Service)Department,Kamareddy",Kamareddy,NA
Home Depaertment(Intelligence)Hyd,Hyd,NA
"Home Department (ACP Stn.), Ghanpur,Jangaon",Jangaon,NA
"Home Department (CI) Palakurthy,Jangaon",Jangaon,NA
"Home Department , Hyderabad",Hyderabad,NA
"Home Department Lingala Ghanpur,Jangaon",Jangaon,NA
"Home Department Raghunathpally,Jangaon",Jangaon,NA
"Home Department( Police) Medchal Zone, Cyberabad",Medchal,NA
Home Department( Prosecutions)Hyderabad,Hyderabad,NA
"Home Department((TGSP, Battalions), Hyderabad",Hyderabad,NA
"Home Department(10th Battalion), Jogulamba Gadwal",Jogulamba Gadwal,NA
"Home Department(12th Battalion),Nalgonda",Nalgonda,NA
"Home Department(13th Battalion, TGSP), Mancherial",Mancherial,NA
"Home Department(15th Battalion),Khammam",Khammam,NA
"Home Department(17th Battalion TGSP), Rajanna Siricilla",Rajanna Sircilla,NA
"Home Department(2nd Battalion),Adilabad",Adilabad,NA
"Home Department(3rd Battalion), Ibrahmpatnam",Ibrahmpatnam,NA
"Home Department(4th Battalion), Warangal",Warangal,NA
"Home Department(6th TGSP (IR) Battalion), Bhadradri Kothagudem",Bhadradri Kothagudem,NA
"Home Department(7th Battalion TGSP), Dichpally",Dichpally,NA
"Home Department(8th Battalion TGSP), Kondapur",Kondapur,NA
"Home Department(ACP), Jangaon",Jangaon,NA
"Home Department(ADGP, Women Safety Wing),Hyderabad",Hyderabad,NA
"Home Department(ADGP. Technical Services),Hyderabad",Hyderabad,NA
"Home Department(CI) Narmetta,Jangaon",Jangaon,NA
"Home Department(CI), Jangaon",Jangaon,NA
"Home Department(Commandant, 1st Battalion), Hyderabad",Hyderabad,NA
"Home Department(Commandant, 5th Battalion TGSP (IR)), Mulugu",Mulugu,NA
"Home Department(Cyber Security Bureau),Hyderabad",Hyderabad,NA
"Home Department(DIG of Police,IT&C),Hyderabad",Hyderabad,NA
"Home Department(District Fire Office),Yadadri Bhuavangiri",Yadadri Bhuavangiri,NA
"Home Department(Fire ),Mulugu",Mulugu,NA
Home Department(Fire Outpost) Ramannapet,Ramannapet,NA
Home Department(Fire Station )Bhongir,Bhongir,NA
Home Department(Fire Station )Yadagirigutta,Yadagirigutta,NA
Home Department(Fire Station) Alair,Alair,NA
Home Department(Fire Station) Mothkur,Mothkur,NA
Home Department(Fire Station)Choutuppal,Choutuppal,NA
"Home Department(Greyhounds),Hyderabad",Hyderabad,NA
"Home Department(Inspector General of Police, Railways),Hyderabad",Hyderabad,NA
"Home Department(OCTOPUS),Hyderabad",Hyderabad,NA
"Home Department(Police Training College), Amberpet,Hyderabad",Hyderabad,NA
"Home Department(Police Training College), Karimnagar",Karimnagar,NA
"Home Department(Police Training College), Warangal",Warangal,NA
"Home Department(Police Transport Organization),Hyderabad",Hyderabad,NA
"Home Department(Police), Jangaon",Jangaon,NA
"Home Department(SHO) Devaruppula, Jangaon",Jangaon,NA
"Home Department(SHO), Bachannapet,Jangaon",Jangaon,NA
"Home Department(SHO), Jangaon",Jangaon,NA
"Home Department(SHO), Kodakandla,Jangaon",Jangaon,NA
"Home Department(SHO), Narmetta,Jangaon",Jangaon,NA
"Home Department(SHO), Palakurthy,Jangaon",Jangaon,NA
"Home Department(SHO), Tharigoppula,Jangaon",Jangaon,NA
"Home Department(SHO), Zaffergadh,Jangaon",Jangaon,NA
"Home Department(Special Armed Reserve Central Police Lines),Hyderabad",Hyderabad,NA
"Home Department(Telangana Integrated Command and Control Centre),Hyd",Hyd,NA
"Home Department(Telangana Police Recruitment Board),Hyderabad",Hyderabad,NA
"Home Department(Telangana State Forensic Science Laboratory),Hyderabad",Hyderabad,NA
"Home Department, Jangaon",Jangaon,NA
"Home Department,Adilabad",Adilabad,NA
"Home Department,Chilpur, jangaon",Jangaon,NA
"Home Department,Hyderabad",Hyderabad,NA
"Home Department,Karimnagar",Karimnagar,NA
"Home Department,Khammam",Khammam,NA
"Home Department,Mahabubnagar",Mahabubnagar,NA
"Home Department,Medak",Medak,NA
"Home Department,Nalgonda",Nalgonda,NA
"Home Department,Nizamabad",Nizamabad,NA
"Home Department,Rangareddy",Ranga Reddy,NA
"Home Department,Saifabad,Hyderabad",Hyderabad,NA
"Home Department,Somajiguda,Hyd",Hyd,NA
"Home Department,Warangal",Warangal,NA
"Home( Fire)Department, Narayanpet",Narayanpet,NA
"Home( Fire)Department,,Makthal",Makthal,NA
"Home( Fire, Disaster Response, Emergency and Civil Defence) Department",Emergency and Civil Defence) Department,NA
"Home(Police)Department, Kamareddy",Kamareddy,NA
"Home(Police)Department, Narayanapet",Narayanapet,NA
Horticulture,,NA
Hyderabad Agriculture Cooperative Association,Hyderabad,NA
"I & PR Department,Nagarkurnool",Nagarkurnool,NA
"Industries & Commerce Department(Commerce and Export Promotion),Hyd",Hyd,NA
"Industries & Commerce Department, Bodhan",Bodhan,NA
"Industries & Commerce Department, Khammam",Khammam,NA
"Industries & Commerce Department,Abids,Hyd",Hyd,NA
"Industries & Commerce Department,Mahabubabad",Mahabubabad,NA
"Industries & Commerce Department,Nizamabad",Nizamabad,NA
"Industries & Commerce Department,Sangareddy",Sangareddy,NA
"Industries & Commerce Dept(TG State Avation Corp Ltd),Begumpet",Begumpet,NA
"Industries &Commerce Department,Nagarkurnool",Nagarkurnool,NA
"Industries &commerceDepartment,kothagudem",Bhadradri Kothagudem,NA
"Industries and Commerce Department ,Hyderabad",Hyderabad,NA
"Industries&Commerce Department,Khammam",Khammam,NA
"Industries&Commerce (Industries Centre)Department, Peddapalli",Peddapalli,NA
"Industries&Commerce Department,Mahabubnagar",Mahabubnagar,NA
"Industries&Commerce Department,MANCHERIAL",Mancherial,NA
"Industries&Commerce Department,Mulugu",Mulugu,NA
"Industries&Commerce Department,Nalgonda",Nalgonda,NA
"Industries&Commerce Depertment,Narayanpet",Narayanpet,NA
"Industries&Commerce(Handloom & Textiles)Department, Jangaon",Jangaon,NA
"Industries&Commerce(Handlooms and Textiles) Department, Narayanpet",Narayanpet,NA
"Industries&CommerceDepartment, Jangaon",Jangaon,NA
"Information & Public Relations(I&PR),Jangaon",Jangaon,NA
"Information & Public Relations,Bhupalpally",Jayashankar Bhupalapally,NA
Information and Public Relations,,NA
"Information PUBLIC RELATIONS DEPARTMENT, RAJANNA SIRICILLA",Rajanna Sircilla,NA
Information Technology,,NA
"Information&Public Relation Department,Mulugu",Mulugu,NA
"Information&Public Relations , Mancherial",Mancherial,NA
InformationTechnology Electronics and communications (TGTS),,NA
Infrastructure Investments,,NA
Instiution of Lokayukta of Telangana,,NA
"Irriation & CAD (IW&PW)Department,Bhoothpur",Bhoothpur,NA
"Irriation & CAD (IW&PW)Department,Mahabubnagar",Mahabubnagar,NA
"Irriation & CAD Department(Circle No.2),Mahabubnagar",Mahabubnagar,NA
"Irriation & CAD(IW&PW) Department,Devarkadra",Devarkadra,NA
"Irriation & CAD(IW&PW) Department,Mahabubnagar",Mahabubnagar,NA
Irrigation & CAD (IW&PW)Department,Department,NA
"Irrigation & CAD (IW&PW)Department,EE 6 Division Aswapuram",EE 6 Division Aswapuram,NA
"Irrigation & CAD (IW&PW)Department,EE Division 1 Kothagudem",Bhadradri Kothagudem,NA
"Irrigation & CAD (IW&PW)Department,EE Division 2 Aswaraopeta",EE Division 2 Aswaraopeta,NA
"Irrigation & CAD (IW&PW)Department,EE Division 3 Yellandu",EE Division 3 Yellandu,NA
"Irrigation & CAD Department(Division No. 02),Sangareddy",Sangareddy,NA
Irrigation & CAD Department(Division No.6) GV Gudem,GV Gudem,NA
Irrigation & CAD Department(Division No.6) GV Gudem Nalgonda,Nalgonda,NA
Irrigation & CAD Department(EE/Divn.4)Husnabad,Husnabad,NA
Irrigation & CAD Department(QC&I DIVISION NO.7)Karimnagar,Karimnagar,NA
"Irrigation & CAD Department,Armoor",Armoor,NA
"Irrigation & CAD Department,Armoor constiuency",Armoor constiuency,NA
"Irrigation & CAD Department,Balkonda",Balkonda,NA
"Irrigation & CAD Department,Bodhan",Bodhan,NA
"Irrigation & CAD Department,Chintal basti,Hyd",Hyd,NA
"Irrigation & CAD Department,Division No.7, Ramagundam",Ramagundam,NA
"Irrigation & CAD Department,Hyderabad",Hyderabad,NA
"Irrigation & CAD Department,Karimnagar",Karimnagar,NA
"Irrigation & CAD Department,Mahabubnagar",Mahabubnagar,NA
"Irrigation & CAD Department,Mint Compound, Khairatabad",Khairatabad,NA
"Irrigation & CAD Department,Nalgonda",Nalgonda,NA
"Irrigation & CAD Department,Nizamabad",Nizamabad,NA
"Irrigation & CAD Department,Nizambad",Nizambad,NA
"Irrigation & CAD Department,Nizambad Urban",Nizambad Urban,NA
"Irrigation & CAD Department,Ramagundam,Peddapalli",Peddapalli,NA
"Irrigation & CAD Department,Siddipet",Siddipet,NA
"Irrigation & CAD Department,SRSP Camp, Choppadandi",Choppadandi,NA
"Irrigation & CAD Department,WALAMTARI, Hyderabad",Hyderabad,NA
"Irrigation & CAD Department,Yellammagutta",Yellammagutta,NA
Irrigation & CAD Department9Irrigation)Wanaparthy,Wanaparthy,NA
"Irrigation & CAD( Chaingate)Department,Nirmal",Nirmal,NA
"Irrigation & CAD(IW&PW) Department, Division No.10, Nekkonda(M)",Nekkonda(M),NA
"Irrigation & CAD(IW&PW) Department, Division No.8, Mahabubabad",Mahabubabad,NA
"Irrigation & CAD(IW&PW) Department, Division No.9, Maripeda(M)",Maripeda(M),NA
"Irrigation & CAD(IW&PW) Department, Mahabubabad Circle",Mahabubabad,NA
"Irrigation & CAD(IW&PW) Department, Division 2 Aswaraopeta",Division 2 Aswaraopeta,NA
"Irrigation & CAD(IW&PW) Department, Division 3 Yellandu",Division 3 Yellandu,NA
"Irrigation & CAD(IW&PW) Department, Huzurabad",Huzurabad,NA
"Irrigation & CAD(IW&PW) Department, Irrigation Circle Bhadrachalam",Irrigation Circle Bhadrachalam,NA
"Irrigation & CAD(IW&PW) Department, Marriguda",Marriguda,NA
"Irrigation & CAD(IW&PW) Department, Medak",Medak,NA
"Irrigation & CAD(IW&PW) Department,Division 5 Bhadrachalam",Division 5 Bhadrachalam,NA
"Irrigation & CAD(IW&PW) Department,EE Division 4 Pinapaka",EE Division 4 Pinapaka,NA
"Irrigation & CAD(IW&PW) Department,EE Division 5 Bhadrachalam",EE Division 5 Bhadrachalam,NA
"Irrigation & CAD(IW&PW) Department,Hyderabad",Hyderabad,NA
"Irrigation & CAD(IW&PW) Department,Kothagudem",Bhadradri Kothagudem,NA
"Irrigation & CAD(IW&PW) Department,r Division 4 Pinapaka",r Division 4 Pinapaka,NA
"Irrigation & CAD(IW&PW) Department,SE Irrigation Circle Kothagudem",Bhadradri Kothagudem,NA
"Irrigation & CAD(IW&PW) Dept,K.C.Colony, Chinthagattu Camp Hanumakonda",Hanamkonda,NA
"Irrigation &CAD Department,Sangareddy",Sangareddy,NA
"Irrigation &CAD ,Department,peddapally(Manthani)",peddapally(Manthani),NA
"Irrigation &CAD Department ,eddakalvalaCamp,peddapally",peddapally,NA
"Irrigation &CAD Department(Telangana Development Corporation Lmt),Hyd",Hyd,NA
"Irrigation &CAD Department,(Division No.1)Adilabad",Adilabad,NA
"Irrigation &CAD Department,Annapurna colony",Annapurna colony,NA
"Irrigation &CAD Department,Bhupalpally",Jayashankar Bhupalapally,NA
"Irrigation &CAD Department,Bhupalpally-02",Jayashankar Bhupalapally,NA
"Irrigation &CAD Department,Ramagundam",Ramagundam,NA
"Irrigation &CAD Department,Sulthanabad",Sulthanabad,NA
"Irrigation &CAD,Department,peddapally",peddapally,NA
IRRIGATION AND CAD DEPARTMENT Gadwal,,NA
"IRRIGATION AND CAD DEPARTMENT Division No.4, Gadwal",Gadwal,NA
"IRRIGATION AND CAD DEPARTMENT, Division No.1, Gadwal",Gadwal,NA
"IRRIGATION AND CAD DEPARTMENT, Division No.2, Gadwal",Gadwal,NA
"IRRIGATION AND CAD DEPARTMENT, Division No.3, Gadwal",Gadwal,NA
"Irrigation and CAD Department, Mahabubnagar",Mahabubnagar,NA
"Irrigation&CAD (Mission Bhagirata)Department,chevella",chevella,NA
"Irrigation&CAD Department,Division No.1, Mancherial",Mancherial,NA
"Irrigation&CAD(IW&PW)Dept,Irrigation Circle(Laxmidevipally),Kothagudem",Bhadradri Kothagudem,NA
"Irrrigation & CAD Department,Gajwel",Gajwel,NA
Korutla Municipality,,NA
"Labour ,Employment Training&Factories(Corporation) Department,Jagtial",Jagtial,NA
"Labour Employement Training&Factories Department,Jagtial",Jagtial,NA
"Labour Employmen,Training &Factories Department, Banswada",Banswada,NA
"Labour Employmen,Training &Factories Department,Kamareddy",Kamareddy,NA
"Labour Employment ,Training &Factories Department, Kukatpally",Kukatpally,NA
"Labour Employment ,Training &Factories Department, Miryalaguda",Miryalaguda,NA
"Labour Employment ,Training &Factories Department, Moula-Ali",Moula-Ali,NA
"Labour Employment ,Training &Factories Department, Nachram",Nachram,NA
"Labour Employment ,Training &Factories Department, Nalgonda",Nalgonda,NA
"Labour Employment ,Training &Factories Department, Quthbullapur",Quthbullapur,NA
"Labour Employment ,Training &Factories Department, Suryapet",Suryapet,NA
"Labour Employment ,Training &Factories Department, Tandur",Tandur,NA
"Labour Employment ,Training &Factories Department, Vikarabad",Vikarabad,NA
"Labour Employment ,Training &Factories Department, Devarakonda",Devarakonda,NA
"Labour Employment ,Training &Factories Department, Malkajgiri",Malkajgiri,NA
"Labour Employment ,Training &Factories Department, Rangareddy",Ranga Reddy,NA
"Labour Employment ,Training &Factories Department,, Ibrahimpatnam",Ibrahimpatnam,NA
"Labour Employment ,Training &Factories Department,,Balanagar",Balanagar,NA
"Labour Employment ,Training &Factories Department,,Shadnagar",Shadnagar,NA
"Labour Employment ,Training &Factories Department,,Shamshabad",Shamshabad,NA
"Labour Employment Training &Factories Circle,Karimnagar, (FAC)",Karimnagar,NA
"Labour Employment Training &Factories Department of Boilers),Hyderabad",Hyderabad,NA
"Labour Employment Training &Factories Department, Kamareddy",Kamareddy,NA
"Labour employment Training &Factories Department, kothagudem",Bhadradri Kothagudem,NA
"Labour employment Training &Factories Department, Kothagudem",Bhadradri Kothagudem,NA
"Labour employment training &factories department, Mancherial",Mancherial,NA
"Labour Employment Training &Factories Department, Narayanapet",Narayanapet,NA
"Labour employment Training &Factories Department,Badrachalam",Badrachalam,NA
"Labour employment Training &Factories Department,Kothagudem",Bhadradri Kothagudem,NA
"Labour employment Training &Factories Department,Manuguru",Manuguru,NA
"Labour employment Training &Factories Department,yellandu",yellandu,NA
"Labour Employment Training &Factories, (FAC),Circle, Nalgonda",Nalgonda,NA
"Labour Employment Training& Factories Department, Ranga Reddy",Ranga Reddy,NA
"Labour Employment Training&Factories Department ,Cir No 03 Hyderabad",Hyderabad,NA
Labour Employment Training&Factories Department Banswada,Kamareddy,Banswada
Labour Employment Training&Factories Department- Bheemgal,Nizamabad,Bheemgal
Labour Employment Training&Factories Department- Bodhan,Nizamabad,Bodhan
Labour Employment Training&Factories Department Mahabubnagar,Mahabubnagar,NA
Labour Employment Training&Factories Department Sangareddy,Sangareddy,NA
Labour Employment Training&Factories Department Wanaparthy District,Wanaparthy,NA
Labour Employment Training&Factories Department( Circle-III)Nizamabad,Nizamabad,NA
Labour Employment Training&Factories Department(Circle - I) Nizamabad,Nizamabad,NA
Labour Employment Training&Factories Department(Circle-II) Nizamabad,Nizamabad,NA
"Labour Employment Training&Factories Department, Armoor",Armoor,NA
"Labour Employment Training&Factories Department, Cir No 01, Hyderabad",Hyderabad,NA
"Labour Employment Training&Factories Department, Cir No 02 Hyderabad",Hyderabad,NA
"Labour Employment Training&Factories Department, Cir No 04 Hyderabad",Hyderabad,NA
"Labour Employment Training&Factories Department, Cir No 08 Hyderabad",Hyderabad,NA
"Labour Employment Training&Factories Department, Cir.No.07, Hyderabad",Hyderabad,NA
"Labour Employment Training&Factories Department, Gajwel",Gajwel,NA
"Labour Employment Training&Factories Department, Mahabubnagar",Mahabubnagar,NA
"Labour Employment Training&Factories Department, MAHABUBNAGAR",Mahabubnagar,NA
"Labour Employment Training&factories Department, Mahabubnagar",Mahabubnagar,NA
"Labour Employment Training&Factories Department, Narayankhed",Narayankhed,NA
"Labour Employment Training&Factories Department, Narsapur",Narsapur,NA
"Labour Employment Training&Factories Department, Nizamabad",Nizamabad,NA
"Labour Employment Training&Factories Department, Patancheru",Patancheru,NA
"Labour Employment Training&Factories Department, Rajanna Sircilla",Rajanna Sircilla,NA
"Labour Employment Training&Factories Department, Ramayampet",Ramayampet,NA
"Labour Employment Training&Factories Department, Siddipet",Siddipet,NA
"Labour Employment Training&Factories Department, Zaheerabad",Zaheerabad,NA
"Labour Employment Training&Factories Department,Cir No 05 Hyderabad",Hyderabad,NA
"Labour Employment Training&Factories Department,Cir No 06 Hyderabad",Hyderabad,NA
"Labour Employment Training&Factories Department,Cir.No.09, Hyderabad",Hyderabad,NA
"Labour Employment Training&Factories Department,Cir.No.10",Cir.No.10,NA
"Labour Employment Training&Factories Department,Cir.No.11, Hyderabad",Hyderabad,NA
"Labour Employment Training&Factories Department,Cir.No.14, Hyderabad",Hyderabad,NA
"Labour Employment Training&Factories Department,Cir.No.15, Hyderabad",Hyderabad,NA
"Labour Employment Training&Factories Department,Cir.No.16, Hyderabad",Hyderabad,NA
"Labour Employment Training&Factories Department,Cir.No.17, Hyderabad",Hyderabad,NA
"Labour Employment Training&Factories Department,Cir.No.18, Hyderabad",Hyderabad,NA
"Labour Employment Training&Factories Department,Cir.No.20",,NA
"Labour Employment Training&Factories Department,Cir.No.21, Hyderabad",Hyderabad,NA
"Labour Employment Training&Factories Department,Cir.No.22, Hyderabad",Hyderabad,NA
"Labour Employment Training&Factories Department,Cir.No.23, Hyderabad",Hyderabad,NA
"Labour Employment Training&Factories Department,Cir.No.26, Hyderabad",Hyderabad,NA
"Labour Employment Training&Factories Department,Cir.No.28, Hyderabad",Hyderabad,NA
"Labour Employment Training&Factories Department,Cir.No.29, Hyderabad",Hyderabad,NA
"Labour Employment Training&Factories Department,Cir.No.32, Hyderabad",Hyderabad,NA
"Labour Employment Training&Factories Department,Cir.No.34, Hyderabad",Hyderabad,NA
"Labour Employment Training&Factories Department,Cir.No.35, Hyderabad",Hyderabad,NA
"Labour Employment Training&Factories Department,Cir.No.36, Hyderabad",Hyderabad,NA
"Labour Employment Training&Factories Department,Cir.No.37, Hyderabad",Hyderabad,NA
"Labour Employment Training&Factories Department,Cir.No19, Hyderabad",Hyderabad,NA
"Labour Employment Training&Factories Department,Himayatnagar",Himayatnagar,NA
"Labour Employment Training&Factories Department,Hyd(twin cities)",Hyd(twin cities),NA
"Labour Employment Training&Factories Department,Labour - IV, Hyderabad",Hyderabad,NA
"Labour Employment Training&Factories Department,Labour-I, Hyderabad",Hyderabad,NA
"Labour Employment Training&Factories Department,Labour-II, Hyderabad",Hyderabad,NA
"Labour Employment Training&Factories Department,Medchal",Medchal,NA
"Labour Employment Training&Factories Department,Nagarkurnool District",Nagarkurnool,NA
"Labour Employment Training&Factories Department,Patancheru & Siddipet",Siddipet,NA
"Labour Employment Training&Factories Department,Sangareddy",Sangareddy,NA
"Labour Employment Training&Factories DepartmentCir.No.12, Hyderabad",Hyderabad,NA
Labour Employment Training&Factories DepartmentCir.No.13,Hyderabad,NA
"Labour Employment Training&Factories Dept of Boilers Circle-I,HYD(FAC)",HYD(FAC),NA
"Labour Employment Training&Factories Dept of Boilers CircleII,HYD(FAC)",HYD(FAC),NA
"Labour Employment Training&Factories Dept,CircleIV,Hyderabad(FAC)",Hyderabad,NA
"Labour Employment,Training&Factories Department,Jangaon",Jangaon,NA
"Labour,Employement Training&Factories Department,Mulugu",Mulugu,NA
"Labour,Employement Training&Factories(Corporation) Department,Mulugu",Mulugu,NA
"Labour,Employment Training &Factories Department,Nagarkurnool",Nagarkurnool,NA
"Labour,Employment,Training Factories Department, Jangaon",Jangaon,NA
"Labour,Employment,Training&Factories Department,JS Bhupalpally",Jayashankar Bhupalapally,NA
"Law Department , Hyderabad",Hyderabad,NA
Mandal Praja Parishad Abdullapurmet,Ranga Reddy,Abdullapurmet
Mandal Praja Parishad AMANGAL,Ranga Reddy,AMANGAL
Mandal Praja Parishad Chevella,Ranga Reddy,Chevella
Mandal Praja Parishad Chowdariguda,Ranga Reddy,Chowdariguda
Mandal Praja Parishad Farooqnagar,Ranga Reddy,Farooqnagar
Mandal Praja Parishad Ibrahimpatnam,Ranga Reddy,Ibrahimpatnam
Mandal Praja Parishad KADTHAL,Ranga Reddy,KADTHAL
Mandal Praja Parishad Kandukur,Ranga Reddy,Kandukur
Mandal Praja Parishad KESHAMPET,Ranga Reddy,KESHAMPET
Mandal Praja Parishad Kondurg,Ranga Reddy,Kondurg
Mandal Praja Parishad Kothur,Ranga Reddy,Kothur
Mandal Praja Parishad MADGUL,Ranga Reddy,MADGUL
Mandal Praja Parishad Maheshwaram,Ranga Reddy,Maheshwaram
Mandal Praja Parishad Manchal,Ranga Reddy,Manchal
Mandal Praja Parishad Moinabad,Ranga Reddy,Moinabad
Mandal Praja Parishad Nandigama,Ranga Reddy,Nandigama
Mandal Praja Parishad Shabad,Ranga Reddy,Shabad
Mandal Praja Parishad SHAMSHABAD,Ranga Reddy,SHAMSHABAD
Mandal Praja Parishad SHANKERPALLY,Ranga Reddy,SHANKERPALLY
Mandal Praja Parishad Talakondapally,Ranga Reddy,Talakondapally
Mandal Praja Parishad Yacharam,Ranga Reddy,Yacharam
Mandal Praja Parishad Akberpet-Bhoompally,Akberpet-Bhoompally,Akberpet-Bhoompally
Mandal Praja Parishad Akkannapet,Siddipet,Akkannapet
Mandal Praja Parishad Bejjanki,Siddipet,Bejjanki
Mandal Praja Parishad Cherial,Siddipet,Cherial
Mandal Praja Parishad Chinnakodur,Siddipet,Chinnakodur
Mandal Praja Parishad Dhoolmitta,Siddipet,Dhoolmitta
Mandal Praja Parishad Doulthabad,Siddipet,Doulthabad
Mandal Praja Parishad Dubbak,Siddipet,Dubbak
Mandal Praja Parishad Gajwel,Siddipet,Gajwel
Mandal Praja Parishad Husnabad,Siddipet,Husnabad
Mandal Praja Parishad Inavolu,Siddipet,Inavolu
Mandal Praja Parishad Jagadevpur,Siddipet,Jagadevpur
Mandal Praja Parishad Koheda,Siddipet,Koheda
Mandal Praja Parishad Komuravelly,Siddipet,Komuravelly
Mandal Praja Parishad Kondapak,Siddipet,Kondapak
Mandal Praja Parishad Kukunoorpally,Siddipet,Kukunoorpally
Mandal Praja Parishad Maddur,Siddipet,Maddur
Mandal Praja Parishad Markook,Siddipet,Markook
Mandal Praja Parishad Mirdoddi,Siddipet,Mirdoddi
Mandal Praja Parishad Mulugu,Siddipet,Mulugu
Mandal Praja Parishad Nangunoor,Siddipet,Nangunoor
Mandal Praja Parishad Narayanraopet,Siddipet,Narayanraopet
Mandal Praja Parishad Raipole,Siddipet,Raipole
Mandal Praja Parishad Siddipet ( R),Siddipet,Siddipet (Rural)
Mandal Praja Parishad Siddipet (U),Siddipet,Siddipet (Urban)
Mandal Praja Parishad Thoguta,Siddipet,Thoguta
Mandal Praja Parishad Wargal,Siddipet,Wargal
"MedicalSuperintendent, Area Hospital, Jadcherla",Mahabubnagar,Jadcherla
"Mines & Geology Department, Jangaon",Jangaon,NA
"Mines & Geology Department,Kamareddy",Kamareddy,NA
"Mines & Geology Department,Mulugu",Mulugu,NA
"Mines & Geology waddepally, Hanamkonda",Hanamkonda,NA
Mines and Geology,,NA
"Mines and Geology Department, Mahabubnagar",Mahabubnagar,NA
"Mines and Geology Department,Khammam",Khammam,NA
"Mines and Geology Department,Medak",Medak,NA
"Mines and Geology Department,Naspur",Naspur,NA
"Mines&Geology Department,,Rajanna Sircilla",Rajanna Sircilla,NA
"Mines&Geology department,kothagudem",Bhadradri Kothagudem,NA
"Minoriteis Welfare Department,Khammam",Khammam,NA
"Minorities Welfare Department, Jangaon",Jangaon,NA
"Minorities welfare Department,kothagudem",Bhadradri Kothagudem,NA
"Minorities WelfareDepartment,Kamareddy",Kamareddy,NA
"Minorities WelfareDepartment,Naspur",Naspur,NA
"Minority Welfare Department,Medak",Medak,NA
"Mission for Elimination of Poverty in Municipal Area(MEPMA),Karimnagar",NA,NA
"Municipal Adiministration& Urban Development, Ghanpur (Stn)",Ghanpur (Stn),
"Municipal Adiministration& Urban Development, Jangaon",Jangaon,
"Municipal Administartion &Uran Development Department, Wardhannapet",Wardhannapet,
Municipal Administration & Urban Development Alampur,,
"Municipal Administration & Urban Development Department,Palavancha",Bhadradri Kothagudem,Palavancha
"Municipal Administration & Urban Development Dept,mauguru",mauguru,mauguru
"Municipal Administration & Urban Development Dept.,kothagudem",Bhadradri Kothagudem,kothagudem
Municipal Administration & Urban Development Gadwal,Gadwal,
Municipal Administration & Urban Development Ieeja,Leeja,
"Municipal Administration & Urban Development, Tellapur, Sangareddy",Sangareddy,
"Municipal Administration & Urban Development, Zaheerabad Sangareddy",Sangareddy,
Municipal Administration &Urban Development Kyathanpally,Kyathanpally,
"Municipal Administration &Urban Development,Bellampally",Bellampally,
"Municipal Administration &Urban Development,Chennur",Chennur,
"Municipal Administration &Urban Development,Hyderabad",Hyderabad,
"Municipal Administration &Urban Development,Luxettipet",Luxettipet,
"Municipal Administration &Urban Development,Mancherial",Mancherial,
"Municipal Administration &Urban Development,Mandamarri",Mandamarri,
"Municipal Administration&Urban Development Department, Narsampet",Narsampet,
"Municipal Administration&Urban Development Department,Mahabubnagar",Mahabubnagar,
"Municipal Administration&Urban Development Department,Mulugu",Mulugu,
"Municipal Administration&Urban Development Department,Peddapalli",Peddapalli,
Municipal Administration&Urban Development(MEPMA) Kamareddy,Kamareddy,
"Municipal Administration&Urban Development, Kamareddy",Kamareddy,
"Municipal Administration&Urban Development, YELLAREDDY",YELLAREDDY,
"Municipal Administration&Urban Development, Banswada",Banswada,
"Municipal Administration&Urban Development,Makthal",Makthal,
"Municipal Administration&Urban Development,Medak",Medak,
"Municipal Administration&Urban Development,Narayanpet",Narayanpet,
"Municipal Administration&Urban Development,Ramayampet,Medak",Medak,
"Municipal Administration&Urban Development,Toopran",Toopran,
"MunicipalAdministration &Urban Development Department, Alampur",Alampur,
Northern Power Distribution Company of Telangana,NA,
O/o Department of co-operation,NA,
O/o Department of Co-operation,NA,
O/o District Veterinary & Animal Husbandry,NA,
O/o District veterinery & animal husbandary,NA,
"O/o Superintending Engineer, Irrigation Circle, Kalluru, Khammam",Khammam,na
O/o Tahsildar Damera Mandal Hanumakonda District,Hanamkonda,Damera
O/o Tahsildar Mahadevpur Mandal Jayashankar Bhupalapally District,Jayashankar Bhupalapally,Mahadevpur
"O/o Tahsildar, ghanpur(M)",NA,ghanpur(M)
"O/o Tahsildar, Kataram Mandal Jayashankar Bhupalpally District",Jayashankar Bhupalapally,Kataram
"O/o Tahsildar, Kothapallygori Mandal Jayashankar Bhupalpally District",Jayashankar Bhupalapally,Kothapallygori
"O/o Tahsildar, Mahamutharam, Jayashankar Bhupalapally Dist",Jayashankar Bhupalapally,Mahamutharam
"O/o Tahsildar, Malharrao Mandal Jayashankar Bhupalpally District",Jayashankar Bhupalapally,Malharrao
"O/o Tahsildar, Mogullapally, Jayashankar Bhupalapally Dist",Jayashankar Bhupalapally,Mogullapally
"O/o Tahsildar, Tekumatla",NA,Tekumatla
"O/o the Assistant Civil Supply Offier, Secunderabad Circle",Secunderabad Circle,NA
"O/o. The Superintending Engineer, Irrigation Circle, Khammam",Khammam,NA
"O/oTahsildar, Tekumatla",Tekumatla,NA
"Office of the Asst. Labour Offficer, Madak",Madak,NA
Office of the Asst. Labour Officer Suryapet,Suryapet,NA
"Office of the Asst. Labour officer, Bhongir",Bhongir,NA
"Office of the Asst. Labour Officer, Kodad",Kodad,NA
Office of the Chief Planning Officer Hyderabad District,Hyderabad,NA
"Office of the Deputy Commissioner of Labour, Mahabubnagar",Mahabubnagar,NA
"OFFICE OF THE DISTRICT AUDIT OFFICER, STATE AUDIT,MANCHERIAL",Mancherial,NA
Office of the District Telangana State Housing Corporation Ltd Jagtial,Jagtial,NA
Panchayat Raj,,
"Panchayat Raj & Rural (DYEE PR SD Ghattu), Jogulamba Gadwal",Jogulamba Gadwal,Ghattu
"Panchayat Raj & Rural (DYEE PR SD Manopad), Jogulamba Gadwal",Jogulamba Gadwal,Manopad
Panchayat Raj & Rural (PIU Division) Gadwal,Jogulamba Gadwal,NA
"Panchayat Raj & Rural Development Department, Sangareddy",Sangareddy,NA
"Panchayat Raj & Rural Development Department, Alampur",Jogulamba Gadwal,Alampur
"Panchayat Raj & Rural Development Department, Andole, Sangareddy",Sangareddy,Andole
"Panchayat Raj & Rural Development Department, Chowtakur, Sangareddy",Sangareddy,Choutkur
"Panchayat Raj & Rural Development Department, Dharur",Vikarabad,Dharur
"Panchayat Raj & Rural Development Department, Gadwal",Jogulamba Gadwal,Gadwal
"Panchayat Raj & Rural Development Department, Gattu",Jogulamba Gadwal,Ghattu
"Panchayat Raj & Rural Development Department, Gummadidala, Sangareddy",Sangareddy,Gummadidala
"Panchayat Raj & Rural Development Department, Hathnoora, Sangareddy",Sangareddy,Hathnoora
"Panchayat Raj & Rural Development Department, Ieeja",Jogulamba Gadwal,Ieeja
"Panchayat Raj & Rural Development Department, Jharasangam, Sangareddy",Sangareddy,Jharasangam
"Panchayat Raj & Rural Development Department, Jinnaram, Sangareddy",Sangareddy,Jinnaram
"Panchayat Raj & Rural Development Department, Kalher, Sangareddy",Sangareddy,Kalher
"Panchayat Raj & Rural Development Department, Kandi, Sangareddy",Sangareddy,Kandi
"Panchayat Raj & Rural Development Department, Kangti, Sangareddy",Sangareddy,Kangti
"Panchayat Raj & Rural Development Department, Kohir, Sangareddy",Sangareddy,Kohir
"Panchayat Raj & Rural Development Department, Kondapur, Sangareddy",Sangareddy,Kondapur
"Panchayat Raj & Rural Development Department, KT Doddi",Narayanpet,Krishna (KT Doddi)
"Panchayat Raj & Rural Development Department, Maldakal",Jogulamba Gadwal,Maldakal
"Panchayat Raj & Rural Development Department, Manoor, Sangareddy",Sangareddy,Manoor
"Panchayat Raj & Rural Development Department, Manopad",Jogulamba Gadwal,Manopad
"Panchayat Raj & Rural Development Department, Mogudampally, Sangareddy",Sangareddy,Mogudampally
"Panchayat Raj & Rural Development Department, Munipally, Sangareddy",Sangareddy,Munipally
"Panchayat Raj & Rural Development Department, Nagalgidda, Sangareddy",Sangareddy,Nagalgidda
"Panchayat Raj & Rural Development Department, Narayankhed, Sangareddy",Sangareddy,Narayankhed
"Panchayat Raj & Rural Development Department, Nizampet, Sangareddy",Sangareddy,Nizampet
"Panchayat Raj & Rural Development Department, Nyalkal, Sangareddy",Sangareddy,Nyalkal
"Panchayat Raj & Rural Development Department, Patancheru, Sangareddy",Sangareddy,Patancheru
"Panchayat Raj & Rural Development Department, Pulkal, Sangareddy",Sangareddy,Pulkal
"Panchayat Raj & Rural Development Department, Raikode, Sangareddy",Sangareddy,Raikode
"Panchayat Raj & Rural Development Department, Rajoli",Jogulamba Gadwal,Rajoli
"Panchayat Raj & Rural Development Department, Sadashivapet, Sangareddy",Sangareddy,Sadashivpet
"Panchayat Raj & Rural Development Department, Sirgapur, Sangareddy",Sangareddy,Sirgapur
"Panchayat Raj & Rural Development Department, Undavelly",Jogulamba Gadwal,Undavelli
"Panchayat Raj & Rural Development Department, Waddepally",Jogulamba Gadwal,Waddepally
"Panchayat Raj & Rural Development Department, Watpally, Sangareddy",Sangareddy,Watpally
"Panchayat Raj & Rural Development Department, Zaheerabad, Sangareddy",Sangareddy,Zaheerabad
"Panchayat Raj & Rural Development Department,Ameenpur, Sangareddy",Sangareddy,Ameenpur
"Panchayat Raj & Rural Development Department,Hyderabad",Hyderabad,NA
Panchayat Raj & Rural Development( Mission Bhagiratha-Intra) Medak,Medak,NA
Panchayat Raj & Rural Development(Mandal Praja Parishad ) Nagireddypet,Kamareddy,Nagireddypet
Panchayat Raj & Rural Development(Mandal Praja Parishad )Bhiknoor,Kamareddy,Bhiknoor
Panchayat Raj & Rural Development(Mandal Praja Parishad )Bibipet,Kamareddy,Bibipet
Panchayat Raj & Rural Development(Mandal Praja Parishad )Bichkunda,Kamareddy,Bichkunda
Panchayat Raj & Rural Development(Mandal Praja Parishad )Lingampet,Kamareddy,Lingampet
Panchayat Raj & Rural Development(Mandal Praja Parishad )Nizamsagar,Kamareddy,Nizamsagar
Panchayat Raj & Rural Development(Mandal Praja Parishad) Domakonda,Kamareddy,Domakonda
Panchayat Raj & Rural Development(Mandal Praja Parishad) Machareddy,Kamareddy,Machareddy
Panchayat Raj & Rural Development(Mandal Praja Parishad) Madnoor,Kamareddy,Madnoor
Panchayat Raj & Rural Development(Mandal Praja Parishad) Rajampet,Kamareddy,Rajampet
Panchayat Raj & Rural Development(Mandal Praja Parishad) Yellareddy,Kamareddy,Yellareddy
"Panchayat Raj & Rural Development(Mandal Praja Parishad), Banswada",Kamareddy,Banswada
"Panchayat Raj & Rural Development(Mandal Praja Parishad), Jukkal",Kamareddy,Jukkal
"Panchayat Raj & Rural Development(Mandal Praja Parishad), Ramareddy",Kamareddy,Ramareddy
Panchayat Raj & Rural Development(Mandal Praja Parishad)Sadashivanagar,Kamareddy,Sadashivanagar
"Panchayat Raj & Rural Development(Mandal Praja Parishad,)Nasrullabad",Kamareddy,Nasrullabad
Panchayat Raj & Rural Development(Mandala praja parishad )Gandhari,Kamareddy,Gandhari
Panchayat Raj & Rural Development(MPDO) Birkoor,Kamareddy,Birkoor
Panchayat Raj & Rural Development(MPP )Regode,Medak,Regode
Panchayat Raj & Rural Development(MPP) Alladurg,Medak,Alladurg
Panchayat Raj & Rural Development(MPP) CHEGUNTA,Medak,Chegunta
Panchayat Raj & Rural Development(MPP) Chilipiched,Medak,Chilipched
Panchayat Raj & Rural Development(MPP) Kowdipally,Medak,Kowdipally
Panchayat Raj & Rural Development(MPP) Kulcharam,Medak,Kulcharam
Panchayat Raj & Rural Development(MPP) MANOHARABAD,Medak,Manoharabad
Panchayat Raj & Rural Development(MPP) Medak,Medak,Medak
Panchayat Raj & Rural Development(MPP) NARSAPUR,Medak,Narsapur
Panchayat Raj & Rural Development(MPP) NARSINGI,Medak,Narsingi
Panchayat Raj & Rural Development(MPP) Nizampet,Medak,Nizampet
Panchayat Raj & Rural Development(MPP) Papannapet,Medak,Papannapet
Panchayat Raj & Rural Development(MPP) Ramayampet,Medak,Ramayampet
Panchayat Raj & Rural Development(MPP) Shankarampet (R),Medak,Shankarampet (R)
Panchayat Raj & Rural Development(MPP) Shankarampet A,Medak,Shankarampet (A)
Panchayat Raj & Rural Development(MPP) SHIVAMPET,Medak,Shivampet
Panchayat Raj & Rural Development(MPP) Tekmal,Medak,Tekmal
Panchayat Raj & Rural Development(MPP) Toopran,Medak,Toopran
Panchayat Raj & Rural Development(MPP) YELDURTHY,Medak,Yeldurthy
Panchayat Raj & Rural Development(MPP)Haveli Ghanapur,Medak,Haveli Ghanpur
Panchayat Raj & Rural Development(Zilla Parishad )medak,Medak,NA
Panchayat Raj & Rural Development(Zilla Praja Parisahad )Kamareddy,Kamareddy,NA
"Panchayat Raj & Rural Development, (PIU) Division Kamareddy",Kamareddy,NA
"Panchayat Raj & Rural Development, Dongli",Kamareddy,Dongli
"Panchayat Raj & Rural Development, Palwancha",Bhadradri Kothagudem,Palwancha
"Panchayat Raj & Rural Development, PEDDA KODAPGAL",Kamareddy,Pedda Kodapgal
"Panchayat Raj & Rural Development, Tadwai",Kamareddy,Tadwai
"Panchayat Raj & Rural Development,Medak",Medak,NA
"Panchayat Raj & Rural Development,medak",Medak,NA
"Panchayat Raj & Rural(Zilla Praja Parishad)Department,Jagtial",Jagtial,NA
"Panchayat Raj & Rurla(Engineering) Department, Peddapally",Peddapalli,NA
"Panchayat Raj &Rural Development Department, Vikarabad",Vikarabad,NA
Panchayat Raj &Rural development dept(MPP) Mulakalapally,Bhadradri Kothagudem,Mulakalapally
"Panchayat Raj &Rural development dept,DRDA kothagudem",Bhadradri Kothagudem,NA
"Panchayat Raj &Rural development dept,MPP",Bhadradri Kothagudem,NA
"Panchayat Raj &Rural development dept,MPP Laxmidevipally",Bhadradri Kothagudem,Laxmidevipally
"Panchayat Raj &Rural development dept,MPP ,PIU Divsion,Kothagudem",Bhadradri Kothagudem,NA
"Panchayat Raj &Rural development dept,MPP . Yellandu",Bhadradri Kothagudem,Yellandu
"Panchayat Raj &Rural development dept,MPP Allapally",Bhadradri Kothagudem,Allapalli
"Panchayat Raj &Rural development dept,MPP Annapureddipalli",Bhadradri Kothagudem,Annapureddypalli
"Panchayat Raj &Rural development dept,MPP Aswapuram",Bhadradri Kothagudem,Aswapuram
"Panchayat Raj &Rural development dept,MPP Aswaraopeta",Bhadradri Kothagudem,Aswaraopeta
"Panchayat Raj &Rural development dept,MPP Burgampahad",Bhadradri Kothagudem,Burgampahad
"Panchayat Raj &Rural development dept,MPP chandrugonda",Bhadradri Kothagudem,Chandrugonda
"Panchayat Raj &Rural development dept,MPP Charla",Bhadradri Kothagudem,Charla
"Panchayat Raj &Rural development dept,MPP Chunchupalli",Bhadradri Kothagudem,Chunchupalli
"Panchayat Raj &Rural development dept,MPP Dammapeta",Bhadradri Kothagudem,Dammapeta
"Panchayat Raj &Rural development dept,MPP Gundala",Bhadradri Kothagudem,Gundala
"Panchayat Raj &Rural development dept,MPP Julurpadu",Bhadradri Kothagudem,Julurpad
"Panchayat Raj &Rural development dept,MPP kothagudem",Bhadradri Kothagudem,Kothagudem
"Panchayat Raj &Rural development dept,MPP kothagudem,District Panchaya",Bhadradri Kothagudem,Kothagudem
"Panchayat Raj &Rural development dept,MPP Manuguru",Bhadradri Kothagudem,Manuguru
"Panchayat Raj &Rural development dept,MPP palvancha",Bhadradri Kothagudem,Palwancha
"Panchayat Raj &Rural development dept,MPP PINAPAKA",Bhadradri Kothagudem,Pinapaka
"Panchayat Raj &Rural development dept,MPP Sujathnagar",Bhadradri Kothagudem,Sujathanagar
"Panchayat Raj &Rural development dept,MPP Tekulapally",Bhadradri Kothagudem,Tekulapalli
"PANCHAYAT RAJ , Damera",Hanumakonda,Damera
"Panchayat Raj and Rural Development Department(DRDA)Anthepally,medchal",Medchal–Malkajgiri,NA
Panchayat Raj and Rural Development Dept(Zilla PrajaParishad)Vikarabad,Vikarabad,NA
Panchayat Raj and Rural Development(Mandal Praja Parishad) Bellampalli,Mancherial,Bellampalli
Panchayat Raj and Rural Development(Mandal Praja Parishad) Dandepally,Mancherial,Dandepally
Panchayat Raj and Rural Development(Mandal Praja Parishad) Hajipur,Mancherial,Hajipur
Panchayat Raj and Rural Development(Mandal Praja Parishad) Jannaram,Mancherial,Jannaram
Panchayat Raj and Rural Development(Mandal Praja Parishad) Mandamarri,Mancherial,Mandamarri
Panchayat Raj and Rural Development(Mandal Praja Parishad) Tandur,Mancherial,Tandur
Panchayat Raj and Rural Development(Mandal Praja Parishad)Bheemaram,Mancherial,Bheemaram
Panchayat Raj and Rural Development(Mandal Praja Parishad)Bheemini,Mancherial,Bheemini
Panchayat Raj and Rural Development(Mandal Praja Parishad)Chennur,Mancherial,Chennur
Panchayat Raj and Rural Development(Mandal Praja Parishad)Jaipur,Mancherial,Jaipur
Panchayat Raj and Rural Development(Mandal Praja Parishad)Kannepally,Mancherial,Kannepalli
Panchayat Raj and Rural Development(Mandal Praja Parishad)Kasipet,Mancherial,Kasipet
Panchayat Raj and Rural Development(Mandal Praja Parishad)Kotapally,Mancherial,Kotapalli
Panchayat Raj and Rural Development(Mandal Praja Parishad)Nennel,Mancherial,Nennel
Panchayat Raj and Rural Development(Mandal Praja Parishad)Vemanpally,Mancherial,Vemanpalli
"Panchayat Raj and Rural Development(Mandal Praja Parishad,)Luxettipet",Mancherial,Luxettipet
Panchayat Raj and Rural Development(Zilla Praja Parishad) Mancherial,Mancherial,NA
"Panchayat Raj and Rural Development, Mancherial",Mancherial,NA
PANCHAYAT RAJ Athmakur,Hanumakonda,Atmakur
PANCHAYAT RAJ Bheemadevarapalli,Hanumakonda,Bheemadevarpally
"Panchayat Raj Dept,Medchal-Malkajgiri",Medchal–Malkajgiri,NA
Panchayat Raj&Rural Developmen(Mandal Praja Parishad) Kothapallygori,Jayashankar Bhupalpally,Kothapally Gori
Panchayat Raj&Rural Developmen(Mandal Praja Parishad) Chityal,Jayashankar Bhupalpally,Chityal
Panchayat Raj&Rural Developmen(Mandal Praja Parishad) GHANPUR(M),Jayashankar Bhupalpally,Ghanpur
Panchayat Raj&Rural Developmen(Mandal Praja Parishad) Mahamutharam,Jayashankar Bhupalpally,Mahamutharam
Panchayat Raj&Rural Developmen(Mandal Praja Parishad) Tekumatla,Jayashankar Bhupalpally,Tekumatla
"Panchayat Raj&Rural Development , Mahabubnagar",Mahabubnagar,NA
"Panchayat Raj&Rural Development Departmen(MPP) Chilpur,Jangaon",Jangaon,Chilpur
"Panchayat Raj&Rural Development Departmen(MPP) Ghanpur (Stn.),Jangaon",Jangaon,Ghanpur (Station)
"Panchayat Raj&Rural Development Departmen(MPP) Kodakandla, Jangaon",Jangaon,Kodakandla
"Panchayat Raj&Rural Development Departmen(MPP) Lingalaghanpur, Jangaon",Jangaon,Lingalaghanpur
"Panchayat Raj&Rural Development Departmen(Zilla Parishad),Jangaon",Jangaon,NA
Panchayat Raj&Rural Development Department Bayyaram,Mahabubabad,Bayyaram
Panchayat Raj&Rural Development Department Chinnagudur,Mahabubabad,Chinnagudur
Panchayat Raj&Rural Development Department Danthalapally,Mahabubabad,Danthalapally
Panchayat Raj&Rural Development Department Gangaram,Mahabubabad,Gangaram
Panchayat Raj&Rural Development Department Gudur,Mahabubabad,Gudur
Panchayat Raj&Rural Development Department Inugurthy,Mahabubabad,Inugurthy
Panchayat Raj&Rural Development Department Jangaon,Jangaon,Jangaon
Panchayat Raj&Rural Development Department Kesamudram,Mahabubabad,Kesamudram
Panchayat Raj&Rural Development Department Kothaguda,Mahabubabad,Kothaguda
Panchayat Raj&Rural Development Department Kuravi,Mahabubabad,Kuravi
Panchayat Raj&Rural Development Department Mahabubabad,Mahabubabad,Mahabubabad
Panchayat Raj&Rural Development Department Maripeda,Mahabubabad,Maripeda
Panchayat Raj&Rural Development Department Narsimhulapet,Mahabubabad,Narsimhulapet
Panchayat Raj&Rural Development Department Nellikudur,Mahabubabad,Nellikudur
Panchayat Raj&Rural Development Department Peddavangara,Mahabubabad,Peddavangara
Panchayat Raj&Rural Development Department Seerole,Mahabubabad,Seerole
Panchayat Raj&Rural Development Department Thorrur,Mahabubabad,Thorrur
"Panchayat Raj&Rural Development Department(DRDO),Nalgonda",Nalgonda,NA
"Panchayat Raj&Rural Development Department(MB Intra),Peddapalli",Peddapalli,NA
"Panchayat Raj&Rural Development Department(MPP) Palakurthy, Jangaon",Jangaon,Palakurthy
"Panchayat Raj&Rural Development Department(MPP) Tharigoppula, Jangaon",Jangaon,Tharigoppula
"Panchayat Raj&Rural Development Department(MPP) Zaffaragdh,Jangaon",Jangaon,Zaffargadh
"Panchayat Raj&Rural Development Department(MPP) Bachannapet, Jangaon",Jangaon,Bachannapet
"Panchayat Raj&Rural Development Department(MPP) Devaruppula, Jangaon",Jangaon,Devaruppula
"Panchayat Raj&Rural Development Department(MPP) Narmetta,Jangaon",Jangaon,Narmetta
"Panchayat Raj&Rural Development Department(MPP), Jangaon",Jangaon,NA
"Panchayat Raj&Rural Development Department, Adilabad",Adilabad,NA
"Panchayat Raj&Rural Development Department, Ghanpur (Stn),Jangaon",Jangaon,Ghanpur (Station)
"Panchayat Raj&Rural Development Department, Jangaon",Jangaon,Jangaon
"Panchayat Raj&Rural Development Department, Mahabubabad",Mahabubabad,NA
"Panchayat Raj&Rural Development Department, Mahabubnagar",Mahabubnagar,NA
"Panchayat Raj&Rural Development Department,Adilabad",Adilabad,NA
"Panchayat Raj&Rural Development Department,Bazarhathnoor",Adilabad,Bazarhathnoor
"Panchayat Raj&Rural Development Department,Bela",Adilabad,Bela
"Panchayat Raj&Rural Development Department,Bheempur",Adilabad,Bheempur
"Panchayat Raj&Rural Development Department,Bhoraj",Adilabad,Bhoraj
"Panchayat Raj&Rural Development Department,Boath",Adilabad,Boath
"Panchayat Raj&Rural Development Department,Echoda",Adilabad,Echoda
"Panchayat Raj&Rural Development Department,Gadiguda",Adilabad,Gadiguda
"Panchayat Raj&Rural Development Department,Gudihathnoor",Hyderabad,Gudihathnoor
"Panchayat Raj&Rural Development Department,Hyderabad",Adilabad,NA
"Panchayat Raj&Rural Development Department,Indervelly",Jogulamba Gadwal,Indervelly
"Panchayat Raj&Rural Development Department,itikyal",Adilabad,Itikyal
"Panchayat Raj&Rural Development Department,Jainad",Mahabubabad,Jainad
"Panchayat Raj&Rural Development Department,Mahabubabad",Adilabad,NA
"Panchayat Raj&Rural Development Department,Mavala",Mulugu,Mavala
"Panchayat Raj&Rural Development department,Mulugu",Adilabad,NA
"Panchayat Raj&Rural Development Department,Narnoor",Adilabad,Narnoor
"Panchayat Raj&Rural Development Department,Neradigonda",Nizamabad,Neradigonda
"Panchayat Raj&Rural Development Department,Nizamabad",Bhadradri Kothagudem,NA
"Panchayat raj&Rural development Department,PR Division, Bhadrachalam",Adilabad,Bhadrachalam
"Panchayat Raj&Rural Development Department,Sathnala",Nizamabad,Sathnala
"Panchayat Raj&Rural Development Department,Sirikonda",Adilabad,Sirikonda
"Panchayat Raj&Rural Development Department,Sonala",Adilabad,Sonala
"Panchayat Raj&Rural Development Department,Talamadugu",Adilabad,Talamadugu
"Panchayat Raj&Rural Development Department,Tamsi",Adilabad,Tamsi
"Panchayat Raj&Rural Development Department,Utnoor",Nizamabad,Utnoor
"Panchayat Raj&Rural Development Department,ZP Compound,Nizamabad",Nagarkurnool,NA
"Panchayat Raj&Rural Development Division, Nagarkurnool",Nagarkurnool,NA
"Panchayat Raj&Rural Development Kalwakurthy, Nagarkurnool Dist",Mancherial,Kalwakurthy
Panchayat Raj&Rural Development( Rural Development Agency) Mancherial,Nagarkurnool,NA
Panchayat Raj&Rural Development(Collectorate)Nagarkurnool,Mulugu,NA
"Panchayat Raj&Rural Development(Mandal Praja Parishad), Mogullapally",Jayashankar Bhupalpally,Mogullapally
"Panchayat Raj&Rural Development(Mandal Praja Parishad),Tekumatla",Mulugu,Tekumatla
Panchayat Raj&Rural Development(Mission Bhagiratha)Eturunagaram,Mulugu,Eturunagaram
Panchayat Raj&Rural Development(Mission Bhagiratha)Mulugu,Khammam,Mulugu
Panchayat Raj&Rural Development(Zilla Praja Parishad)Khammam,Nizamabad,NA
"Panchayat Raj&Rural Development(ZPP)Department,Nizamabad",Jangaon,NA
"Panchayat Raj&Rural Development, Jangaon",Nagarkurnool,NA
"Panchayat Raj&Rural Development, Achampet, Nagarkurnool Dist",Nagarkurnool,Achampet
"Panchayat Raj&Rural Development, Bijinepally, Nagarkurnool Dist",Nagarkurnool,Bijinapally
"Panchayat Raj&Rural Development, Nagarkurnool,, Nagarkurnool Dist",Jangaon,Nagarkurnool
"Panchayat Raj&Rural Development, Palakurthy",Nagarkurnool,Palakurthy
"Panchayat Raj&Rural Development,Balmoor, Nagarkurnool Dist",Mulugu,Balmoor
"Panchayat Raj&Rural Development,Jakaram,Mulugu",Jangaon,Jakaram
"Panchayat Raj&Rural Development,Jangaon",Mulugu,Jangaon
"Panchayat Raj&Rural Development,Mallampally",Mancherial,Mallampally
"Panchayat Raj&Rural Development,Mancherial",Medak,Mancherial
"Panchayat Raj&Rural Development,Medak",Mulugu,NA
"Panchayat Raj&Rural Development,Mulugu",Nagarkurnool,Mulugu
"Panchayat Raj&Rural Development,Nagarkurnool",Narayanpet,Nagarkurnool
"Panchayat Raj&Rural Development,Narayanpet",Nalgonda,Narayanpet
"Panchayat Raj&Rural Dvelopment,Devarakonda",Nalgonda,Devarakonda
"Panchayat Raj&Rural Dvelopment,Haliya",Nalgonda,Haliya
"Panchayat Raj&Rural Dvelopment,Miryalaguda",Nalgonda,Miryalaguda
"Panchayat Raj&Rural Dvelopment,Munugode",Nalgonda,Munugode
"Panchayat Raj&Rural Dvelopment,Nakrekal",Nizamabad,Nakrekal
"Panchayat Raj&Rural(MB Intra Division)Department, Nizamabad",Peddapalli,NA
"Panchayat Raj&RuralDevelopment (MB Grid)Department, Peddapally",Peddapally,Peddapally
"PANCHAYAT RAJ, Dharmasagar",Hanumakonda,Dharmasagar
"PANCHAYAT RAJ, Elkathurthi",Hanumakonda,Elkathurthi
"PANCHAYAT RAJ, Hasanparthy",Hanumakonda,Hasanparthy
"PANCHAYAT RAJ, Inavolu",Hanumakonda,Inavolu
"PANCHAYAT RAJ, Kamalapur",Hanumakonda,Kamalapur
"PANCHAYAT RAJ, Nadikuda",Hanumakonda,Nadikuda
"PANCHAYAT RAJ, NAKKALAGUTTA",Hanumakonda,Hanumakonda (Nakkalagutta)
"PANCHAYAT RAJ, Parkal",Hanumakonda,Parkal
"PANCHAYAT RAJ, Shayampet",Hanumakonda,Shayampet
"PANCHAYAT RAJ, Velair",Hanumakonda,Velair
"Panchayat Raji and Rural Development Department,Hyderabad",Hyderabad,NA
"Panchayath Raj & Rural Employement, Dharmsagar",Hanumakonda,Dharmasagar
Panchayath Raj&Rural Department(Mandal Praja Parishad) Khanapur,Hanumakonda,Khanapur
Panchayath Raj&Rural Department(Mandal Praja Parishad) Narsampet,Hanumakonda,Narsampet
Panchayath Raj&Rural Department(Mandal Praja Parishad) Nekkonda,Hanumakonda,Nekkonda
Panchayath Raj&Rural Department(Mandal Praja Parishad) Wardhannapet,Hanumakonda,Wardhannapet
"Panchayath Raj&Rural Department(Mandal Praja Parishad), Rayaparthy",Hanumakonda,Rayaparthy
Panchayath Raj&Rural Department(Mandal Praja Parishad)Chennaraopet,Hanumakonda,Chennaraopet
Panchayath Raj&Rural Department(Mandal Praja Parishad)Geesugonda,Hanumakonda,Geesugonda
Panchayath Raj&Rural Department(Mandal Praja Parishad)Nallabelly,Hanumakonda,Nallabelly
Panchayath Raj&Rural Department(Mandal Praja Parishad)Parvathagiri,Hanumakonda,Parvathagiri
Panchayath Raj&Rural Department(Mandal Praja Parishad)Sangem,Hanumakonda,Sangem
"Panchayath Raj&Rural Department(Mandal Praja Parishad,)Duggondi",Hanumakonda,Duggondi
"Panchayathraj &Rural Department,Makthal-I",Narayanpet,Makthal
"Panchayathraj &Rural Department,Makthal-II",Narayanpet,Makthal
"Panchayathraj &Rural Department,Marikal",Narayanpet,Marikal
"Panchayathraj &Rural Department,Narayanpet",Narayanpet,Narayanpet
"Panchayathraj&Rural Development,Mulugu",Mulugu,Mulugu
"Panchayathraj&Rural Development,Tadvai",Mulugu,Tadvai
"Panchayathraj&Rural Development,Venkatapuram",Mulugu,Venkatapuram
"Panchayathraj&Rural(MPP ) Development,Venkatapur",Mulugu,Venkatapuram
"Panchayathraj&Rural(MPP) Development,Wazeedu",Mulugu,Wazeedu
"PanchayatRaj&Rural Development Department, Jayashankar",Jayashankar Bhupalpally,NA
PANCHYATH RAJ&RURAL DEVELOPMENT DEPARTMENT(MissionBhagiratha)Shadnagar,Ranga Reddy,Shadnagar
"PANCHYATH RAJ&RURAL DEVELOPMENT DEPARTMENT,Siddipet",Siddipet,NA
"Planning Department ,Sircilla",Sircilla,NA
"Planning Department, (Naspur)MANCHERIAL",Mancherial,NA
"Planning Department, Adilabad(Kumarambheem Chowk)",Adilabad,NA
"Planning Department, Bhongiri",Bhongiri,NA
"Planning Department, Jagtial",Jagtial,NA
"Planning Department, Jangaon",Jangaon,NA
"Planning Department, Mahabubabad",Mahabubabad,NA
"Planning Department, Nalgonda",Nalgonda,NA
"Planning Department, Nirmal",Nirmal,NA
"Planning Department, Peddapalli",Peddapalli,NA
"Planning Department, Warangal",Warangal,NA
"Planning Department,Hanumakonda",Hanamkonda,NA
"Planning Department,Ibrahimpatnam(M)",Ibrahimpatnam(M),NA
"Planning Department,Mahabubnagar",Mahabubnagar,NA
"Planning Department,Medak",Medak,NA
"Planning Department,Nirmal",Nirmal,NA
"Planning Department,Vvpalem, Khammam",Khammam,NA
"Planning Dept, Mahabubnagar",Mahabubnagar,NA
"Planning Dept, Mulugu",Mulugu,NA
"PlanningDepartment,Hyderabad",Hyderabad,NA
PR & RD (DRDA Hanumakonda),Hanamkonda,NA
"Prohibition & Excise Department,Gadwal",Gadwal,NA
"Prohibition & Excise Department,kothagudem",Bhadradri Kothagudem,NA
"Prohibition&Excise department,Kothagudem",Bhadradri Kothagudem,NA
Raikal Municipality Office,,NA
"Raja Bahadur Venkat Rama Reddy Telangana Police Academy,Hyderabad",Hyderabad,NA
Rajanna Sircilla District collectorate,Rajanna Sircilla,NA
Ramagundam Municipal Corporation,,NA
"Ramagundam Municipal Corporation, Peddapalli",Peddapalli,NA
RDO office Narsapur,,NA
RDO(Revenue Department)Gadwal,Gadwal,NA
"Registration and Stamps Department, BHADRACHALAM",BHADRACHALAM,NA
"Registration and Stamps Department, Bhongir",Bhongir,NA
"Registration and Stamps Department, Farooqnagar",Farooqnagar,NA
"Registration and Stamps Department, KALLURU",KALLURU,NA
"Registration and Stamps Department, KHAMMAM",Khammam,NA
"Registration and Stamps Department, MADHIRA",MADHIRA,NA
"Registration and Stamps Department, Mahabubnagar",Mahabubnagar,NA
"Registration and Stamps Department, Miryalaguda",Miryalaguda,NA
"Registration and Stamps Department, Nampally",Nampally,NA
"Registration and Stamps Department, SRO KHAMMAM RURAL",Khammam,NA
"Registration and Stamps Department, WYRA",WYRA,NA
"Registration and Stamps Department, YELLANDU",YELLANDU,NA
"Registration and Stamps Department, Bibinagar",Bibinagar,NA
"Registration and Stamps Department, Chandur",Chandur,NA
"Registration and Stamps Department, DEVARAKONDA",DEVARAKONDA,NA
"Registration and Stamps Department, HUZURNAGAR",HUZURNAGAR,NA
"Registration and Stamps Department, KODAD",KODAD,NA
"Registration and Stamps Department, Mothkur",Mothkur,NA
"Registration and Stamps Department, NAKRKEAL",NAKRKEAL,NA
"Registration and Stamps Department, Nidamanoor",Nidamanoor,NA
"Registration and Stamps Department, Ramannapet",Ramannapet,NA
"Registration and Stamps Department, Yadagirigutta",Yadagirigutta,NA
"Registration and Stamps Department,(Jogipet)Sangareddy",Sangareddy,NA
"Registration and Stamps Department,(SADASIVPET)Sangareddy",Sangareddy,NA
"Registration and Stamps Department,Adilabad",Adilabad,NA
"Registration and Stamps Department,BURGAMPAHAD",BURGAMPAHAD,NA
"Registration and Stamps Department,Choutuppal",Choutuppal,NA
"Registration and Stamps Department,Hyderabad",Hyderabad,NA
"Registration and Stamps Department,Hyderabad(South)",Hyderabad,NA
"Registration and Stamps Department,Ibrahimpatnam,Rangareddy",Ranga Reddy,NA
"Registration and Stamps Department,Karimnagar",Karimnagar,NA
"Registration and Stamps Department,KASHIPUR",KASHIPUR,NA
"Registration and Stamps Department,KOTHAGUDEM",Bhadradri Kothagudem,NA
"Registration and Stamps Department,KUSUMANCHI",KUSUMANCHI,NA
"Registration and Stamps Department,Nizamabad",Nizamabad,NA
"Registration and Stamps Department,O.B NALGONDA",Nalgonda,NA
"Registration and Stamps Department,SATHUPALLY",SATHUPALLY,NA
"Registration and Stamps Department,Serilingampally",Serilingampally,NA
"Registration and Stamps Department,SRO Achampet",SRO Achampet,NA
"Registration and Stamps Department,SRO Alampur",SRO Alampur,NA
"Registration and Stamps Department,SRO Armoor",SRO Armoor,NA
"Registration and Stamps Department,SRO Atmakur",SRO Atmakur,NA
"Registration and Stamps Department,SRO Banswada",SRO Banswada,NA
"Registration and Stamps Department,SRO Bheemgal",SRO Bheemgal,NA
"Registration and Stamps Department,SRO Bichkunda",SRO Bichkunda,NA
"Registration and Stamps Department,SRO Bodhan",SRO Bodhan,NA
"Registration and Stamps Department,SRO CHERIAL",SRO CHERIAL,NA
"Registration and Stamps Department,SRO Domakonda",SRO Domakonda,NA
"Registration and Stamps Department,SRO DUBBAK",SRO DUBBAK,NA
"Registration and Stamps Department,SRO Gadwal",SRO Gadwal,NA
"Registration and Stamps Department,SRO GAJWEL",SRO GAJWEL,NA
"Registration and Stamps Department,SRO HUSNABAD",SRO HUSNABAD,NA
"Registration and Stamps Department,SRO Jacherla",SRO Jacherla,NA
"Registration and Stamps Department,SRO Kalwakurthy",SRO Kalwakurthy,NA
"Registration and Stamps Department,SRO Kamareddy",Kamareddy,NA
"Registration and Stamps Department,SRO Kollapur",SRO Kollapur,NA
"Registration and Stamps Department,SRO Makthal",SRO Makthal,NA
"Registration and Stamps Department,SRO MEDAK",Medak,NA
"Registration and Stamps Department,SRO Nagarkurnool",Nagarkurnool,NA
"Registration and Stamps Department,SRO NARAYANKHED",SRO NARAYANKHED,NA
"Registration and Stamps Department,SRO Narayanpet",Narayanpet,NA
"Registration and Stamps Department,SRO NARSAPUR",SRO NARSAPUR,NA
"Registration and Stamps Department,SRO Nizamabad Rural",Nizamabad,NA
"Registration and Stamps Department,SRO RAMAYAMPET",SRO RAMAYAMPET,NA
"Registration and Stamps Department,SRO SANGAREDDY",Sangareddy,NA
"Registration and Stamps Department,SRO SIDDIPET",Siddipet,NA
"Registration and Stamps Department,SRO SIDDIPET RURAL",Siddipet,NA
"Registration and Stamps Department,SRO TOOPRAN",SRO TOOPRAN,NA
"Registration and Stamps Department,SRO Wanaparthy",Wanaparthy,NA
"Registration and Stamps Department,SRO Yellareddy",SRO Yellareddy,NA
"Registration and Stamps Department,SRO ZAHEERABAD",SRO ZAHEERABAD,NA
"Registration and Stamps Department,Suryapet",Suryapet,NA
"Renenue Department Sircilla, Rajanna Sircilla",Rajanna Sircilla,NA
Revenue Bhupalpally,Jayashankar Bhupalapally,NA
"Revenue Dartment Tahsildar office, Bibipet",Bibipet,NA
"Revenue Department (Commercial Tax), Jangaon",Jangaon,NA
"Revenue Department (Land Administration),Azad Nagar",Azad Nagar,NA
"Revenue Department (Land Administration),Venkatapur",Venkatapur,NA
Revenue Department (Land Administration)Wazeedu,Wazeedu,NA
"Revenue Department , Bheemaram",Bheemaram,NA
"Revenue Department , Farooqnagar Mandal",Farooqnagar Mandal,NA
"Revenue Department , Jagtial",Jagtial,NA
"Revenue Department , Jaipur",Jaipur,NA
"Revenue Department , Mancherial",Mancherial,NA
"Revenue Department , Naspur",Naspur,NA
"Revenue Department ,B.R.A PCSSP Rajanna Sircilla",Rajanna Sircilla,NA
"Revenue Department ,Boinpalli Rajanna Sircilla",Rajanna Sircilla,NA
"Revenue Department ,Charla",Charla,NA
"Revenue Department ,Chennur",Chennur,NA
"Revenue Department ,Dammapeta",Dammapeta,NA
"Revenue Department ,Dandepally",Dandepally,NA
"Revenue Department ,Hajipur",Hajipur,NA
"Revenue Department ,Kanthanapally",Kanthanapally,NA
"Revenue Department ,Keesara",Keesara,NA
"Revenue Department ,Konaraopet Rajanna Sircilla",Rajanna Sircilla,NA
"Revenue Department ,Laxmidevipalli",Laxmidevipalli,NA
"Revenue Department ,Luxettipet",Luxettipet,NA
"Revenue Department ,Mancherial",Mancherial,NA
"Revenue Department ,Mulakalapally",Mulakalapally,NA
"Revenue Department ,Mustabad Rajanna Sircilla",Rajanna Sircilla,NA
"Revenue Department ,palavancha",palavancha,NA
"Revenue Department ,Rudrangi Rajanna Sircilla",Rajanna Sircilla,NA
"Revenue Department ,Tahsildar office Kothagudem",Bhadradri Kothagudem,NA
"Revenue Department ,Vemulawada Rural Rajanna Sircilla",Rajanna Sircilla,NA
"Revenue Department ,Vemulawada(U)Rajanna Sircilla",Rajanna Sircilla,NA
"Revenue Department ,Yellareddypet RajannaSircilla",Yellareddypet RajannaSircilla,NA
Revenue Department Asifabad,Asifabad,NA
Revenue Department Asifabad Division,Asifabad,NA
Revenue Department Bejjur Mandal,NA,Bejjur
Revenue Department Bhiknoor,Bhiknoor,NA
Revenue Department Bhongiri Division,Bhongiri,NA
Revenue Department Chandurth Rajanna Sircilla,Rajanna Sircilla,NA
Revenue Department Chinthalamanepally Mandal,NA,Chinthalamanepally
Revenue Department Ellanthakunta RajannaSircilla,Rajanna Sircilla,Ellanthakunta
Revenue Department Gambhiraopet Rajanna Sircilla,Rajanna Sircilla,Gambhiraopet
"Revenue Department GEETHA NAGAR, SIRICILLA",Rajanna Sircilla,GEETHA NAGAR
Revenue Department Jagtial,Jagtial,NA
Revenue Department Jainoor Mandal,NA,Jainoor
Revenue Department Jaipur,,NA
Revenue Department Kagaznagar Division,,NA
Revenue Department Kagaznagar Mandal,,NA
Revenue Department Kamareddy,Kamareddy,NA
Revenue Department Kerameri Mandal,,NA
Revenue Department Kotapally,,NA
Revenue Department Koutla Mandal,,NA
Revenue Department Lingapur Mandal,,NA
Revenue Department Mancherial,Mancherial,NA
Revenue Department Mandamarri,Mancherial,Mandamarri
Revenue Department Narwa Mandal,Narayanpet,Narwa
Revenue Department Palwancha,Bhadradri Kothagudem,Palwancha
REVENUE DEPARTMENT Parkal,Hanumakonda,Parkal
Revenue Department Penchikalpet Mandal,Kumuram Bheem Asifabad,Penchikalpet
Revenue Department Rebbena Mandal,Kumuram Bheem Asifabad,Rebbena
Revenue Department Sirpur-T Mandal,Kumuram Bheem Asifabad,Sirpur (T)
Revenue Department Sirpur-U Mandal,Kumuram Bheem Asifabad,Sirpur (U)
Revenue Department Sujathanagar,Bhadradri Kothagudem,Sujathanagar
Revenue Department Tiryani Mandal,Kumuram Bheem Asifabad,Tiryani
Revenue Department Veernapalli RajannaSircilla,Rajanna Sircilla,Veernapalli
Revenue Department Wankidi Mandal,Kumuram Bheem Asifabad,Wankidi
Revenue Department( Collectorate)Siddipet,Siddipet,NA
Revenue Department( Survey and Land Records) Hanumakonda,Hanamkonda,NA
"Revenue Department(Azad nagar),Mulugu",Mulugu,NA
Revenue Department(Collectorate) Asifabad,Asifabad,NA
"Revenue Department(Collectorate, Yadadri Bhuvanagiri)",Yadadri Bhuvanagiri,NA
"Revenue Department(IDOC Complex ),Hanumakonda",Hanamkonda,NA
Revenue Department(LA(Indutries)) Medchal-Malkajgiri District,Medchal,NA
Revenue Department(Registration and Stamps Department)yellandu,yellandu,NA
"Revenue Department(Registration and Stamps) Department,badrachalam",badrachalam,NA
Revenue Department(Registration and StampsDepartment)kothagudem,Bhadradri Kothagudem,NA
Revenue Department(SDC IPT & Railways)Khammam,Khammam,NA
"Revenue Department(SDC LA Unit, SCCL), Peddapalli",Peddapalli,NA
"Revenue Department(Survey and Land Records ),palwancha",palwancha,NA
"Revenue Department, Bellamapally",Bellamapally,NA
"Revenue Department, Bheemni",Bheemni,NA
"Revenue Department, Vemanapalli",Vemanapalli,NA
"Revenue Department, Devaruppula,Jangao",Jangao,NA
"Revenue Department, Falaknuma, Bandlaguda, Hyderabad",Hyderabad,NA
"Revenue Department, Kannepally",Kannepally,NA
"Revenue Department, Nennel",Nennel,NA
"Revenue Department, Tandur",Tandur,NA
"Revenue Department, Tharigoppula,Jangaon",Jangaon,NA
"Revenue Department, Addagudur",Addagudur,NA
"Revenue department, Addagutta, Marredpally",Marredpally,NA
"Revenue Department, Alladurg",Alladurg,NA
"Revenue Department, Alwal",Alwal,NA
"Revenue Department, Amangal Mandal",Amangal Mandal,NA
"Revenue Department, Amberpet,Hyderabad",Hyderabad,NA
"REVENUE DEPARTMENT, Ameenpur, Sangareddy",Sangareddy,NA
"Revenue Department, Ameerpet, Hyderabad",Hyderabad,NA
"REVENUE DEPARTMENT, ANDOLE, Sangareddy",Sangareddy,NA
"Revenue Department, Asifnagar, Hyderabad",Hyderabad,NA
"Revenue Department, Aswapuram",Aswapuram,NA
"Revenue Department, Aswaraopeta",Aswaraopeta,NA
"Revenue Department, Bachannapeta,Jangaon",Jangaon,NA
"Revenue Department, Bachupally Mandal",Bachupally Mandal,NA
"Revenue Department, Baghlingampally, Hyderabad",Hyderabad,NA
"Revenue Department, Bahadurpura Mandal, Hyderabad",Hyderabad,NA
"Revenue Department, Banjara Hills, Hyderabad",Hyderabad,NA
"Revenue Department, Basar",Basar,NA
"Revenue Department, Bellampally",Bellampally,NA
"Revenue Department, Bhadrachalam",Bhadrachalam,NA
"Revenue Department, Bhainsa",Bhainsa,NA
"Revenue Department, Bheemaram",Bheemaram,NA
"Revenue Department, Bhongir",Bhongir,NA
"Revenue Department, Birkur",Birkur,NA
"Revenue Department, Bowenpally, Secunderabad",Secunderabad,NA
"Revenue Department, Buggaram",Buggaram,NA
"Revenue Department, Burgampahad",Burgampahad,NA
"Revenue Department, Chandrugonda",Chandrugonda,NA
"Revenue Department, Chennaraopet",Chennaraopet,NA
"Revenue Department, Chevella Mandal",Chevella Mandal,NA
"Revenue Department, Chilipched",Chilipched,NA
"Revenue Department, Chilpur,Jangaon",Jangaon,NA
"Revenue Department, Choutuppal Division",Choutuppal Division,NA
"REVENUE DEPARTMENT, Chowtakur, Sangareddy",Sangareddy,NA
"Revenue Department, Collectorate, Kamareddy",Kamareddy,NA
"Revenue Department, Dabeerpura",Dabeerpura,NA
"Revenue Department, Damargidda",Damargidda,NA
"Revenue Department, Dasturabad",Dasturabad,NA
"Revenue Department, Dhanwada",Dhanwada,NA
"Revenue Department, Dharmasagar",Dharmasagar,NA
"Revenue Department, Dharoor",Dharoor,NA
"Revenue Department, Dilawarpur",Dilawarpur,NA
"Revenue Department, Dongli",Dongli,NA
"Revenue Department, Gadwal",Gadwal,NA
"Revenue Department, Gajwel",Gajwel,NA
"Revenue Department, Ghanpur (Stn),Jangaon",Jangaon,NA
"REVENUE DEPARTMENT, Gummadidala, Sangareddy",Sangareddy,NA
"Revenue Department, Gundala",Gundala,NA
"REVENUE DEPARTMENT, Hathnoora, Sangareddy",Sangareddy,NA
"Revenue Department, Indervally",Indervally,NA
"Revenue Department, Jangaon",Jangaon,NA
"Revenue Department, Jannaram",Jannaram,NA
"Revenue Department, Jayashankar Bhupalapally",Jayashankar Bhupalapally,NA
"REVENUE DEPARTMENT, Jharasangam, Sangareddy",Sangareddy,NA
"REVENUE DEPARTMENT, Jinnaram, Sangareddy",Sangareddy,NA
"REVENUE DEPARTMENT, Jogipet, Sangareddy",Sangareddy,NA
"REVENUE DEPARTMENT, kalher, Sangareddy",Sangareddy,NA
"Revenue Department, Kamareddy",Kamareddy,NA
"REVENUE DEPARTMENT, Kandi, Sangareddy",Sangareddy,NA
"REVENUE DEPARTMENT, Kangti, Sangareddy",Sangareddy,NA
"Revenue Department, Kapra",Kapra,NA
"Revenue Department, Karakagudem",Karakagudem,NA
"Revenue Department, kasipet",kasipet,NA
"Revenue Department, Keesara Division(Medchal-Malkajgiri)",Medchal,NA
"Revenue Department, Khaiaratabad",Khaiaratabad,NA
"Revenue Department, Kodakandla,Jangaon",Jangaon,NA
"REVENUE DEPARTMENT, KOHIR, Sangareddy",Sangareddy,NA
"REVENUE DEPARTMENT, Kondapur, Sangareddy",Sangareddy,NA
"Revenue Department, KT Doddi",KT Doddi,NA
"Revenue Department, Kukatpally",Kukatpally,NA
"Revenue Department, Lakdikapul Hyderabad",Hyderabad,NA
"Revenue Department, Lakidikapool Hyderabad",Hyderabad,NA
"Revenue Department, Langer House, Hyderabad",Hyderabad,NA
"Revenue Department, leeja",leeja,NA
"Revenue Department, Luxettipet",Luxettipet,NA
"Revenue Department, Madnoor",Madnoor,NA
"Revenue Department, Maldakal",Maldakal,NA
"Revenue Department, Malkajgiri",Malkajgiri,NA
"Revenue Department, Mancherial",Mancherial,NA
"Revenue Department, Mandamarri",Mandamarri,NA
"REVENUE DEPARTMENT, Manoor, Sangareddy",Sangareddy,NA
"REVENUE DEPARTMENT, Mogudampally, Sangareddy",Sangareddy,NA
"Revenue Department, Motakondur",Motakondur,NA
"Revenue Department, Mothkur",Mothkur,NA
"REVENUE DEPARTMENT, Munipally, Sangareddy",Sangareddy,NA
"Revenue Department, Musheerabad Tahsil, Lower Tank Bund hyderabad",Hyderabad,NA
"Revenue Department, Nadikuda Mandal",Nadikuda Mandal,NA
"REVENUE DEPARTMENT, Nagalgidda Town, Sangareddy",Sangareddy,NA
"Revenue Department, nagireddypet",nagireddypet,NA
"Revenue Department, Nampally Hyderabad",Hyderabad,NA
"Revenue Department, Nampally, Hyderabad",Hyderabad,NA
"REVENUE DEPARTMENT, Narayankhed, Sangareddy",Sangareddy,NA
"REVENUE DEPARTMENT, NARAYANKHED, Sangareddy",Sangareddy,NA
"Revenue Department, Narmetta,Jangaon",Jangaon,NA
"Revenue Department, Nasrullabad",Nasrullabad,NA
"REVENUE DEPARTMENT, Nizampet town, Sangareddy",Sangareddy,NA
"REVENUE DEPARTMENT, Nyalkal Village, Sangareddy",Sangareddy,NA
"Revenue Department, O/o. Revenue Divisional Office, Yellareddy",Yellareddy,NA
"Revenue Department, OLD URBAN VEMULAWADA Rajanna Sircilla",Rajanna Sircilla,NA
"Revenue Department, Padara, Nagarkurnool",Nagarkurnool,NA
"Revenue Department, Palakurthy,Jangaon",Jangaon,NA
"Revenue Department, Palvancha",Palvancha,NA
"REVENUE DEPARTMENT, Patancheru town, Sangareddy",Sangareddy,NA
"Revenue Department, Pinapaka",Pinapaka,NA
"Revenue Department, pitlam",pitlam,NA
"REVENUE DEPARTMENT, Pulkal, Sangareddy",Sangareddy,NA
"Revenue Department, Raghunathpally, Jangaon",Jangaon,NA
"REVENUE DEPARTMENT, Raikode, Sangareddy",Sangareddy,NA
"Revenue Department, Rajampet",Rajampet,NA
"Revenue Department, Rajendranagar Division",Rajendranagar Division,NA
"REVENUE DEPARTMENT, Sadasivpet, Sangareddy",Sangareddy,NA
"Revenue Department, saidabad , Hyderabad",Hyderabad,NA
"REVENUE DEPARTMENT, Sangareddy",Sangareddy,NA
"REVENUE DEPARTMENT, Sangareddy town, Sangareddy",Sangareddy,NA
"Revenue Department, Secunderabad, Hyderabad",Hyderabad,NA
"Revenue Department, Siddipet",Siddipet,NA
"REVENUE DEPARTMENT, Sirgapur, Sangareddy",Sangareddy,NA
"Revenue Department, Tekulapalli",Tekulapalli,NA
"Revenue Department, Thangallapalli Rajanna Sircilla",Rajanna Sircilla,NA
"Revenue Department, Undavelly",Undavelly,NA
"Revenue Department, Uppal",Uppal,NA
"Revenue Department, Utnoor",Utnoor,NA
"Revenue Department, Valigonda",Valigonda,NA
"Revenue Department, Vikarabad",Vikarabad,NA
"REVENUE DEPARTMENT, WATPALLE, Sangareddy",Sangareddy,NA
"Revenue Department, Yadagirigutta",Yadagirigutta,NA
"Revenue Department, Yellandu",Yellandu,NA
"Revenue Department, Zaffergadh,Jangaon",Jangaon,NA
"REVENUE DEPARTMENT, ZAHEERABAD Sangareddy",Sangareddy,NA
"Revenue Department,.Pochampally",.Pochampally,NA
"Revenue Department,Alair",Alair,NA
"Revenue Department,Alampur",Alampur,NA
"Revenue Department,Allapalli",Allapalli,NA
"Revenue Department,Annapureddipally",Annapureddipally,NA
"Revenue Department,Asifabad",Asifabad,NA
"Revenue Department,Athamkur",Athamkur,NA
"Revenue Department,Athmakur Mandal",Athmakur Mandal,NA
"Revenue Department,Balanagar",Balanagar,NA
"Revenue Department,Banswada",Banswada,NA
"Revenue Department,Bhadrachalam",Bhadrachalam,NA
"Revenue Department,Bheemdevarapally",Bheemdevarapally,NA
"Revenue Department,Bibinagar",Bibinagar,NA
"Revenue Department,Bichkunda",Bichkunda,NA
"Revenue Department,Bijinepally",Bijinepally,NA
"Revenue Department,BommalaRamaram",BommalaRamaram,NA
"Revenue Department,Chennur",Chennur,NA
"Revenue Department,Chinthalamanepally,Asifabad",Asifabad,NA
"Revenue Department,Choutuppal",Choutuppal,NA
"Revenue Department,Chunchupalli",Chunchupalli,NA
"Revenue Department,Dahegaon",Dahegaon,NA
"Revenue Department,Dandepally",Dandepally,NA
"Revenue Department,Domakonda",Domakonda,NA
"Revenue Department,Dummugudem",Dummugudem,NA
"Revenue Department,Elkathurthy Mandal",Elkathurthy Mandal,NA
"Revenue Department,Gadkesari(medchal)",Medchal,NA
"Revenue Department,Gandhari",Gandhari,NA
"Revenue Department,Gandimaisamma Dunidgal",Gandimaisamma Dunidgal,NA
"Revenue Department,Gattu",Gattu,NA
"Revenue Department,Ghanpur (Stn) Jangaon",Jangaon,NA
"Revenue Department,Gundala",Gundala,NA
"Revenue Department,Hajipur",Hajipur,NA
"Revenue Department,Hasanparthy mandal",Hasanparthy mandal,NA
"Revenue Department,Hyderabad",Hyderabad,NA
"Revenue Department,Inavole",Inavole,NA
"Revenue Department,Itikyal",Itikyal,NA
"Revenue Department,Jainoor",Jainoor,NA
"Revenue Department,Jannaram",Jannaram,NA
"Revenue Department,Jawaharnagar, Bhupalpally",Jayashankar Bhupalapally,NA
"Revenue Department,Jayashankar Bhupalpally",Jayashankar Bhupalapally,NA
"Revenue Department,Jogulamba Gadwal",Jogulamba Gadwal,NA
"Revenue Department,Jukkal",Jukkal,NA
"Revenue Department,julurupadu",julurupadu,NA
"Revenue Department,Kagaznagar",Kagaznagar,NA
"Revenue Department,Kalwakurhty",Kalwakurhty,NA
"Revenue Department,Kamalapur mandal",Kamalapur mandal,NA
"Revenue Department,Kazipet",Kazipet,NA
"Revenue Department,Kerameri",Kerameri,NA
"Revenue Department,Kollapur",Kollapur,NA
"Revenue Department,Kosgi",Kosgi,NA
"Revenue Department,Kotapally",Kotapally,NA
"Revenue Department,Kothur",Kothur,NA
"Revenue Department,Koutla",Koutla,NA
"Revenue Department,Kowdipally",Kowdipally,NA
"Revenue Department,Krishna",Krishna,NA
"Revenue Department,Kulcharam",Kulcharam,NA
"Revenue Department,Lingapur",Lingapur,NA
"Revenue Department,Machareddy",Machareddy,NA
"Revenue Department,makthal Mandal",makthal Mandal,NA
"Revenue Department,Malkajgiri",Malkajgiri,NA
"Revenue Department,Manopad",Manopad,NA
"Revenue Department,Manuguru",Manuguru,NA
"Revenue Department,Medak",Medak,NA
"Revenue Department,Medchal",Medchal,NA
"Revenue Department,Medipally",Medipally,NA
"Revenue Department,Muduchinthalapally",Muduchinthalapally,NA
"Revenue Department,Narayanapur",Narayanapur,NA
"Revenue Department,Naspur",Naspur,NA
"Revenue Department,Nizamabad",Nizamabad,NA
"Revenue Department,Palkonda, Mahabubnagar",Mahabubnagar,NA
"Revenue Department,paloncha",paloncha,NA
"Revenue Department,Penchikalpet",Penchikalpet,NA
"Revenue Department,Quthbullapur",Quthbullapur,NA
"Revenue Department,Rajapet",Rajapet,NA
"Revenue Department,Ramareddy",Ramareddy,NA
"Revenue Department,RDO Office Kothagudem",Bhadradri Kothagudem,NA
"Revenue Department,Rebbena",Rebbena,NA
"Revenue Department,Sadashivanagar",Sadashivanagar,NA
"Revenue Department,SDC Trible wlefare Bhadrachalam",SDC Trible wlefare Bhadrachalam,NA
"Revenue Department,Shamirpet",Shamirpet,NA
"Revenue Department,Shayampet",Shayampet,NA
"Revenue Department,Sirpur-T",Sirpur-T,NA
"Revenue Department,Sirpur-U",Sirpur-U,NA
"Revenue Department,Tadoor",Tadoor,NA
"Revenue Department,Tadwai",Tadwai,NA
"Revenue Department,Telkapally",Telkapally,NA
"Revenue Department,Thimmajipet",Thimmajipet,NA
"Revenue Department,Thorrur",Thorrur,NA
"Revenue Department,Thurkapally",Thurkapally,NA
"Revenue Department,Tiryani",Tiryani,NA
"Revenue Department,Toopran",Toopran,NA
"Revenue Department,Urkonda",Urkonda,NA
"Revenue Department,Utkoor Mandal",Utkoor Mandal,NA
"Revenue Department,Vangoor",Vangoor,NA
"Revenue Department,Velair Mandal",Velair Mandal,NA
"Revenue Department,Veldanda",Veldanda,NA
"Revenue Department,Waddepally",Waddepally,NA
"Revenue Department,Wankidi",Wankidi,NA
"Revenue Department,Yeldurthy",Yeldurthy,NA
"Revenue Department,Yerravally",Yerravally,NA
"Revenue Departmentr,Rayaparthy",Rayaparthy,NA
"Revenue Dept, Mavala",Mavala,NA
Revenue Divisional Offficer Karimnagar,Karimnagar,NA
Revenue Divisional Office Hanumakonda,Hanamkonda,NA
Revenue Divisional Office Kalwakurthy,,NA
Revenue Divisional Office Nagarkurnool,Nagarkurnool,NA
"Revenue Divisional Office, Karimnagar",Karimnagar,NA
"Revenue Divisional Office,Korutla",Korutla,NA
Revenue Divisional Officer Huzurabad,,NA
"Revenue( Endowemnts) Department, Kamareddy",Kamareddy,NA
"Revenue( Excise and Prohibition )Department,Medak",Medak,NA
"Revenue( Prohibition &Excise )Department,Naryanpet",Naryanpet,NA
Revenue(Collectorate) Mulugu,Mulugu,NA
"Revenue(Endowment)Department,Jangaon",Jangaon,NA
"Revenue(Endowments) Department, Karimnagar",Karimnagar,NA
"Revenue(Pro. & Excise) Department,Rangareddy",Ranga Reddy,NA
"Revenue(Prohibition & Excise)Department,Khammam",Khammam,NA
"Revenue(Prohibition & Excise)Department,Mancherial",Mancherial,NA
"Revenue(Registration and Stamps) Department,Azampura",Azampura,NA
"Revenue(Registration and Stamps) Department,Charminar",Charminar,NA
"Revenue(Registration and Stamps) Department,DoodhBowli",DoodhBowli,NA
"Revenue(Registration and Stamps) Department,Golconda",Golconda,NA
"Revenue(Registration and Stamps) Department,S.R.Nagar",S.R.Nagar,NA
"Roads & Building Dept, Errummanzil, Hyderabad",Hyderabad,NA
Roads & Buildings Department Balkampet,,NA
"Roads & Buildings Department,Jogulamba Gadwal",Jogulamba Gadwal,NA
Roads and Buildings Jagtial District,Jagtial,NA
Rural Development Agency(DRDA))Warangal,Warangal,NA
RURAL DEVELOPMENT JAYASHANKAR BHUPALAPALLY,Jayashankar Bhupalapally,NA
"SC Corporation Department,Medak",Medak,NA
SC Corporation Department.Mulugu,Mulugu,NA
"SC Development ,Mancherial",Mancherial,NA
SC Development Department(Govt. SC Boys Hostel) Basheerabad,Basheerabad,NA
SC Development Department(Govt. SC Boys Hostel) Doma,Doma,NA
SC Development Department(Govt. SC Boys Hostel) Karankote,Karankote,NA
SC Development Department(Govt. SC Boys Hostel) Kodangal,Kodangal,NA
SC Development Department(Govt. SC Boys Hostel) Marikal,Marikal,NA
SC Development Department(Govt. SC Boys Hostel) Mominpet,Mominpet,NA
SC Development Department(Govt. SC Boys Hostel) Nawabpet,Nawabpet,NA
SC Development Department(Govt. SC Boys Hostel) Patloor,Patloor,NA
SC Development Department(Govt. SC Boys Hostel) Pudur,Pudur,NA
SC Development Department(Govt. SC Boys Hostel) Siripura,Siripura,NA
SC Development Department(Govt. SC Boys Hostel) Tandur,Tandur,NA
SC Development Department(Govt. SC Boys Hostel) Yalal,Yalal,NA
"SC Development Department(Govt. SC Boys Hostel), Pargi",Pargi,NA
"SC Development Department(Govt. SC Boys Hostel, No. I) Karankote",No. I) Karankote,NA
"SC Development Department(Govt. SC Boys Hostel, No. II) Vikarabad",Vikarabad,NA
SC Development Department(Govt. SC College Boys Hostel) Vikarabad,Vikarabad,NA
SC Development Department(Govt. SC College Boys Hostel)Tandur,Tandur,NA
SC Development Department(Govt. SC Collegle Girls Hostel) Vikarabad,Vikarabad,NA
SC Development Department(Govt. SC Girls Hostel) Tandur,Tandur,NA
SC Development Department(Govt. SC Girls Hostel) Basheerabad,Basheerabad,NA
SC Development Department(Govt. SC Girls Hostel) Kodangal,Kodangal,NA
SC Development Department(Govt. SC Girls Hostel) Marpally,Marpally,NA
"SC Development Department(Govt. SC Girls Hostel), Pargi",Pargi,NA
"SC Development Department, Jangaon",Jangaon,NA
"SC Development Department, Tandur",Tandur,NA
"SC Development Department, Vikarabad",Vikarabad,NA
"SC Development Department,Kamareddy",Kamareddy,NA
"SC Development(TGSCCDC Ltd) Department,Adilabad",Adilabad,NA
"SC Development(TGSWRS/JC(B))Department, DAMARGIDDA",DAMARGIDDA,NA
"SC Development(TGSWRS/JC(G))Department, MADDUR",MADDUR,NA
"SC Development(TGSWRS/JC(G))Department, MAKTHAL",MAKTHAL,NA
"SC Development(TGSWRS/JC(G))Department, MARIKAL",MARIKAL,NA
"SC Development(TGSWRS/JC(G))Department, NARAYANPET",Narayanpet,NA
"SC Development(TGSWRS/JC(G))Department, UTKOOR",UTKOOR,NA
"SC. Development Department,Bhupalpally",Jayashankar Bhupalapally,NA
SC.Development Department( Social Welfare Officer (FAC)) Bhupalpally,Jayashankar Bhupalapally,NA
SC.Development Department(GOVT SC BOYS HOSTEL)CHITYAL,CHITYAL,NA
SC.Development Department(GOVT SC BOYS HOSTEL)MOGULLAPALLY,MOGULLAPALLY,NA
SC.Development Department(GOVT SC GIRLS HOSTEL )JOOKAL,JOOKAL,NA
SC.Development Department(GOVT SC GIRLS HOSTEL) REGONDA,REGONDA,NA
SC.Development Department(GOVT SC GIRLS HOSTEL)CHITYAL,CHITYAL,NA
SC.Development Department(GOVT SC GIRLS HOSTEL)MOGULLAPALLY,MOGULLAPALLY,NA
SC.Development Department(GOVT SC. BOYS HOSTEL) MAHADEVPUR,MAHADEVPUR,NA
SC.Development Department(GOVT SC. BOYS HOSTEL) JANGAID,JANGAID,NA
SC.Development Department(Govt. SC. COLLEGE BOYS HOSTEL) BHUPALPALLY,Jayashankar Bhupalapally,NA
SC.Development Department(Govt. SC. COLLEGE GIRLS HOSTEL) BHUPALPALLY,Jayashankar Bhupalapally,NA
SC.Development Department(Govt.SC. GIRLS HOSTEL)MAHADEVPUR,MAHADEVPUR,NA
Scheduled Caste (Govt.SC College Girls Hostel)Kalwakurthy,Kalwakurthy,NA
Scheduled Caste (GovtSCBH)Department,Department,NA
"Scheduled Caste Department(Govt.SCBH, B)Kalwakurthy",B)Kalwakurthy,NA
"Scheduled Caste Department,Kalwakurthy",Kalwakurthy,NA
Scheduled Caste Department,NA,NA
Scheduled Caste Development (Govt.SC Ananda Nilayam ( Boys),NA,NA
Scheduled Caste Development (Govt.SC College Boys Hostel )Achampet,Achampet,NA
Scheduled Caste Development (Govt.SC College Boys Hostel )Kalwakurthy,Kalwakurthy,NA
Scheduled Caste Development (Govt.SC College Boys Hostel)Nagarkurnool,Nagarkurnool,NA
Scheduled Caste Development (Govt.SC College Girls Hostel) Achampet),Achampet),NA
Scheduled Caste Development (Govt.SC College GirlsHostel)Nagarkurnool,Nagarkurnool,NA
"Scheduled Caste Development (Govt.SCBH- A)Department,Nagarkurnool",Nagarkurnool,NA
"Scheduled Caste Development (Govt.SCBH)Department,Balmoor",Balmoor,NA
"Scheduled Caste Development (Govt.SCBh)Department,Raghupathipet",Raghupathipet,NA
"Scheduled Caste Development (Govt.SCBH. C)Department,Nagarkurnool",Nagarkurnool,NA
"Scheduled Caste Development (Govt.SCBH. D)Department ,Nagarkurnool",Nagarkurnool,NA
"Scheduled Caste Development (GovtSCBH,)Department,Vangoor",Vangoor,NA
Scheduled Caste Development Department(Govt.SCBH) Tadoor,Tadoor,NA
"Scheduled Caste Development Department,Achampet",Achampet,NA
"Scheduled Caste Development Department,Amrabad",Amrabad,NA
"Scheduled Caste Development Department,Charakonda",Charakonda,NA
"Scheduled Caste Development Department,Govt.SCGH, Nagarkurnool",Nagarkurnool,NA
"Scheduled Caste Development Department,Jagtial",Jagtial,NA
"Scheduled Caste Development Department,Kalwakurthy",Kalwakurthy,NA
"Scheduled Caste Development Department,Kollapur",Kollapur,NA
"Scheduled Caste Development Department,Lingal",Lingal,NA
"Scheduled Caste Development Department,Mulugu",Mulugu,NA
"Scheduled Caste Development Department,Nagarkurnool",Nagarkurnool,NA
"Scheduled Caste Development Department,Palem",Palem,NA
"Scheduled Caste Development Department,Peddakothapally",Peddakothapally,NA
"Scheduled Caste Development Department,Pentlavally",Pentlavally,NA
"Scheduled Caste Development Department,Polkampally",Polkampally,NA
"Scheduled Caste Development Department,Telkapally",Telkapally,NA
"Scheduled Caste Development Department,Vankeshwaram",Vankeshwaram,NA
Scheduled Caste Development(TGSWREIS) MAHABUBNAGAR,Mahabubnagar,NA
"Scheduled Castes (Coordn) Department, Jogulamba Gadwal",Jogulamba Gadwal,NA
"Scheduled Castes Development (Coordn) Department, Nampally",Nampally,NA
"Scheduled Castes Development (Coordn) Department, Sangareddy",Sangareddy,NA
"School Education(Director of public Libraries)Depatment,Hyderabad",Hyderabad,NA
"School Education Department ,Medak",Medak,NA
School Education Department Jagtial,Jagtial,NA
"School Education Department, BACHANNAPET",BACHANNAPET,NA
"School Education Department, CHILPUR",CHILPUR,NA
"School Education Department, DEVARUPPULA",DEVARUPPULA,NA
"School Education Department, GHNAPUR STN",GHNAPUR STN,NA
"School Education Department, Jagtial",Jagtial,NA
"School Education Department, JANGAON",Jangaon,NA
"School Education Department, KODAKANDLA",KODAKANDLA,NA
"School Education Department, LINGALA GHANPUR",LINGALA GHANPUR,NA
"School Education Department, NARMETTA",NARMETTA,NA
"School Education Department, PALAKURTHY",PALAKURTHY,NA
"School Education Department, RAGHUNATHPALLY",RAGHUNATHPALLY,NA
"School Education Department, THARIGOPPULA",THARIGOPPULA,NA
"School Education Department, ZAFFERGADH",ZAFFERGADH,NA
"School Education Department,Bhupalpally",Jayashankar Bhupalapally,NA
"School Education Department,Hyderabad",Hyderabad,NA
"School Education Department,Jangaon",Jangaon,NA
"School Education(Adult Education)Department,Mancherial",Mancherial,NA
School Education(Library Office) Jangaon,Jangaon,NA
"School Education, Kamareddy",Kamareddy,NA
"School EDUCATION, MANCHERIAL",Mancherial,NA
"School Education,Eturnagaram",Eturnagaram,NA
"School Education,Govindraopet",Govindraopet,NA
"School Education,Kannaigudem",Kannaigudem,NA
"School Education,Mangapet",Mangapet,NA
"School Education,Mulugu",Mulugu,NA
"School Education,Nagarkurnool",Nagarkurnool,NA
"School Education,Tadvai",Tadvai,NA
"School Education,Venkatapur",Venkatapur,NA
"School Education,Venkatapuram",Venkatapuram,NA
"School Education,Wazeedu",Wazeedu,NA
Social Welfare (SEC),,NA
"Social Welfare Department, Jangaon",Jangaon,NA
Society for Elimination of Rural Poverty,,NA
State Audit Department,,NA
State Disaster Response and Fire Service Warangal,Warangal,NA
State Election Commission,,NA
State Finance Corporation,,NA
State Meat and Poultry Development Corporation,,NA
State Mineral Development Corporation,,NA
State Seeds Development Corporation,,NA
"Superintendent District Head Quarters Hospital, Jadcherla",Jadcherla,NA
Survey and Land Department Gadwal,,NA
"Survey and Land Department, Khammam",Khammam,NA
"Survey and Land Department, Anthaipally, Shamirpet",Shamirpet,NA
"Survey and Land Department, Hanumakonda",Hanamkonda,NA
"Survey and Land Department, Hyderabad",Hyderabad,NA
"Survey and Land Department, Kamareddy",Kamareddy,NA
"Survey and Land Department, Karimnagar",Karimnagar,NA
"Survey and Land Department, Medak",Medak,NA
"Survey and Land Department, Mulugu",Mulugu,NA
"Survey and Land Department, Nagarkurnool",Nagarkurnool,NA
"Survey and Land Department, Nalgonda",Nalgonda,NA
"Survey and Land Department, Narayanaguda Hyderabad",Hyderabad,NA
"Survey and Land Department, Narayanpet",Narayanpet,NA
"Survey and Land Department, Naspur,Mancherial",Mancherial,NA
"Survey and Land Department, Nizamabad",Nizamabad,NA
"Survey and Land Department, Peddapally",Peddapally,NA
"Survey and Land Department, Ranga Reddy",Ranga Reddy,NA
"Survey and Land Department, Sangareddy",Sangareddy,NA
"Survey and Land Department, Siddipet",Siddipet,NA
"Survey and Land Department, Sircilla",Sircilla,NA
"Survey and Land Department, Suryapet",Suryapet,NA
"Survey and Land Department, Vikarabad",Vikarabad,NA
"Survey and Land Department, Wanaparthy",Wanaparthy,NA
"Survey and Land Department, Yadadri",Yadadri,NA
"Survey and Land Department, Yellapally, Nirmal",Nirmal,NA
"Survey and Land Department,Gachibowli",Gachibowli,NA
"Survey and Land Department,Jangaon",Jangaon,NA
"Survey and Land Department,Jankapur, Kumrambheem Asifabad",Kumrambheem Asifabad,Janakpur
"Survey and Land Department,Mahabubabad",Mahabubabad,NA
"Survey and Land Department,Palvancha, Bhadradri kothagudem",Bhadradri Kothagudem,palvancha
"Survey and Land Department,Urban(Lakidikapool) Hyd",Urban(Lakidikapool) Hyd,Lakidapool
"Survey and Land Department,Vidyanagar, Adilabad",Adilabad,Vidyanagar
"Survey and Land Records,(Narayanguda)Hyderabad",Hyderabad,Narayanguda
Tahsidar Jammikunta,Karimnagar,Jammikunta
Tahsidar Kothapally,Karimnagar,Kothapally
"Tahsil Office, Lingala Ghanpur",Jangaon,Lingalaghanpur
Tahsildar Adilabad Urban Mandal,Adilabad,Adilabad Urban
Tahsildar Bazarhathnoor Mandal,Adilabad,Bazarhathnoor
Tahsildar Chigurumamidi,Karimnagar,Chigurumamidi
Tahsildar Choppadandi,Karimnagar,Choppadandi
Tahsildar Ellandakunta,Karimnagar,Ellandakunta
Tahsildar Gangadhara,Karimnagar,Gangadhara
Tahsildar Ganneruvaram,Karimnagar,Ganneruvaram
Tahsildar Huzurabad,Karimnagar,Huzurabad
Tahsildar Karimnagar Rural,Karimnagar,Karimnagar Rural
Tahsildar Karimnagar Urban,Karimnagar,Karimnagar Urban
Tahsildar Kollapur Office,Nagarkurnool,Kollapur
Tahsildar Mahabubnagar Office,Mahabubnagar,Mahabubnagar
Tahsildar Manakondur,Karimnagar,Manakondur
Tahsildar Nagarkurnool Office,Nagarkurnool,Nagarkurnool
Tahsildar Nereigonda Mandal,Nirmal,Neradigonda
Tahsildar Office Gadiguda,Adilabad,Gadiguda
Tahsildar Office Talamadugu,Adilabad,Talamadugu
"Tahsildar Office ,Komuravelly",Siddipet,Komuravelli
Tahsildar Office Adilabad,Adilabad,Adilabad
Tahsildar Office Bela,Adilabad,Bela
Tahsildar Office Bheempur,Adilabad,Bheempur
Tahsildar Office Bhoraj,Adilabad,Bhoraj
Tahsildar Office Boath,Adilabad,Boath
Tahsildar Office Gudihathnoor,Adilabad,Gudihathnoor
Tahsildar Office Ichoda,Adilabad,Ichoda
Tahsildar Office Jainath,Adilabad,Jainath
Tahsildar Office Narnoor,Adilabad,Narnoor
Tahsildar office Narsapur,Medak,Narsapur
Tahsildar Office Nizampet,Medak,Nizampet
Tahsildar Office Parkal,Hanumakonda,Parkal
Tahsildar Office Rural,Karimnagar,Rural
Tahsildar Office Sirikonda,Nizamabad,Sirikonda
Tahsildar Office Sonala,Adilabad,Sonala
Tahsildar Office Utnoor,Adilabad,Utnoor
"Tahsildar Office, Akbarpet-Bhoompally",Siddipet,Akbarpet-Bhoompally
"Tahsildar Office, Akkannapet",Siddipet,Akkannapet
"Tahsildar Office, Basheerabad",Vikarabad,Basheerabad
"Tahsildar Office, Bayyaram",Mahabubabad,Bayyaram
"Tahsildar Office, Bejjanki",Siddipet,Bejjanki
"Tahsildar Office, Bomraspet",Vikarabad,Bomraspet
"Tahsildar Office, Cherial",Siddipet,Cherial
"Tahsildar Office, Chinnakodur",Siddipet,Chinnakodur
"Tahsildar Office, Dhoolmitta",Siddipet,Dhoolmitta
"Tahsildar Office, Dornakal",Mahabubabad,Dornakal
"Tahsildar Office, Doulthabad",Vikarabad,Doulthabad
"Tahsildar Office, Dubbak",Siddipet,Dubbak
"Tahsildar Office, Dudyal",Siddipet,Dudyal
"Tahsildar Office, Duggondi",Hanumakonda,Duggondi
"Tahsildar Office, Gajwel",Siddipet,Gajwel
"Tahsildar Office, Gandipet Mandal",Ranga Reddy,Gandipet
"Tahsildar Office, Gundumal",Narayanpet,Gundumal
"Tahsildar Office, Hayathnagar",Medchal–Malkajgiri,Hayathnagar
"Tahsildar Office, Ibrahimpatnam",Ranga Reddy,Ibrahimpatnam
"Tahsildar Office, Ibrahimpatnam Division",Ranga Reddy,Ibrahimpatnam
"Tahsildar Office, Jagadevpur",Siddipet,Jagadevpur
"Tahsildar Office, Jilled Chowdergudem",Ranga Reddy,Chowdergudem
"Tahsildar Office, Kaddam",Nirmal,Kaddam
"Tahsildar Office, Kadthal Mandal",Ranga Reddy,Kadthal
"Tahsildar Office, Kandukur",Ranga Reddy,Kandukur
"Tahsildar Office, Kathalapur",Jagtial,Kathlapur
"Tahsildar Office, Keshampet Mandal",Ranga Reddy,Keshampet
"Tahsildar Office, Khanapur",Warangal,Khanapur
"Tahsildar Office, Khila Warangal",Hanumakonda,Khila Warangal
"Tahsildar Office, Kodangal",Vikarabad,Kodangal
"Tahsildar Office, Koheda",Siddipet,Koheda
"Tahsildar Office, Kondapaka Mandal",Siddipet,Kondapaka
"Tahsildar Office, Kondurgu Mandal",Ranga Reddy,Kondurgu
"Tahsildar Office, Kothapally Mandal",Karimnagar,Kothapally
"Tahsildar Office, Kubeer",Nirmal,Kubeer
"Tahsildar Office, Kukunoorpally",Siddipet,Kukunoorpally
"Tahsildar Office, Kuntala",Nirmal,Kuntala
"Tahsildar Office, Laxmanchanda",Nirmal,Laxmanchanda
"Tahsildar Office, Lingampet",Kamareddy,Lingampet
"Tahsildar Office, Lokeshwaram",Nirmal,Lokeshwaram
"Tahsildar Office, Maddur",Siddipet,Maddur
"Tahsildar Office, Maddur Mandal",Narayanpet,Maddur
"Tahsildar Office, Madgul Mandal",Vikarabad,Madgul
"Tahsildar Office, Maheshwaram",Ranga Reddy,Maheshwaram
"Tahsildar Office, Mallapur",Jagtial,Mallapur
"Tahsildar Office, Mamada",Nirmal,Mamada
"Tahsildar Office, Manchal",Medchal–Malkajgiri,Manchal
"Tahsildar Office, Manoharabad",Medak,Manoharabad
"Tahsildar Office, Marikal",Narayanpet,Marikal
"Tahsildar Office, Markook",Siddipet,Markook
"Tahsildar Office, Masiapet",Medak,Masiapet
"Tahsildar Office, Medipalli",Jagtial,Medipalli
"Tahsildar Office, Metpalli",Jagtial,Metpalli
"Tahsildar Office, Mirdoddi",Siddipet,Mirdoddi
"Tahsildar Office, Moinabad Mandal",Ranga Reddy,Moinabad
"Tahsildar Office, Mudhole",Nirmal,Mudhole
"Tahsildar Office, Mulugu",Mulugu,Mulugu
"Tahsildar Office, Nallabelly",Hanumakonda,Nallabelly
"Tahsildar Office, Nandigama Mandal",Ranga Reddy,Nandigama
"Tahsildar Office, Nangnoor",Siddipet,Nangnoor
"Tahsildar Office, Narayanaraopet",Siddipet,Narayanraopet
"Tahsildar Office, Narayanpet",Narayanpet,Narayanpet
"Tahsildar Office, Narsampet",Hanumakonda,Narsampet
"Tahsildar Office, Narsapur (G)",Medak,Narsapur (G)
"Tahsildar Office, Narsingi",Medak,Narsingi
"Tahsildar Office, Nekkonda",Hanumakonda,Nekkonda
"Tahsildar Office, Nirmal",Nirmal,Nirmal
"Tahsildar Office, Nirmal (U)",Nirmal,Nirmal Urban
"Tahsildar Office, Nirmal Rural",Nirmal,Nirmal Rural
"Tahsildar Office, Nizamsagar",Kamareddy,Nizamsagar
"Tahsildar Office, Parvathagiri",Hanumakonda,Parvathagiri
"Tahsildar Office, Peddemul",Vikarabad,Peddemul
"Tahsildar Office, Pembi",Nirmal,Pembi
"Tahsildar Office, Rajendranagar Mandal",Ranga Reddy,Rajendranagar
"Tahsildar Office, Ramayampet",Medak,Ramayampet
"Tahsildar Office, Regode",Medak,Regode
"Tahsildar Office, Sangem",Hanumakonda,Sangem
"Tahsildar Office, Sarangapur",Nirmal,Sarangapur
"Tahsildar Office, Saroornagar Mandal",Ranga Reddy,Saroornagar
"Tahsildar Office, Seerole",Mahabubabad,Seerole
"Tahsildar Office, Shabad Mandal",Ranga Reddy,Shabad
"Tahsildar Office, Shadnagar",Ranga Reddy,Shadnagar
"Tahsildar Office, Shankarampet-R",Medak,Shankarampet-R
"Tahsildar Office, Shankarpaly",Ranga Reddy,Shankarpally
"Tahsildar Office, Shivampet",Medak,Shivampet
"Tahsildar Office, Siddipet (Urban)",Siddipet,Siddipet Urban
"Tahsildar Office, Siddipet Rural",Siddipet,Siddipet Rural
"Tahsildar Office, Soan",Nirmal,Soan
"Tahsildar Office, Talakondapally Mandal",Ranga Reddy,Talakondapally
"Tahsildar Office, Tandur",Vikarabad,Tandur
"Tahsildar Office, Tanoor",Nirmal,Tanur
"Tahsildar Office, Thoguta",Siddipet,Thoguta
"Tahsildar Office, Toopran",Medak,Toopran
"Tahsildar Office, Vikarabad",Vikarabad,Vikarabad
"Tahsildar Office, Warangal",Hanumakonda,Warangal
"Tahsildar Office, warangal",Hanumakonda,Warangal
"Tahsildar Office, Wargal",Siddipet,Wargal
"Tahsildar Office, Yacharam Mandal",Ranga Reddy,Yacharam
"Tahsildar Office,Abdullapurmet Mandal",Rangareddy,Abdullapurmet
"Tahsildar Office,Balapur Mandal",Rangareddy,Balapur
"Tahsildar Office,Chegunta",Medak,Chegunta
"Tahsildar Office,Chevella Division",Ranga Reddy,Chevella
"Tahsildar Office,Chinnagudur",Mahabubabad,Chinnagudur
"Tahsildar Office,Gangaram",Mahabubabad,Gangaram
"Tahsildar Office,Gudur",Mahabubabad,Gudur
"Tahsildar Office,Inugurthy",Mahabubabad,Inugurthy
"Tahsildar Office,JAGTIAL",Jagtial,Jagtial
"Tahsildar Office,Kandukur",Ranga Reddy,Kandukur
"Tahsildar office,Kesamudram",Mahabubabad,Kesamudram
"Tahsildar Office,Kothaguda",Mahabubabad,Kothaguda
"Tahsildar Office,Kuravi",Mahabubabad,Kuravi
"Tahsildar Office,Mahabubabad",Mahabubabad,Mahabubabad
"Tahsildar Office,Maripeda",Mahabubabad,Maripeda
"Tahsildar Office,Narsimhulapet",Mahabubabad,Narsimhulapet
"Tahsildar Office,Nellikudur",Mahabubabad,Nellikudur
"Tahsildar Office,Pedda Kodapgal",Kamareddy,Pedda Kodapgal
"Tahsildar Office,Peddavangara",Mahabubabad,Peddavangara
"Tahsildar Office,Raipole",Siddipet,Raipole
"Tahsildar Office,Serilingampally Mandal",Rangareddy,Serilingampally
"Tahsildar Office,Shamshabad",Rangareddy,Shamshabad
"Tahsildar Office,Tekmal",Medak,Tekmal
"Tahsildar Office,Thorrur",Mahabubabad,Thorrur
"Tahsildar Office,Yalal",Vikarabad,Yalal
Tahsildar Ramadugu,Karimnagar,Ramadugu
Tahsildar Shankarapatnam,Karimnagar,Shankarapatnam
Tahsildar Thimmapur,Karimnagar,Thimmapur
"Tahsildar, Office,Garla",Mahabubabad,Garla
"Tahsildar, Sathnala Mandal",Adilabad,Sathnala
Tashildar korutla Office,Jagtial,Korutla
Telanagana State Khadi & Village Industries Board,NA,NA
"Telangan vaidya Vidhana parishad,Kothagudem",Bhadradri Kothagudem,NA
"Telangana Fire Service Department, badrachalam",badrachalam,NA
"Telangana Fire Service Department, badradri",badradri,NA
"Telangana Fire Service Department, yellandu",yellandu,NA
Telangana State AIDS Control Society,NA,NA
Telangana State Election Commission,NA,NA
Telangana State Electricity Regulatory Commission,NA,NA
Telangana State Human Rights Commission,NA,NA
Telangana State Information Commission,NA,NA
Telangana State Mineral Development Corporation Khairthabad,NA,NA
Telangana State Seed & Organic Certification Authority,NA,NA
Telangana State Tourism Development Corporation Limited,NA,NA
Telangana Vaidya vidhana parishad,NA,NA
Telangana Vaidya Vidhana Parishad (Head Quarters Hospital)Mahabubnagar,Mahabubnagar,NA
"Telangana Vaidya vidhana parishad ,yellandu",yellandu,NA
Telangana Vaidya Vidhana Parishad(Area Hospital)Jadcherla,Jadcherla,NA
"Telangana vaidya vidhana parishad, Mancherial",Mancherial,NA
"Telangana Vaidya Vidhana Parishad,Aswaraopeta",Aswaraopeta,NA
"Telangana Vaidya Vidhana Parishad,Bhadrachalam",Bhadrachalam,NA
"Telangana Vaidya Vidhana Parishad,Burgampahad",Burgampahad,NA
"Telangana Vaidya Vidhana Parishad,Manuguru",Manuguru,NA
Telangana Vidya Vidhana Parishad(Community Health Centre )Balanagar,Balanagar,NA
"TG Fire ServiceDept,DisasterResponse,Emergency&CivilDefence kothagudem",Bhadradri Kothagudem,NA
TGNPDCL-Electricity,,
"TGNPDCL-Electricity,Kothagudem",Bhadradri Kothagudem,NA
"TGNPDCL-Electricity,Laxmidevipally",Laxmidevipally,NA
"TGNPDCL-Electricity,Paloncha",Paloncha,NA
"TGSRTC ,DM ACHAMPET",DM ACHAMPET,NA
"TGSRTC ,DM ADILABAD",Adilabad,NA
"TGSRTC ,DM ARMOOR",DM ARMOOR,NA
"TGSRTC ,DM ASIFABAD",DM ASIFABAD,NA
"TGSRTC ,DM BANDLAGUDA",DM BANDLAGUDA,NA
"TGSRTC ,DM BHADRACHALAM",DM BHADRACHALAM,NA
"TGSRTC ,DM BHAINSA",DM BHAINSA,NA
"TGSRTC ,DM BHANSWADA",DM BHANSWADA,NA
"TGSRTC ,DM Bharkathpura",DM Bharkathpura,NA
"TGSRTC ,DM BHEL",DM BHEL,NA
"TGSRTC ,DM BHODHAN",DM BHODHAN,NA
"TGSRTC ,DM CONTONMENT",DM CONTONMENT,NA
"TGSRTC ,DM DEVARAKONDA",DM DEVARAKONDA,NA
"TGSRTC ,DM DILSUKHNAGAR",DM DILSUKHNAGAR,NA
"TGSRTC ,DM Falaknuma",DM Falaknuma,NA
"TGSRTC ,DM GADWAL",DM GADWAL,NA
"TGSRTC ,DM GAJWEL(GPP)",DM GAJWEL(GPP),NA
"TGSRTC ,DM GODAVARI KHANI,Peddapally",Peddapally,NA
"TGSRTC ,DM H.C.U",DM H.C.U,NA
"TGSRTC ,DM HAYATHNAGAR-I",DM HAYATHNAGAR-I,NA
"TGSRTC ,DM HAYATHNAGAR-II",DM HAYATHNAGAR-II,NA
"TGSRTC ,DM HUSNABAD,Siddipet",Siddipet,NA
"TGSRTC ,DM HUZURABAD,Kareemnagar",Kareemnagar,NA
"TGSRTC ,DM HYDERABAD-I",Hyderabad,NA
"TGSRTC ,DM HYDERABAD-II",Hyderabad,NA
"TGSRTC ,DM IBRAHIMPATNAM(BR)",DM IBRAHIMPATNAM(BR),NA
"TGSRTC ,DM JAGITYAL",DM JAGITYAL,NA
"TGSRTC ,DM JANAGAON",DM JANAGAON,NA
"TGSRTC ,DM JEEDIMETLA",DM JEEDIMETLA,NA
"TGSRTC ,DM KACHIGUDA",DM KACHIGUDA,NA
"TGSRTC ,DM KALWAKURTY",DM KALWAKURTY,NA
"TGSRTC ,DM KAMAREDDY",Kamareddy,NA
"TGSRTC ,DM KARIMNAGAR-I",Karimnagar,NA
"TGSRTC ,DM KARIMNAGAR-II",Karimnagar,NA
"TGSRTC ,DM KHAMMAM",Khammam,NA
"TGSRTC ,DM KODADA",DM KODADA,NA
"TGSRTC ,DM KOLLAPUR",DM KOLLAPUR,NA
"TGSRTC ,DM KORUTLA",DM KORUTLA,NA
"TGSRTC ,DM KOTHAGUDEM",Bhadradri Kothagudem,NA
"TGSRTC ,DM KUKATPALLY",DM KUKATPALLY,NA
"TGSRTC ,DM KUSHAIGUDA",DM KUSHAIGUDA,NA
"TGSRTC ,DM MADHIRA,Khammam",Khammam,NA
"TGSRTC ,DM MAHABOOBABAD",DM MAHABOOBABAD,NA
"TGSRTC ,DM MAHABOOBNAGAR",DM MAHABOOBNAGAR,NA
"TGSRTC ,DM MAHESWARAM",DM MAHESWARAM,NA
"TGSRTC ,DM MANCHERIAL",Mancherial,NA
"TGSRTC ,DM MANTHANI,Peddapally",Peddapally,NA
"TGSRTC ,DM MANUGURU,Kothagudem",Bhadradri Kothagudem,NA
"TGSRTC ,DM MEDAK",Medak,NA
"TGSRTC ,DM MEDCHAL",Medchal,NA
"TGSRTC ,DM Mehdipatnam",DM Mehdipatnam,NA
"TGSRTC ,DM METPALLY",DM METPALLY,NA
"TGSRTC ,DM MIDHANI",DM MIDHANI,NA
"TGSRTC ,DM MIRYALAGUDA",DM MIRYALAGUDA,NA
"TGSRTC ,DM MIYAPUR-II",DM MIYAPUR-II,NA
"TGSRTC ,DM Mushirabad-II",DM Mushirabad-II,NA
"TGSRTC ,DM NAGARKURNOOL",Nagarkurnool,NA
"TGSRTC ,DM NALGONDA",Nalgonda,NA
"TGSRTC ,DM NARASAMPET",DM NARASAMPET,NA
"TGSRTC ,DM NARAYANAPET",DM NARAYANAPET,NA
"TGSRTC ,DM NARAYANKED",DM NARAYANKED,NA
"TGSRTC ,DM NARKETPALLY",DM NARKETPALLY,NA
"TGSRTC ,DM Nirmal",Nirmal,NA
"TGSRTC ,DM NIZAMABAD-I",Nizamabad,NA
"TGSRTC ,DM NIZAMABAD-II",Nizamabad,NA
"TGSRTC ,DM PARAKAL",DM PARAKAL,NA
"TGSRTC ,DM PICKET",DM PICKET,NA
"TGSRTC ,DM RANIGUNJ-I",DM RANIGUNJ-I,NA
"TGSRTC ,DM SANGAREDDY",Sangareddy,NA
"TGSRTC ,DM SHADNAGAR",DM SHADNAGAR,NA
"TGSRTC ,DM SIRICILLA",Rajanna Sircilla,NA
"TGSRTC ,DM SURYAPET",Suryapet,NA
"TGSRTC ,DM TANDUR",DM TANDUR,NA
"TGSRTC ,DM TORRURU,Mahaboobabad",Mahaboobabad,NA
"TGSRTC ,DM UPPAL",DM UPPAL,NA
"TGSRTC ,DM VEMULAWADA",DM VEMULAWADA,NA
"TGSRTC ,DM VIKARABAD",Vikarabad,NA
"TGSRTC ,DM WANAPARTHY",Wanaparthy,NA
"TGSRTC ,DM WARANGAL-I",Warangal,NA
"TGSRTC ,DM WARANGAL-II",Warangal,NA
"TGSRTC ,DM YADAGIRIGUTTA",DM YADAGIRIGUTTA,NA
"TGSRTC ,DM ZAHEERABAD",DM ZAHEERABAD,NA
"TGSRTC ,DMHyderabad",Hyderabad,NA
"TGSRTC ,Karimnagar",Karimnagar,NA
"TGSRTC ,Rangareddy",Ranga Reddy,NA
"TGSRTC ,RM Medak",Medak,NA
"TGSRTC ,RM Adilabad",Adilabad,NA
"TGSRTC ,RM Karimnagar",Karimnagar,NA
"TGSRTC ,RM Mahabubanagar",RM Mahabubanagar,NA
"TGSRTC ,RM Nalgonda",Nalgonda,NA
"TGSRTC ,RM Nizamabad",Nizamabad,NA
"TGSRTC ,RM Office, JBS Secunderabad",JBS Secunderabad,NA
"TGSRTC ,RM Rangareddy",Ranga Reddy,NA
"TGSRTC ,SECUNDERABAD",SECUNDERABAD,NA
TGSRTC DM MIYAPUR-i,,NA
"TGSRTC DM SATHUPALLY,Khammam",Khammam,NA
"TGSRTC DM,BHUPALAPALLI",BHUPALAPALLI,NA
"TGSRTC RM,Hyderabad",Hyderabad,NA
"TGSRTC, DM HANAMAKONDA",DM HANAMAKONDA,NA
"TGSRTC, DM PARGI",DM PARGI,NA
"TGSRTC, Kamareddy",Kamareddy,NA
"TGSRTC, RM WARANGAL",Warangal,NA
"TGSRTC,DM HAKIMPET",DM HAKIMPET,NA
"TGSRTC,DM Rajendar nagar",DM Rajendar nagar,NA
"TGSRTC,DM SIDHIPET",DM SIDHIPET,NA
"TGSRTC,RM Khammam",Khammam,NA
"TGTRANSCO, Mettugadda, Mahaboobnagar",Mahaboobnagar,NA
"TGTRANSCO, Opp EFLU Osmania University, Hyderabad",Hyderabad,NA
Tourism and Culture,,
"TRANSPORT R&B DEPARTMENT,kothagudem",Bhadradri Kothagudem,NA
"Transport R&B Department, Jayashankar Bhupalpally",Jayashankar Bhupalapally,NA
"Transport R&B Department, Mahabubabad",Mahabubabad,NA
"Transport R&B Department, Warangal",Warangal,NA
"Transport R&B Department,Medchal",Medchal,NA
"Transport R&B Department,Mulugu",Mulugu,NA
"Transport R&B Department,Rangaraopally,Mulugu",Mulugu,NA
"Transport R&B Development, Kamareddy",Kamareddy,NA
"Transport R&B( National Highway)Department,Mulugu",Mulugu,NA
"Transport Roads & Buildings Department, Jagtial",Jagtial,NA
"Transport,R&B Dept(TELANGANA STATE ROAD TRANSPORT CORPORATION)khammam",Khammam,NA
"Transport,R&B Circle Mahabubnagar",Mahabubnagar,NA
"Transport,R&B Department, Jangaon",Jangaon,NA
"Transport,R&B Department, Mancherial",Mancherial,NA
"Transport,R&B Department, Medak",Medak,NA
"Transport,Road&BuildingsDepartment,Rajanna Siricilla District",Rajanna Sircilla,NA
"Transport,Roads and Buildings Department(Raparthi Nagar-2),Khammam",Khammam,NA
"Transport,Roads and Buildings Department(South Buildings Division),Hyd",Hyd,NA
"Transport,Roads and Buildings Department,Khammam",Khammam,NA
"Transport,Roads and Buildings Dept ,Mancherial",Mancherial,NA
"Transport,Roads& Buildings Department, Peddpalli",Peddapalli,NA
"Transport,Roads& Buildings(D.T.O)Department, PEDDAPALLI",Peddapalli,NA
"Transport,Roads& Buildings(UNIT OFFICE), RAMAGUNDAM, Peddapalli",Peddapalli,NA
"Transport,Roads&Buildings Departmen(National Higways) ,kothagudem",Bhadradri Kothagudem,NA
"Transport,Roads&Buildings Department,(R&B) Circle, Bhadradri",Bhadradri,NA
"Transport,Roads&Buildings Department,(R&B) Division, Kothagudem",Bhadradri Kothagudem,NA
"Transport,Roads&Buildings Department,Bhadrachalam",Bhadrachalam,NA
"Transport,Roads&Buildings(Housing)(TG Rajiv Swagruha Corp Ltd),Hyd",Hyd,NA
"Tribal Welfare (TGSWRS/JC) Department, Ramagundam, Peddapalli",Peddapalli,NA
"Tribal Welfare (TGSWRS/JC) Department,,Darmaram, Peddapalli",Peddapalli,NA
"Tribal Welfare Department, Hyderabad",Hyderabad,NA
"Tribal Welfare Department, Jangaon",Jangaon,NA
"Tribal Welfare Department, Mahabubnagar",Mahabubnagar,NA
"Tribal Welfare Department,Badrachalam",Badrachalam,NA
"Tribal Welfare Department,Ethurnagaram",Ethurnagaram,NA
"Tribal Welfare Department,Hyderabad",Hyderabad,NA
"Tribal Welfare Department,Khammam",Khammam,NA
"Tribal Welfare Department,Medak",Medak,NA
"Tribal Welfare Department,Mulugu",Mulugu,NA
"Tribal Welfare Development, Kamareddy",Kamareddy,NA
"Tribal Welfare Development, Mancherial",Mancherial,NA
Tribal Welfare,NA,NA
TS State Breweries Corporation,NA,NA
TS State Electricity Board,NA,NA
TS State Police Housing Corporation,NA,NA
"TSRTC, Jangaon",Jangaon,NA
"Veterinary and Animal Husbandry Depertment,Narayanpet",Narayanpet,NA
"Veterinary and Animal HusbandryDepartment Indriyala,Pochampally",Pochampally,NA
Veterinary and Animal HusbandryDepartment(Primary Veterinary Center) D,Yadadri Bhuvanagiri,Dattappaguda
Veterinary and Animal HusbandryDepartment(Primary Veterinary Center) K,Yadadri Bhuvanagiri,Kattangur
Veterinary and Animal HusbandryDepartment(Primary Veterinary Center) P,Yadadri Bhuvanagiri,Pochampally
Veterinary and Animal HusbandryDepartment(Primary Veterinary Center) R,Yadadri Bhuvanagiri,Ramannapet or Rajapet
Veterinary and Animal HusbandryDepartment(Primary Veterinary Center) S,Yadadri Bhuvanagiri,Sharajpet (Sharajpet/Sharajpet)
Veterinary and Animal HusbandryDepartment(Primary Veterinary Center) V,Yadadri Bhuvanagiri,Valigonda
Veterinary and Animal HusbandryDepartment(Primary Veterinary Center) W,Yadadri Bhuvanagiri,Wangapally area (uncertain)
Veterinary and Animal HusbandryDepartment(Primary Veterinary Center)Ad,Yadadri Bhuvanagiri,Addagudur
Veterinary and Animal HusbandryDepartment(Primary Veterinary Center)Gu,Yadadri Bhuvanagiri,Gundala
Veterinary and Animal HusbandryDepartment(Primary Veterinary Center)Ku,Yadadri Bhuvanagiri,Motakondur / a K-starting area (uncertain)
Veterinary and Animal HusbandryDepartment(Primary Veterinary Center)Ma,Yadadri Bhuvanagiri,Motakondur
Veterinary and Animal HusbandryDepartment(Primary Veterinary Center)Pu,Yadadri Bhuvanagiri,Puttur / a P-starting area (uncertain)
Veterinary and Animal HusbandryDepartment(Primary Veterinary Center)Ra,Yadadri Bhuvanagiri,Rajapet
Veterinary and Animal HusbandryDepartment(Primary Veterinary Center)Th,Yadadri Bhuvanagiri,Thurkapally
Veterinary and Animal HusbandryDepartment(Primary Veterinary Center)Ya,Yadadri Bhuvanagiri,Yadagirigutta
"Veterinary and Animal HusbandryDepartment, Yadadri Bhuvanagiri",Yadadri Bhuvanagiri,NA
"Veterinary and Animal HusbandryDepartment,Bhongiir",Bhongiir,NA
Veterinary and Animal HusbandryDept(Area Veterinary Hospital) Mothkur,Mothkur,NA
Veterinary and Animal HusbandryDept(AreaVeterinaryHospital )Ramannapet,Ramannapet,NA
Veterinary and Animal HusbandryDept(Primary Veterinary Center) Raigiri,Raigiri,NA
Veterinary and Animal HusbandryDept(Primary Veterinary Center)Alair,Alair,NA
Veterinary and Animal HusbandryDept(Primary Veterinary Center)Jalalpur,Jalalpur,NA
Veterinary and Animal HusbandryDept(Primary VeterinaryCenter)Bibinagar,Bibinagar,NA
Veterinary and Animal HusbandryDept(PrimaryVeterinaryCenter) Kakkireni,Kakkireni,NA
Veterinary and Animal HusbandryDept(PrimaryVeterinaryCenter)Choutuppal,Choutuppal,NA
Veterinary and Animal HusbandryDept(PrimaryVeterinaryCenter)Narayanpur,Narayanpur,NA
"Veterinary and Animal HusbandryDept(PrimaryVeterinaryCenter,Sharajpet)",Sharajpet),NA
"Veterinary and Animal HusbandryDept,Juloor,Pochampally mandal",Pochampally mandal,NA
"Veterinary and Animal HusbandryDept,Thummalguda,Ramannapet",Ramannapet,NA
Veterinary and AnimalHusbandryDept(PrimaryVeterinaryCenter)Bollepalli,Bollepalli,NA
Veterinary and AnimalHusbandryDept(PrimaryVeterinaryCenter)Peddakondur,Peddakondur,NA
VeterinaryandAnimalHusbandryDept(PrimaryVeterinaryCenter)BommlaRamaram,BommlaRamaram,NA
Weaker Section Housing Program,NA,NA
Women Children Disabled & Senior Citizens Department(WCD&SC),NA,NA
"Women Development & Child Welfare Department, Mulugu",Mulugu,NA
"Women Development & child welfare Department,,Yellareddy",Yellareddy,NA
"Women Development & child welfare Department,Banswada",Banswada,NA
"Women Development & child welfare Department,Domakonda",Domakonda,NA
"Women Development & child welfare Department,Kamareddy",Kamareddy,NA
"Women Development & child welfare Department,Madnoor",Madnoor,NA
"Women development and child welfare Department,palvancha",palvancha,NA
"Women Development Child Welfare Department,Peddapalli",Peddapalli,NA
"Women, Children Persons with Disabilities & Senior Citizens,Karimnagar",Karimnagar,NA
"Women, children,Disabled&Senior citizen Depertment,Narayanpet",Narayanpet,NA
"Youth Advancement Tourism&Culture Department,Hyderabad",Hyderabad,NA
Youth Advancement&Tourism Department(Tourism Govt. of Telangana)Hyd,Hyd,NA
"Youth Advancement,Tourism &Culture Department(Youth & Sports)Kamareddy",Kamareddy,NA
"Youth Advancement,Tourism &Culture Department(Youth & Sports)Mulugu",Mulugu,NA
"Youth Advancement,Tourism &Culture Department,Warangal",Warangal,NA
"Youth Advancement,Tourism&Culture Department,YADADRI-BHUVANAGIRI",YADADRI-BHUVANAGIRI,NA
"Zilla Praja Parishad, Jayashankar Bhupalpally",Jayashankar Bhupalapally,NA
